Srednie kursy EUR Narodowego Banku Polskiego,,,
,,,
Data,Kurs,Zmiana,Nazwa Tabeli
2024-04-04,4.2921,0,067/A/NBP/2024
2024-04-03,4.2923,-0.03,066/A/NBP/2024
2024-04-02,4.2934,-0.17,065/A/NBP/2024
2024-03-29,4.3009,-0.42,064/A/NBP/2024
2024-03-28,4.3191,0.09,063/A/NBP/2024
2024-03-27,4.3153,0.14,062/A/NBP/2024
2024-03-26,4.3093,0,061/A/NBP/2024
2024-03-25,4.3091,-0.22,060/A/NBP/2024
2024-03-22,4.3186,0.36,059/A/NBP/2024
2024-03-21,4.3031,-0.49,058/A/NBP/2024
2024-03-20,4.3242,0.09,057/A/NBP/2024
2024-03-19,4.3201,0.27,056/A/NBP/2024
2024-03-18,4.3086,0.37,055/A/NBP/2024
2024-03-15,4.2929,0.14,054/A/NBP/2024
2024-03-14,4.287,-0.06,053/A/NBP/2024
2024-03-13,4.2896,0.21,052/A/NBP/2024
2024-03-12,4.2804,-0.3,051/A/NBP/2024
2024-03-11,4.2933,-0.34,050/A/NBP/2024
2024-03-08,4.3079,0.08,049/A/NBP/2024
2024-03-07,4.3045,-0.14,048/A/NBP/2024
2024-03-06,4.3106,-0.28,047/A/NBP/2024
2024-03-05,4.3228,0.06,046/A/NBP/2024
2024-03-04,4.3201,0.06,045/A/NBP/2024
2024-03-01,4.3176,-0.03,044/A/NBP/2024
2024-02-29,4.319,0.17,043/A/NBP/2024
2024-02-28,4.3116,0.11,042/A/NBP/2024
2024-02-27,4.3067,-0.12,041/A/NBP/2024
2024-02-26,4.3117,-0.48,040/A/NBP/2024
2024-02-23,4.3326,0.29,039/A/NBP/2024
2024-02-22,4.3199,0.08,038/A/NBP/2024
2024-02-21,4.3163,-0.05,037/A/NBP/2024
2024-02-20,4.3186,-0.47,036/A/NBP/2024
2024-02-19,4.339,-0.06,035/A/NBP/2024
2024-02-16,4.3414,-0.11,034/A/NBP/2024
2024-02-15,4.3463,0.06,033/A/NBP/2024
2024-02-14,4.3435,0.51,032/A/NBP/2024
2024-02-13,4.3214,-0.15,031/A/NBP/2024
2024-02-12,4.328,0.26,030/A/NBP/2024
2024-02-09,4.3167,-0.65,029/A/NBP/2024
2024-02-08,4.3449,-0.04,028/A/NBP/2024
2024-02-07,4.3466,0.07,027/A/NBP/2024
2024-02-06,4.3435,0.36,026/A/NBP/2024
2024-02-05,4.3278,0.24,025/A/NBP/2024
2024-02-02,4.3173,-0.17,024/A/NBP/2024
2024-02-01,4.3247,-0.43,023/A/NBP/2024
2024-01-31,4.3434,-0.46,022/A/NBP/2024
2024-01-30,4.3634,-0.04,021/A/NBP/2024
2024-01-29,4.3653,-0.34,020/A/NBP/2024
2024-01-26,4.3802,0.03,019/A/NBP/2024
2024-01-25,4.379,0.08,018/A/NBP/2024
2024-01-24,4.3755,0.13,017/A/NBP/2024
2024-01-23,4.3697,0.31,016/A/NBP/2024
2024-01-22,4.356,-0.65,015/A/NBP/2024
2024-01-19,4.3846,-0.39,014/A/NBP/2024
2024-01-18,4.4016,0.09,013/A/NBP/2024
2024-01-17,4.3978,0.1,012/A/NBP/2024
2024-01-16,4.3934,0.43,011/A/NBP/2024
2024-01-15,4.3748,0.4,010/A/NBP/2024
2024-01-12,4.3574,0.16,009/A/NBP/2024
2024-01-11,4.3505,0.21,008/A/NBP/2024
2024-01-10,4.3413,0.14,007/A/NBP/2024
2024-01-09,4.3351,-0.45,006/A/NBP/2024
2024-01-08,4.3548,0.15,005/A/NBP/2024
2024-01-05,4.3484,-0.09,004/A/NBP/2024
2024-01-04,4.3525,-0.28,003/A/NBP/2024
2024-01-03,4.3646,0.49,002/A/NBP/2024
2024-01-02,4.3434,-0.11,001/A/NBP/2024
2023-12-29,4.348,0.2,251/A/NBP/2023
2023-12-28,4.3392,0.19,250/A/NBP/2023
2023-12-27,4.3311,0.05,249/A/NBP/2023
2023-12-22,4.3288,-0.23,248/A/NBP/2023
2023-12-21,4.3387,0.11,247/A/NBP/2023
2023-12-20,4.3341,0.05,246/A/NBP/2023
2023-12-19,4.3321,0.12,245/A/NBP/2023
2023-12-18,4.3269,0.39,244/A/NBP/2023
2023-12-15,4.3103,0.12,243/A/NBP/2023
2023-12-14,4.3053,-0.59,242/A/NBP/2023
2023-12-13,4.3309,-0.2,241/A/NBP/2023
2023-12-12,4.3396,0.07,240/A/NBP/2023
2023-12-11,4.3366,0.15,239/A/NBP/2023
2023-12-08,4.3303,-0.07,238/A/NBP/2023
2023-12-07,4.3334,-0.11,237/A/NBP/2023
2023-12-06,4.3382,0.34,236/A/NBP/2023
2023-12-05,4.3233,-0.24,235/A/NBP/2023
2023-12-04,4.3337,-0.36,234/A/NBP/2023
2023-12-01,4.3494,0,233/A/NBP/2023
2023-11-30,4.3492,0.38,232/A/NBP/2023
2023-11-29,4.3327,-0.49,231/A/NBP/2023
2023-11-28,4.3542,0,230/A/NBP/2023
2023-11-27,4.3543,-0.41,229/A/NBP/2023
2023-11-24,4.3722,0.15,228/A/NBP/2023
2023-11-23,4.3658,-0.33,227/A/NBP/2023
2023-11-22,4.3804,0.36,226/A/NBP/2023
2023-11-21,4.3647,-0.08,225/A/NBP/2023
2023-11-20,4.368,-0.2,224/A/NBP/2023
2023-11-17,4.3767,-0.2,223/A/NBP/2023
2023-11-16,4.3854,-0.1,222/A/NBP/2023
2023-11-15,4.39,-0.6,221/A/NBP/2023
2023-11-14,4.4163,-0.39,220/A/NBP/2023
2023-11-13,4.4336,0.25,219/A/NBP/2023
2023-11-10,4.4227,-0.42,218/A/NBP/2023
2023-11-09,4.4413,-0.38,217/A/NBP/2023
2023-11-08,4.4584,0.16,216/A/NBP/2023
2023-11-07,4.4513,-0.23,215/A/NBP/2023
2023-11-06,4.4615,0.1,214/A/NBP/2023
2023-11-03,4.4569,-0.03,213/A/NBP/2023
2023-11-02,4.4582,0.24,212/A/NBP/2023
2023-10-31,4.4475,-0.04,211/A/NBP/2023
2023-10-30,4.4491,-0.34,210/A/NBP/2023
2023-10-27,4.4642,-0.15,209/A/NBP/2023
2023-10-26,4.4708,-0.11,208/A/NBP/2023
2023-10-25,4.4758,0.35,207/A/NBP/2023
2023-10-24,4.4604,0.12,206/A/NBP/2023
2023-10-23,4.4552,-0.28,205/A/NBP/2023
2023-10-20,4.4675,0.33,204/A/NBP/2023
2023-10-19,4.4529,0.09,203/A/NBP/2023
2023-10-18,4.4488,0.22,202/A/NBP/2023
2023-10-17,4.4389,-0.93,201/A/NBP/2023
2023-10-16,4.4804,-1.35,200/A/NBP/2023
2023-10-13,4.5417,0.19,199/A/NBP/2023
2023-10-12,4.5329,0.32,198/A/NBP/2023
2023-10-11,4.5183,-0.87,197/A/NBP/2023
2023-10-10,4.5581,-0.46,196/A/NBP/2023
2023-10-09,4.5793,-0.45,195/A/NBP/2023
2023-10-06,4.5998,0.05,194/A/NBP/2023
2023-10-05,4.5974,-0.71,193/A/NBP/2023
2023-10-04,4.6303,0.34,192/A/NBP/2023
2023-10-03,4.6147,0.12,191/A/NBP/2023
2023-10-02,4.6091,-0.57,190/A/NBP/2023
2023-09-29,4.6356,0.03,189/A/NBP/2023
2023-09-28,4.634,0.6,188/A/NBP/2023
2023-09-27,4.6065,-0.03,187/A/NBP/2023
2023-09-26,4.6077,0.4,186/A/NBP/2023
2023-09-25,4.5892,-0.38,185/A/NBP/2023
2023-09-22,4.6069,-0.31,184/A/NBP/2023
2023-09-21,4.621,-0.69,183/A/NBP/2023
2023-09-20,4.6529,0.15,182/A/NBP/2023
2023-09-19,4.6458,0.17,181/A/NBP/2023
2023-09-18,4.6377,0.15,180/A/NBP/2023
2023-09-15,4.6307,0.05,179/A/NBP/2023
2023-09-14,4.6285,-0.25,178/A/NBP/2023
2023-09-13,4.6402,-0.93,177/A/NBP/2023
2023-09-12,4.6836,1.36,176/A/NBP/2023
2023-09-11,4.6209,0.41,175/A/NBP/2023
2023-09-08,4.6019,0.17,174/A/NBP/2023
2023-09-07,4.594,2.15,173/A/NBP/2023
2023-09-06,4.4974,0.47,172/A/NBP/2023
2023-09-05,4.4764,0.25,171/A/NBP/2023
2023-09-04,4.4653,-0.24,170/A/NBP/2023
2023-09-01,4.4762,0.17,169/A/NBP/2023
2023-08-31,4.4684,-0.13,168/A/NBP/2023
2023-08-30,4.474,0.11,167/A/NBP/2023
2023-08-29,4.469,-0.06,166/A/NBP/2023
2023-08-28,4.4716,0.09,165/A/NBP/2023
2023-08-25,4.4674,-0.13,164/A/NBP/2023
2023-08-24,4.473,-0.23,163/A/NBP/2023
2023-08-23,4.4834,0.42,162/A/NBP/2023
2023-08-22,4.4648,-0.27,161/A/NBP/2023
2023-08-21,4.4768,-0.23,160/A/NBP/2023
2023-08-18,4.4869,0.42,159/A/NBP/2023
2023-08-17,4.4681,0.13,158/A/NBP/2023
2023-08-16,4.4621,0.59,157/A/NBP/2023
2023-08-14,4.4361,-0.42,156/A/NBP/2023
2023-08-11,4.4547,-0.23,155/A/NBP/2023
2023-08-10,4.465,0.14,154/A/NBP/2023
2023-08-09,4.4586,0.48,153/A/NBP/2023
2023-08-08,4.4375,0.22,152/A/NBP/2023
2023-08-07,4.4279,-0.36,151/A/NBP/2023
2023-08-04,4.4438,-0.33,150/A/NBP/2023
2023-08-03,4.4585,0.23,149/A/NBP/2023
2023-08-02,4.4484,0.67,148/A/NBP/2023
2023-08-01,4.419,0.12,147/A/NBP/2023
2023-07-31,4.4135,-0.28,146/A/NBP/2023
2023-07-28,4.4257,0.07,145/A/NBP/2023
2023-07-27,4.4224,-0.05,144/A/NBP/2023
2023-07-26,4.4248,-0.23,143/A/NBP/2023
2023-07-25,4.4348,-0.38,142/A/NBP/2023
2023-07-24,4.4517,0.04,141/A/NBP/2023
2023-07-21,4.4501,-0.02,140/A/NBP/2023
2023-07-20,4.4511,0.04,139/A/NBP/2023
2023-07-19,4.4492,0.36,138/A/NBP/2023
2023-07-18,4.4331,-0.42,137/A/NBP/2023
2023-07-17,4.452,0.08,136/A/NBP/2023
2023-07-14,4.4486,0.34,135/A/NBP/2023
2023-07-13,4.4336,-0.3,134/A/NBP/2023
2023-07-12,4.4471,0.1,133/A/NBP/2023
2023-07-11,4.4426,-0.29,132/A/NBP/2023
2023-07-10,4.4553,-0.56,131/A/NBP/2023
2023-07-07,4.4803,0.11,130/A/NBP/2023
2023-07-06,4.4754,0.58,129/A/NBP/2023
2023-07-05,4.4498,0.51,128/A/NBP/2023
2023-07-04,4.4273,-0.11,127/A/NBP/2023
2023-07-03,4.4321,-0.41,126/A/NBP/2023
2023-06-30,4.4503,-0.15,125/A/NBP/2023
2023-06-29,4.4568,-0.07,124/A/NBP/2023
2023-06-28,4.46,0.71,123/A/NBP/2023
2023-06-27,4.4286,-0.02,122/A/NBP/2023
2023-06-26,4.4297,-0.16,121/A/NBP/2023
2023-06-23,4.4367,0.07,120/A/NBP/2023
2023-06-22,4.4335,-0.16,119/A/NBP/2023
2023-06-21,4.4408,0.05,118/A/NBP/2023
2023-06-20,4.4386,-0.16,117/A/NBP/2023
2023-06-19,4.4457,-0.28,116/A/NBP/2023
2023-06-16,4.4583,-0.11,115/A/NBP/2023
2023-06-15,4.4633,-0.18,114/A/NBP/2023
2023-06-14,4.4715,-0.15,113/A/NBP/2023
2023-06-13,4.4783,0.94,112/A/NBP/2023
2023-06-12,4.4366,-0.78,111/A/NBP/2023
2023-06-09,4.4717,-0.16,110/A/NBP/2023
2023-06-07,4.479,-0.25,109/A/NBP/2023
2023-06-06,4.4902,0.11,108/A/NBP/2023
2023-06-05,4.4851,-0.66,107/A/NBP/2023
2023-06-02,4.5148,-0.36,106/A/NBP/2023
2023-06-01,4.5312,-0.14,105/A/NBP/2023
2023-05-31,4.5376,0.34,104/A/NBP/2023
2023-05-30,4.522,-0.16,103/A/NBP/2023
2023-05-29,4.5294,0.11,102/A/NBP/2023
2023-05-26,4.5242,0.47,101/A/NBP/2023
2023-05-25,4.503,0.51,100/A/NBP/2023
2023-05-24,4.4803,-0.4,099/A/NBP/2023
2023-05-23,4.4981,-0.64,098/A/NBP/2023
2023-05-22,4.5269,-0.22,097/A/NBP/2023
2023-05-19,4.5367,0.03,096/A/NBP/2023
2023-05-18,4.5355,0.91,095/A/NBP/2023
2023-05-17,4.4945,0.09,094/A/NBP/2023
2023-05-16,4.4904,-0.43,093/A/NBP/2023
2023-05-15,4.5096,-0.77,092/A/NBP/2023
2023-05-12,4.5444,0.41,091/A/NBP/2023
2023-05-11,4.5259,-0.5,090/A/NBP/2023
2023-05-10,4.5488,-0.43,089/A/NBP/2023
2023-05-09,4.5683,0.03,088/A/NBP/2023
2023-05-08,4.5671,-0.47,087/A/NBP/2023
2023-05-05,4.5885,0.04,086/A/NBP/2023
2023-05-04,4.5868,-0.05,085/A/NBP/2023
2023-05-02,4.5892,0.01,084/A/NBP/2023
2023-04-28,4.5889,-0.06,083/A/NBP/2023
2023-04-27,4.5915,0.06,082/A/NBP/2023
2023-04-26,4.5887,-0.2,081/A/NBP/2023
2023-04-25,4.598,-0.32,080/A/NBP/2023
2023-04-24,4.6129,0.2,079/A/NBP/2023
2023-04-21,4.6039,-0.15,078/A/NBP/2023
2023-04-20,4.6109,-0.37,077/A/NBP/2023
2023-04-19,4.6278,-0.02,076/A/NBP/2023
2023-04-18,4.6286,-0.12,075/A/NBP/2023
2023-04-17,4.6341,-0.33,074/A/NBP/2023
2023-04-14,4.6494,-0.04,073/A/NBP/2023
2023-04-13,4.6511,-0.32,072/A/NBP/2023
2023-04-12,4.666,-0.32,071/A/NBP/2023
2023-04-11,4.681,-0.11,070/A/NBP/2023
2023-04-07,4.6862,-0.09,069/A/NBP/2023
2023-04-06,4.6902,0.21,068/A/NBP/2023
2023-04-05,4.6803,0.04,067/A/NBP/2023
2023-04-04,4.6785,-0.04,066/A/NBP/2023
2023-04-03,4.6805,0.11,065/A/NBP/2023
2023-03-31,4.6755,-0.1,064/A/NBP/2023
2023-03-30,4.6801,-0.1,063/A/NBP/2023
2023-03-29,4.685,0.07,062/A/NBP/2023
2023-03-28,4.6816,-0.09,061/A/NBP/2023
2023-03-27,4.6856,-0.12,060/A/NBP/2023
2023-03-24,4.6911,0.2,059/A/NBP/2023
2023-03-23,4.6817,-0.15,058/A/NBP/2023
2023-03-22,4.6888,-0.2,057/A/NBP/2023
2023-03-21,4.6981,-0.27,056/A/NBP/2023
2023-03-20,4.7109,0.1,055/A/NBP/2023
2023-03-17,4.7062,0.18,054/A/NBP/2023
2023-03-16,4.6978,-0.08,053/A/NBP/2023
2023-03-15,4.7015,0.23,052/A/NBP/2023
2023-03-14,4.6909,0.13,051/A/NBP/2023
2023-03-13,4.6848,0.02,050/A/NBP/2023
2023-03-10,4.6838,0,049/A/NBP/2023
2023-03-09,4.6836,-0.39,048/A/NBP/2023
2023-03-08,4.7018,0.31,047/A/NBP/2023
2023-03-07,4.6871,-0.43,046/A/NBP/2023
2023-03-06,4.7073,0.06,045/A/NBP/2023
2023-03-03,4.7046,0.63,044/A/NBP/2023
2023-03-02,4.675,-0.37,043/A/NBP/2023
2023-03-01,4.6925,-0.52,042/A/NBP/2023
2023-02-28,4.717,0.02,041/A/NBP/2023
2023-02-27,4.7162,-0.18,040/A/NBP/2023
2023-02-24,4.7245,-0.59,039/A/NBP/2023
2023-02-23,4.7525,-0.03,038/A/NBP/2023
2023-02-22,4.7538,0.15,037/A/NBP/2023
2023-02-21,4.7469,-0.15,036/A/NBP/2023
2023-02-20,4.7542,-0.43,035/A/NBP/2023
2023-02-17,4.7747,0.04,034/A/NBP/2023
2023-02-16,4.7728,0.28,033/A/NBP/2023
2023-02-15,4.7593,-0.53,032/A/NBP/2023
2023-02-14,4.7847,-0.1,031/A/NBP/2023
2023-02-13,4.7895,0.38,030/A/NBP/2023
2023-02-10,4.7716,0.75,029/A/NBP/2023
2023-02-09,4.7363,-0.08,028/A/NBP/2023
2023-02-08,4.7402,-0.16,027/A/NBP/2023
2023-02-07,4.7476,0.6,026/A/NBP/2023
2023-02-06,4.7195,0.59,025/A/NBP/2023
2023-02-03,4.692,-0.34,024/A/NBP/2023
2023-02-02,4.7079,0,023/A/NBP/2023
2023-02-01,4.708,-0.02,022/A/NBP/2023
2023-01-31,4.7089,-0.15,021/A/NBP/2023
2023-01-30,4.716,0.18,020/A/NBP/2023
2023-01-27,4.7076,-0.35,019/A/NBP/2023
2023-01-26,4.7239,0.34,018/A/NBP/2023
2023-01-25,4.7079,0.01,017/A/NBP/2023
2023-01-24,4.7073,-0.24,016/A/NBP/2023
2023-01-23,4.7186,0.1,015/A/NBP/2023
2023-01-20,4.7137,0.18,014/A/NBP/2023
2023-01-19,4.7053,-0.08,013/A/NBP/2023
2023-01-18,4.7091,0.31,012/A/NBP/2023
2023-01-17,4.6946,-0.12,011/A/NBP/2023
2023-01-16,4.7004,0.19,010/A/NBP/2023
2023-01-13,4.6915,0.06,009/A/NBP/2023
2023-01-12,4.6888,0.04,008/A/NBP/2023
2023-01-11,4.6871,-0.23,007/A/NBP/2023
2023-01-10,4.6981,0.02,006/A/NBP/2023
2023-01-09,4.697,0.56,005/A/NBP/2023
2023-01-05,4.6709,0.04,004/A/NBP/2023
2023-01-04,4.6688,-0.24,003/A/NBP/2023
2023-01-03,4.68,0.03,002/A/NBP/2023
2023-01-02,4.6784,-0.25,001/A/NBP/2023
2022-12-30,4.6899,-0.15,252/A/NBP/2022
2022-12-29,4.6969,0.07,251/A/NBP/2022
2022-12-28,4.6938,0.82,250/A/NBP/2022
2022-12-27,4.6558,0.42,249/A/NBP/2022
2022-12-23,4.6364,-0.4,248/A/NBP/2022
2022-12-22,4.6551,-0.21,247/A/NBP/2022
2022-12-21,4.6648,-0.33,246/A/NBP/2022
2022-12-20,4.6804,-0.17,245/A/NBP/2022
2022-12-19,4.6886,-0.1,244/A/NBP/2022
2022-12-16,4.6934,0.19,243/A/NBP/2022
2022-12-15,4.6843,-0.09,242/A/NBP/2022
2022-12-14,4.6886,-0.13,241/A/NBP/2022
2022-12-13,4.6945,0.07,240/A/NBP/2022
2022-12-12,4.6912,0.19,239/A/NBP/2022
2022-12-09,4.6821,-0.33,238/A/NBP/2022
2022-12-08,4.6976,0.02,237/A/NBP/2022
2022-12-07,4.6968,-0.06,236/A/NBP/2022
2022-12-06,4.6995,0.21,235/A/NBP/2022
2022-12-05,4.6898,0.1,234/A/NBP/2022
2022-12-02,4.685,-0.09,233/A/NBP/2022
2022-12-01,4.6892,0.45,232/A/NBP/2022
2022-11-30,4.6684,-0.28,231/A/NBP/2022
2022-11-29,4.6813,-0.05,230/A/NBP/2022
2022-11-28,4.6835,-0.1,229/A/NBP/2022
2022-11-25,4.6884,-0.23,228/A/NBP/2022
2022-11-24,4.6993,0.07,227/A/NBP/2022
2022-11-23,4.6958,-0.25,226/A/NBP/2022
2022-11-22,4.7075,0.08,225/A/NBP/2022
2022-11-21,4.7035,-0.07,224/A/NBP/2022
2022-11-18,4.7067,0.06,223/A/NBP/2022
2022-11-17,4.7039,0.21,222/A/NBP/2022
2022-11-16,4.6942,-0.09,221/A/NBP/2022
2022-11-15,4.6985,0.41,220/A/NBP/2022
2022-11-14,4.6794,-0.75,219/A/NBP/2022
2022-11-10,4.7146,0.23,218/A/NBP/2022
2022-11-09,4.7037,0.27,217/A/NBP/2022
2022-11-08,4.6912,0.12,216/A/NBP/2022
2022-11-07,4.6858,-0.09,215/A/NBP/2022
2022-11-04,4.6898,-0.43,214/A/NBP/2022
2022-11-03,4.7101,0.13,213/A/NBP/2022
2022-11-02,4.7039,-0.11,212/A/NBP/2022
2022-10-31,4.7089,-0.23,211/A/NBP/2022
2022-10-28,4.7199,-0.64,210/A/NBP/2022
2022-10-27,4.7504,-0.46,209/A/NBP/2022
2022-10-26,4.7723,-0.17,208/A/NBP/2022
2022-10-25,4.7805,-0.13,207/A/NBP/2022
2022-10-24,4.7866,0.13,206/A/NBP/2022
2022-10-21,4.7804,-0.31,205/A/NBP/2022
2022-10-20,4.7955,-0.09,204/A/NBP/2022
2022-10-19,4.7997,-0.2,203/A/NBP/2022
2022-10-18,4.8092,-0.28,202/A/NBP/2022
2022-10-17,4.8229,-0.21,201/A/NBP/2022
2022-10-14,4.833,-0.28,200/A/NBP/2022
2022-10-13,4.8468,-0.14,199/A/NBP/2022
2022-10-12,4.8536,-0.36,198/A/NBP/2022
2022-10-11,4.8711,0.07,197/A/NBP/2022
2022-10-10,4.8677,0.15,196/A/NBP/2022
2022-10-07,4.8606,0.33,195/A/NBP/2022
2022-10-06,4.8445,0.66,194/A/NBP/2022
2022-10-05,4.8128,0.25,193/A/NBP/2022
2022-10-04,4.8007,-0.55,192/A/NBP/2022
2022-10-03,4.8272,-0.87,191/A/NBP/2022
2022-09-30,4.8698,0.13,190/A/NBP/2022
2022-09-29,4.8637,1.02,189/A/NBP/2022
2022-09-28,4.8147,1.12,188/A/NBP/2022
2022-09-27,4.7616,0.11,187/A/NBP/2022
2022-09-26,4.7566,-0.05,186/A/NBP/2022
2022-09-23,4.7591,-0.35,185/A/NBP/2022
2022-09-22,4.7758,0.65,184/A/NBP/2022
2022-09-21,4.7449,0.6,183/A/NBP/2022
2022-09-20,4.7165,0.05,182/A/NBP/2022
2022-09-19,4.7142,-0.07,181/A/NBP/2022
2022-09-16,4.7176,0.03,180/A/NBP/2022
2022-09-15,4.7164,-0.07,179/A/NBP/2022
2022-09-14,4.7195,0.24,178/A/NBP/2022
2022-09-13,4.7082,-0.07,177/A/NBP/2022
2022-09-12,4.7113,0.03,176/A/NBP/2022
2022-09-09,4.7098,-0.31,175/A/NBP/2022
2022-09-08,4.7244,0.23,174/A/NBP/2022
2022-09-07,4.7137,-0.07,173/A/NBP/2022
2022-09-06,4.7168,-0.2,172/A/NBP/2022
2022-09-05,4.7263,0.25,171/A/NBP/2022
2022-09-02,4.7144,0.02,170/A/NBP/2022
2022-09-01,4.7133,-0.28,169/A/NBP/2022
2022-08-31,4.7265,-0.13,168/A/NBP/2022
2022-08-30,4.7328,-0.42,167/A/NBP/2022
2022-08-29,4.7529,0.24,166/A/NBP/2022
2022-08-26,4.7413,-0.36,165/A/NBP/2022
2022-08-25,4.7584,-0.39,164/A/NBP/2022
2022-08-24,4.7772,0.14,163/A/NBP/2022
2022-08-23,4.7706,0.45,162/A/NBP/2022
2022-08-22,4.7493,0.03,161/A/NBP/2022
2022-08-19,4.748,0.5,160/A/NBP/2022
2022-08-18,4.7244,0.69,159/A/NBP/2022
2022-08-17,4.6921,-0.01,158/A/NBP/2022
2022-08-16,4.6928,0.2,157/A/NBP/2022
2022-08-12,4.6832,0.19,156/A/NBP/2022
2022-08-11,4.6745,-0.83,155/A/NBP/2022
2022-08-10,4.7138,0.25,154/A/NBP/2022
2022-08-09,4.7021,0.02,153/A/NBP/2022
2022-08-08,4.7013,-0.08,152/A/NBP/2022
2022-08-05,4.7053,-0.37,151/A/NBP/2022
2022-08-04,4.723,0.42,150/A/NBP/2022
2022-08-03,4.7032,-0.13,149/A/NBP/2022
2022-08-02,4.7092,-0.81,148/A/NBP/2022
2022-08-01,4.7475,0.16,147/A/NBP/2022
2022-07-29,4.7399,-1.2,146/A/NBP/2022
2022-07-28,4.7973,0.34,145/A/NBP/2022
2022-07-27,4.7811,1.33,144/A/NBP/2022
2022-07-26,4.7183,-0.03,143/A/NBP/2022
2022-07-25,4.7196,-0.94,142/A/NBP/2022
2022-07-22,4.7643,0.14,141/A/NBP/2022
2022-07-21,4.7578,-0.05,140/A/NBP/2022
2022-07-20,4.7603,-0.27,139/A/NBP/2022
2022-07-19,4.7731,-0.08,138/A/NBP/2022
2022-07-18,4.777,-0.72,137/A/NBP/2022
2022-07-15,4.8115,-0.53,136/A/NBP/2022
2022-07-14,4.8371,-0.06,135/A/NBP/2022
2022-07-13,4.8399,0.13,134/A/NBP/2022
2022-07-12,4.8337,0.75,133/A/NBP/2022
2022-07-11,4.7976,0.04,132/A/NBP/2022
2022-07-08,4.7958,-0.01,131/A/NBP/2022
2022-07-07,4.7965,0.05,130/A/NBP/2022
2022-07-06,4.7942,1.23,129/A/NBP/2022
2022-07-05,4.7358,0.76,128/A/NBP/2022
2022-07-04,4.7002,-0.37,127/A/NBP/2022
2022-07-01,4.7176,0.79,126/A/NBP/2022
2022-06-30,4.6806,-0.01,125/A/NBP/2022
2022-06-29,4.6809,-0.41,124/A/NBP/2022
2022-06-28,4.7004,0.08,123/A/NBP/2022
2022-06-27,4.6965,-0.27,122/A/NBP/2022
2022-06-24,4.7094,0,121/A/NBP/2022
2022-06-23,4.7096,1.09,120/A/NBP/2022
2022-06-22,4.659,0.28,119/A/NBP/2022
2022-06-21,4.646,-0.58,118/A/NBP/2022
2022-06-20,4.6731,-0.47,117/A/NBP/2022
2022-06-17,4.6951,0.66,116/A/NBP/2022
2022-06-15,4.6642,0.2,115/A/NBP/2022
2022-06-14,4.6548,0.51,114/A/NBP/2022
2022-06-13,4.6313,0.61,113/A/NBP/2022
2022-06-10,4.603,0.45,112/A/NBP/2022
2022-06-09,4.5826,0.02,111/A/NBP/2022
2022-06-08,4.5817,-0.08,110/A/NBP/2022
2022-06-07,4.5855,-3.64,109/A/NBP/2022
2022-06-06,4.588,-0.06,108/A/NBP/2022
2022-06-03,4.5908,0.07,107/A/NBP/2022
2022-06-02,4.5876,-0.03,106/A/NBP/2022
2022-06-01,4.5891,0.3,105/A/NBP/2022
2022-05-31,4.5756,-0.25,104/A/NBP/2022
2022-05-30,4.5869,-0.51,103/A/NBP/2022
2022-05-27,4.6102,-0.07,102/A/NBP/2022
2022-05-26,4.6135,0.39,101/A/NBP/2022
2022-05-25,4.5955,-0.33,100/A/NBP/2022
2022-05-24,4.6107,-0.56,099/A/NBP/2022
2022-05-23,4.6171,0.69,098/A/NBP/2022
2022-05-20,4.6366,-0.14,097/A/NBP/2022
2022-05-19,4.6429,-0.21,096/A/NBP/2022
2022-05-18,4.6528,-0.06,095/A/NBP/2022
2022-05-17,4.6558,-0.36,094/A/NBP/2022
2022-05-16,4.6724,0.1,093/A/NBP/2022
2022-05-13,4.6679,-0.35,092/A/NBP/2022
2022-05-12,4.6841,0.3,091/A/NBP/2022
2022-05-11,4.67,-0.13,090/A/NBP/2022
2022-05-10,4.6761,-0.63,089/A/NBP/2022
2022-05-09,4.7059,0.17,088/A/NBP/2022
2022-05-06,4.6979,0.69,087/A/NBP/2022
2022-05-05,4.6658,-0.25,086/A/NBP/2022
2022-05-04,4.6777,-0.06,085/A/NBP/2022
2022-05-02,4.6806,0.48,084/A/NBP/2022
2022-04-29,4.6582,-0.71,083/A/NBP/2022
2022-04-28,4.6915,-0.34,082/A/NBP/2022
2022-04-27,4.7076,1.39,081/A/NBP/2022
2022-04-26,4.6429,0.05,080/A/NBP/2022
2022-04-25,4.6405,0.09,079/A/NBP/2022
2022-04-22,4.6361,-0.35,078/A/NBP/2022
2022-04-21,4.6523,0.49,077/A/NBP/2022
2022-04-20,4.6295,-0.14,076/A/NBP/2022
2022-04-19,4.6361,-0.04,075/A/NBP/2022
2022-04-15,4.6378,-0.15,074/A/NBP/2022
2022-04-14,4.6447,-0.03,073/A/NBP/2022
2022-04-13,4.646,-0.36,072/A/NBP/2022
2022-04-12,4.6626,0.38,071/A/NBP/2022
2022-04-11,4.6451,0.1,070/A/NBP/2022
2022-04-08,4.6405,-0.16,069/A/NBP/2022
2022-04-07,4.6478,-0.13,068/A/NBP/2022
2022-04-06,4.6539,0.48,067/A/NBP/2022
2022-04-05,4.6317,-0.12,066/A/NBP/2022
2022-04-04,4.6373,-0.12,065/A/NBP/2022
2022-04-01,4.6428,-0.21,064/A/NBP/2022
2022-03-31,4.6525,0.04,063/A/NBP/2022
2022-03-30,4.6507,-1.35,062/A/NBP/2022
2022-03-29,4.7144,0.26,061/A/NBP/2022
2022-03-28,4.702,-0.93,060/A/NBP/2022
2022-03-25,4.7459,0.9,059/A/NBP/2022
2022-03-24,4.7589,3.07,058/A/NBP/2022
2022-03-23,4.7036,0.13,057/A/NBP/2022
2022-03-22,4.6975,0.1,056/A/NBP/2022
2022-03-21,4.693,-0.62,055/A/NBP/2022
2022-03-18,4.7221,0.74,054/A/NBP/2022
2022-03-17,4.6876,-0.38,053/A/NBP/2022
2022-03-16,4.7055,-0.54,052/A/NBP/2022
2022-03-15,4.7311,-0.32,051/A/NBP/2022
2022-03-14,4.7465,-0.96,050/A/NBP/2022
2022-03-11,4.7924,-0.19,049/A/NBP/2022
2022-03-10,4.8013,-0.86,048/A/NBP/2022
2022-03-09,4.8429,-1.41,047/A/NBP/2022
2022-03-08,4.9121,-1.06,046/A/NBP/2022
2022-03-07,4.9647,2.65,045/A/NBP/2022
2022-03-04,4.8363,0.9,044/A/NBP/2022
2022-03-03,4.7931,-0.12,043/A/NBP/2022
2022-03-02,4.7989,1.58,042/A/NBP/2022
2022-03-01,4.7241,0.71,041/A/NBP/2022
2022-02-28,4.6909,0.65,040/A/NBP/2022
2022-02-25,4.6608,0.7,039/A/NBP/2022
2022-02-24,4.6284,2.06,038/A/NBP/2022
2022-02-23,4.5352,-0.14,037/A/NBP/2022
2022-02-22,4.5416,0.49,036/A/NBP/2022
2022-02-21,4.5193,-0.14,035/A/NBP/2022
2022-02-18,4.5256,0.37,034/A/NBP/2022
2022-02-17,4.5088,0.38,033/A/NBP/2022
2022-02-16,4.4916,-0.39,032/A/NBP/2022
2022-02-15,4.5091,-1.43,031/A/NBP/2022
2022-02-14,4.5743,1.28,030/A/NBP/2022
2022-02-11,4.5163,0.63,029/A/NBP/2022
2022-02-10,4.4879,-0.64,028/A/NBP/2022
2022-02-09,4.5167,-0.24,027/A/NBP/2022
2022-02-08,4.5274,-0.61,026/A/NBP/2022
2022-02-07,4.555,0.2,025/A/NBP/2022
2022-02-04,4.5459,0.04,024/A/NBP/2022
2022-02-03,4.5439,-0.13,023/A/NBP/2022
2022-02-02,4.55,-0.7,022/A/NBP/2022
2022-02-01,4.582,-0.35,021/A/NBP/2022
2022-01-31,4.5982,0.62,020/A/NBP/2022
2022-01-28,4.5697,-0.04,019/A/NBP/2022
2022-01-27,4.5713,-0.45,018/A/NBP/2022
2022-01-26,4.592,0.22,017/A/NBP/2022
2022-01-25,4.5821,1.02,016/A/NBP/2022
2022-01-24,4.5358,0.12,015/A/NBP/2022
2022-01-21,4.5303,0.23,014/A/NBP/2022
2022-01-20,4.5201,-0.17,013/A/NBP/2022
2022-01-19,4.5279,0.01,012/A/NBP/2022
2022-01-18,4.5275,0.16,011/A/NBP/2022
2022-01-17,4.5201,-0.38,010/A/NBP/2022
2022-01-14,4.5372,0.23,009/A/NBP/2022
2022-01-13,4.527,-0.14,008/A/NBP/2022
2022-01-12,4.5332,-0.27,007/A/NBP/2022
2022-01-11,4.5454,0.17,006/A/NBP/2022
2022-01-10,4.5377,-0.44,005/A/NBP/2022
2022-01-07,4.5576,-0.21,004/A/NBP/2022
2022-01-05,4.5672,-0.14,003/A/NBP/2022
2022-01-04,4.5737,-0.33,002/A/NBP/2022
2022-01-03,4.5889,-0.23,001/A/NBP/2022
2021-12-31,4.5994,0.17,254/A/NBP/2021
2021-12-30,4.5915,-0.18,253/A/NBP/2021
2021-12-29,4.5997,-0.07,252/A/NBP/2021
2021-12-28,4.6028,-0.46,251/A/NBP/2021
2021-12-27,4.6239,-0.03,250/A/NBP/2021
2021-12-24,4.6252,-0.23,249/A/NBP/2021
2021-12-23,4.6359,0.25,248/A/NBP/2021
2021-12-22,4.6244,0.01,247/A/NBP/2021
2021-12-21,4.6238,-0.31,246/A/NBP/2021
2021-12-20,4.6381,0.1,245/A/NBP/2021
2021-12-17,4.6334,0.04,244/A/NBP/2021
2021-12-16,4.6315,0.22,243/A/NBP/2021
2021-12-15,4.6214,-0.48,242/A/NBP/2021
2021-12-14,4.6436,0.5,241/A/NBP/2021
2021-12-13,4.6204,0.16,240/A/NBP/2021
2021-12-10,4.6129,-0.21,239/A/NBP/2021
2021-12-09,4.6226,0.62,238/A/NBP/2021
2021-12-08,4.5941,-0.11,237/A/NBP/2021
2021-12-07,4.5991,0.22,236/A/NBP/2021
2021-12-06,4.5889,-0.1,235/A/NBP/2021
2021-12-03,4.5934,-0.15,234/A/NBP/2021
2021-12-02,4.6002,-1.06,233/A/NBP/2021
2021-12-01,4.6494,-0.73,232/A/NBP/2021
2021-11-30,4.6834,-0.32,231/A/NBP/2021
2021-11-29,4.6982,-0.12,230/A/NBP/2021
2021-11-26,4.7038,0.75,229/A/NBP/2021
2021-11-25,4.6688,-0.26,228/A/NBP/2021
2021-11-24,4.6811,-0.76,227/A/NBP/2021
2021-11-23,4.7171,-0.08,226/A/NBP/2021
2021-11-22,4.721,0.78,225/A/NBP/2021
2021-11-19,4.6844,0.54,224/A/NBP/2021
2021-11-18,4.6592,-0.05,223/A/NBP/2021
2021-11-17,4.6614,-0.08,222/A/NBP/2021
2021-11-16,4.6652,0.62,221/A/NBP/2021
2021-11-15,4.6365,-0.1,220/A/NBP/2021
2021-11-12,4.6412,0.88,219/A/NBP/2021
2021-11-10,4.6007,0.14,218/A/NBP/2021
2021-11-09,4.5942,-0.02,217/A/NBP/2021
2021-11-08,4.595,-0.25,216/A/NBP/2021
2021-11-05,4.6065,0.17,215/A/NBP/2021
2021-11-04,4.5987,-0.03,214/A/NBP/2021
2021-11-03,4.6,-0.28,213/A/NBP/2021
2021-11-02,4.6129,-0.17,212/A/NBP/2021
2021-10-29,4.6208,-0.16,211/A/NBP/2021
2021-10-28,4.6284,0.26,210/A/NBP/2021
2021-10-27,4.6165,0.07,209/A/NBP/2021
2021-10-26,4.6134,0.25,208/A/NBP/2021
2021-10-25,4.6018,-0.12,207/A/NBP/2021
2021-10-22,4.6072,0.31,206/A/NBP/2021
2021-10-21,4.593,0.19,205/A/NBP/2021
2021-10-20,4.5841,0.27,204/A/NBP/2021
2021-10-19,4.5717,0,203/A/NBP/2021
2021-10-18,4.5715,-0.04,202/A/NBP/2021
2021-10-15,4.5733,-0.08,201/A/NBP/2021
2021-10-14,4.577,-0.08,200/A/NBP/2021
2021-10-13,4.5806,-0.12,199/A/NBP/2021
2021-10-12,4.5859,-0.57,198/A/NBP/2021
2021-10-11,4.612,0.36,197/A/NBP/2021
2021-10-08,4.5956,1.06,196/A/NBP/2021
2021-10-07,4.5472,-1.58,195/A/NBP/2021
2021-10-06,4.6203,0.37,194/A/NBP/2021
2021-10-05,4.6034,0.7,193/A/NBP/2021
2021-10-04,4.5716,-0.49,192/A/NBP/2021
2021-10-01,4.5941,-0.84,191/A/NBP/2021
2021-09-30,4.6329,0.09,190/A/NBP/2021
2021-09-29,4.6287,0.21,189/A/NBP/2021
2021-09-28,4.6192,0.61,188/A/NBP/2021
2021-09-27,4.5912,-0.38,187/A/NBP/2021
2021-09-24,4.6085,0.16,186/A/NBP/2021
2021-09-23,4.6012,-0.64,185/A/NBP/2021
2021-09-22,4.6308,0.33,184/A/NBP/2021
2021-09-21,4.6154,0.34,183/A/NBP/2021
2021-09-20,4.5999,0.46,182/A/NBP/2021
2021-09-17,4.5789,0.12,181/A/NBP/2021
2021-09-16,4.5736,0.51,180/A/NBP/2021
2021-09-15,4.5502,-0.13,179/A/NBP/2021
2021-09-14,4.5559,0.38,178/A/NBP/2021
2021-09-13,4.5386,-0.25,177/A/NBP/2021
2021-09-10,4.5499,0.41,176/A/NBP/2021
2021-09-09,4.5315,0.31,175/A/NBP/2021
2021-09-08,4.5175,-0.01,174/A/NBP/2021
2021-09-07,4.5181,0.1,173/A/NBP/2021
2021-09-06,4.5134,0.02,172/A/NBP/2021
2021-09-03,4.5124,0.13,171/A/NBP/2021
2021-09-02,4.5067,-0.26,170/A/NBP/2021
2021-09-01,4.5184,-0.42,169/A/NBP/2021
2021-08-31,4.5374,-0.69,168/A/NBP/2021
2021-08-30,4.5691,-0.24,167/A/NBP/2021
2021-08-27,4.5803,0.1,166/A/NBP/2021
2021-08-26,4.5758,0.17,165/A/NBP/2021
2021-08-25,4.5679,-0.37,164/A/NBP/2021
2021-08-24,4.5848,-0.06,163/A/NBP/2021
2021-08-23,4.5876,-0.01,162/A/NBP/2021
2021-08-20,4.588,0.08,161/A/NBP/2021
2021-08-19,4.5843,0.65,160/A/NBP/2021
2021-08-18,4.5547,-0.32,159/A/NBP/2021
2021-08-17,4.5691,0.09,158/A/NBP/2021
2021-08-16,4.5651,-0.15,157/A/NBP/2021
2021-08-13,4.5718,-0.4,156/A/NBP/2021
2021-08-12,4.59,0.1,155/A/NBP/2021
2021-08-11,4.5854,0.38,154/A/NBP/2021
2021-08-10,4.5681,-0.06,153/A/NBP/2021
2021-08-09,4.5709,0.47,152/A/NBP/2021
2021-08-06,4.5495,-0.13,151/A/NBP/2021
2021-08-05,4.5555,0.19,150/A/NBP/2021
2021-08-04,4.5468,-0.14,149/A/NBP/2021
2021-08-03,4.5533,-0.17,148/A/NBP/2021
2021-08-02,4.5611,-0.26,147/A/NBP/2021
2021-07-30,4.5731,-0.29,146/A/NBP/2021
2021-07-29,4.5866,-0.19,145/A/NBP/2021
2021-07-28,4.5955,0,144/A/NBP/2021
2021-07-27,4.5954,0.21,143/A/NBP/2021
2021-07-26,4.5858,0.24,142/A/NBP/2021
2021-07-23,4.5747,-0.06,141/A/NBP/2021
2021-07-22,4.5773,-0.46,140/A/NBP/2021
2021-07-21,4.5983,0,139/A/NBP/2021
2021-07-20,4.5983,0.23,138/A/NBP/2021
2021-07-19,4.5877,0.03,137/A/NBP/2021
2021-07-16,4.5865,0.19,136/A/NBP/2021
2021-07-15,4.5777,-0.28,135/A/NBP/2021
2021-07-14,4.5904,0.53,134/A/NBP/2021
2021-07-13,4.5662,0.23,133/A/NBP/2021
2021-07-12,4.5559,0.2,132/A/NBP/2021
2021-07-09,4.5467,0.12,131/A/NBP/2021
2021-07-08,4.5414,0.48,130/A/NBP/2021
2021-07-07,4.5197,0.36,129/A/NBP/2021
2021-07-06,4.5036,-0.1,128/A/NBP/2021
2021-07-05,4.5083,-0.38,127/A/NBP/2021
2021-07-02,4.5257,0.15,126/A/NBP/2021
2021-07-01,4.5187,-0.05,125/A/NBP/2021
2021-06-30,4.5208,0.19,124/A/NBP/2021
2021-06-29,4.5123,0.07,123/A/NBP/2021
2021-06-28,4.5092,0.02,122/A/NBP/2021
2021-06-25,4.5085,-0.48,121/A/NBP/2021
2021-06-24,4.5302,0.23,120/A/NBP/2021
2021-06-23,4.52,-0.37,119/A/NBP/2021
2021-06-22,4.5366,-0.17,118/A/NBP/2021
2021-06-21,4.5442,-0.13,117/A/NBP/2021
2021-06-18,4.5503,0.43,116/A/NBP/2021
2021-06-17,4.5309,0.05,115/A/NBP/2021
2021-06-16,4.5285,-0.05,114/A/NBP/2021
2021-06-15,4.5306,0.62,113/A/NBP/2021
2021-06-14,4.5027,0.68,112/A/NBP/2021
2021-06-11,4.4723,-0.17,111/A/NBP/2021
2021-06-10,4.48,0.58,110/A/NBP/2021
2021-06-09,4.4541,-0.3,109/A/NBP/2021
2021-06-08,4.4674,0.21,108/A/NBP/2021
2021-06-07,4.4581,-0.34,107/A/NBP/2021
2021-06-04,4.4734,0.18,106/A/NBP/2021
2021-06-02,4.4654,-0.21,105/A/NBP/2021
2021-06-01,4.4749,-0.12,104/A/NBP/2021
2021-05-31,4.4805,-0.09,103/A/NBP/2021
2021-05-28,4.4845,-0.3,102/A/NBP/2021
2021-05-27,4.498,0.15,101/A/NBP/2021
2021-05-26,4.4914,0.24,100/A/NBP/2021
2021-05-25,4.4806,-0.16,099/A/NBP/2021
2021-05-24,4.4877,-0.18,098/A/NBP/2021
2021-05-21,4.4958,-0.51,097/A/NBP/2021
2021-05-20,4.5189,-0.26,096/A/NBP/2021
2021-05-19,4.5306,0.08,095/A/NBP/2021
2021-05-18,4.5272,-0.06,094/A/NBP/2021
2021-05-17,4.5298,-0.04,093/A/NBP/2021
2021-05-14,4.5316,-0.29,092/A/NBP/2021
2021-05-13,4.5447,-0.01,091/A/NBP/2021
2021-05-12,4.5453,-0.38,090/A/NBP/2021
2021-05-11,4.5628,-0.01,089/A/NBP/2021
2021-05-10,4.5631,-0.29,088/A/NBP/2021
2021-05-07,4.5764,-0.14,087/A/NBP/2021
2021-05-06,4.5829,0.17,086/A/NBP/2021
2021-05-05,4.5752,0.47,085/A/NBP/2021
2021-05-04,4.5539,-0.25,084/A/NBP/2021
2021-04-30,4.5654,-0.28,083/A/NBP/2021
2021-04-29,4.5782,-0.06,082/A/NBP/2021
2021-04-28,4.5811,0.43,081/A/NBP/2021
2021-04-27,4.5613,0.11,080/A/NBP/2021
2021-04-26,4.5565,-0.18,079/A/NBP/2021
2021-04-23,4.5649,0.19,078/A/NBP/2021
2021-04-22,4.5562,-0.01,077/A/NBP/2021
2021-04-21,4.5567,0.06,076/A/NBP/2021
2021-04-20,4.5541,0.15,075/A/NBP/2021
2021-04-19,4.5474,-0.02,074/A/NBP/2021
2021-04-16,4.5481,-0.14,073/A/NBP/2021
2021-04-15,4.5546,-0.01,072/A/NBP/2021
2021-04-14,4.5552,-0.16,071/A/NBP/2021
2021-04-13,4.5627,0.66,070/A/NBP/2021
2021-04-12,4.533,-0.18,069/A/NBP/2021
2021-04-09,4.5414,-0.37,068/A/NBP/2021
2021-04-08,4.5581,-0.69,067/A/NBP/2021
2021-04-07,4.5897,-0.31,066/A/NBP/2021
2021-04-06,4.6041,0.24,065/A/NBP/2021
2021-04-02,4.5933,-0.66,064/A/NBP/2021
2021-04-01,4.6239,-0.78,063/A/NBP/2021
2021-03-31,4.6603,0.18,062/A/NBP/2021
2021-03-30,4.6519,-0.09,061/A/NBP/2021
2021-03-29,4.656,0.45,060/A/NBP/2021
2021-03-26,4.6353,-0.01,059/A/NBP/2021
2021-03-25,4.6358,0.18,058/A/NBP/2021
2021-03-24,4.6273,0.43,057/A/NBP/2021
2021-03-23,4.6073,-0.14,056/A/NBP/2021
2021-03-22,4.6138,-0.19,055/A/NBP/2021
2021-03-19,4.6226,0,054/A/NBP/2021
2021-03-18,4.6224,0.35,053/A/NBP/2021
2021-03-17,4.6065,0.25,052/A/NBP/2021
2021-03-16,4.5949,0.25,051/A/NBP/2021
2021-03-15,4.5836,-0.16,050/A/NBP/2021
2021-03-12,4.5909,0.23,049/A/NBP/2021
2021-03-11,4.5805,0.19,048/A/NBP/2021
2021-03-10,4.5718,-0.27,047/A/NBP/2021
2021-03-09,4.5844,-0.13,046/A/NBP/2021
2021-03-08,4.5903,0.24,045/A/NBP/2021
2021-03-05,4.5793,0.56,044/A/NBP/2021
2021-03-04,4.554,0.32,043/A/NBP/2021
2021-03-03,4.5393,0.11,042/A/NBP/2021
2021-03-02,4.5345,0.25,041/A/NBP/2021
2021-03-01,4.5231,0.12,040/A/NBP/2021
2021-02-26,4.5175,0.07,039/A/NBP/2021
2021-02-25,4.5143,-0.07,038/A/NBP/2021
2021-02-24,4.5176,0.18,037/A/NBP/2021
2021-02-23,4.5093,0.29,036/A/NBP/2021
2021-02-22,4.4963,0.16,035/A/NBP/2021
2021-02-19,4.4892,0.08,034/A/NBP/2021
2021-02-18,4.4857,-0.31,033/A/NBP/2021
2021-02-17,4.4998,0.24,032/A/NBP/2021
2021-02-16,4.4891,0.12,031/A/NBP/2021
2021-02-15,4.4836,-0.43,030/A/NBP/2021
2021-02-12,4.5029,0.01,029/A/NBP/2021
2021-02-11,4.5023,0.48,028/A/NBP/2021
2021-02-10,4.4809,0.08,027/A/NBP/2021
2021-02-09,4.4773,-0.21,026/A/NBP/2021
2021-02-08,4.4867,-0.25,025/A/NBP/2021
2021-02-05,4.4978,0.04,024/A/NBP/2021
2021-02-04,4.4958,0.12,023/A/NBP/2021
2021-02-03,4.4906,-0.26,022/A/NBP/2021
2021-02-02,4.5025,-0.25,021/A/NBP/2021
2021-02-01,4.5137,-0.55,020/A/NBP/2021
2021-01-29,4.5385,-0.21,019/A/NBP/2021
2021-01-28,4.5479,0.02,018/A/NBP/2021
2021-01-27,4.5468,-0.06,017/A/NBP/2021
2021-01-26,4.5497,0.13,016/A/NBP/2021
2021-01-25,4.5436,0.18,015/A/NBP/2021
2021-01-22,4.5354,0.1,014/A/NBP/2021
2021-01-21,4.531,0.16,013/A/NBP/2021
2021-01-20,4.5237,-0.23,012/A/NBP/2021
2021-01-19,4.5342,-0.29,011/A/NBP/2021
2021-01-18,4.5473,-0.02,010/A/NBP/2021
2021-01-15,4.548,0.16,009/A/NBP/2021
2021-01-14,4.5407,0.3,008/A/NBP/2021
2021-01-13,4.5272,0.1,007/A/NBP/2021
2021-01-12,4.5228,-0.21,006/A/NBP/2021
2021-01-11,4.5325,0.3,005/A/NBP/2021
2021-01-08,4.5189,0.48,004/A/NBP/2021
2021-01-07,4.4973,-1.04,003/A/NBP/2021
2021-01-05,4.5446,-0.09,002/A/NBP/2021
2021-01-04,4.5485,-1.44,001/A/NBP/2021
2020-12-31,4.6148,1.94,255/A/NBP/2020
2020-12-30,4.5272,0.49,254/A/NBP/2020
2020-12-29,4.5051,0.38,253/A/NBP/2020
2020-12-28,4.4879,-0.45,252/A/NBP/2020
2020-12-24,4.5084,0.14,251/A/NBP/2020
2020-12-23,4.5019,-0.11,250/A/NBP/2020
2020-12-22,4.5069,-0.18,249/A/NBP/2020
2020-12-21,4.5149,1.47,248/A/NBP/2020
2020-12-18,4.4493,0.33,247/A/NBP/2020
2020-12-17,4.4348,0,246/A/NBP/2020
2020-12-16,4.4347,-0.21,245/A/NBP/2020
2020-12-15,4.4441,0.02,244/A/NBP/2020
2020-12-14,4.4432,0.11,243/A/NBP/2020
2020-12-11,4.4385,0.25,242/A/NBP/2020
2020-12-10,4.4276,-0.39,241/A/NBP/2020
2020-12-09,4.4449,-0.71,240/A/NBP/2020
2020-12-08,4.4767,0.05,239/A/NBP/2020
2020-12-07,4.4745,0.03,238/A/NBP/2020
2020-12-04,4.4732,-0.13,237/A/NBP/2020
2020-12-03,4.4789,0.33,236/A/NBP/2020
2020-12-02,4.4642,-0.28,235/A/NBP/2020
2020-12-01,4.4769,-0.02,234/A/NBP/2020
2020-11-30,4.4779,-0.14,233/A/NBP/2020
2020-11-27,4.4843,0.23,232/A/NBP/2020
2020-11-26,4.4742,0.07,231/A/NBP/2020
2020-11-25,4.471,-0.01,230/A/NBP/2020
2020-11-24,4.4714,0.08,229/A/NBP/2020
2020-11-23,4.468,0,228/A/NBP/2020
2020-11-20,4.4679,-0.27,227/A/NBP/2020
2020-11-19,4.4799,0.16,226/A/NBP/2020
2020-11-18,4.4729,-0.5,225/A/NBP/2020
2020-11-17,4.4953,0.45,224/A/NBP/2020
2020-11-16,4.4753,-0.46,223/A/NBP/2020
2020-11-13,4.496,0.2,222/A/NBP/2020
2020-11-12,4.4868,-0.43,221/A/NBP/2020
2020-11-10,4.5063,0.43,220/A/NBP/2020
2020-11-09,4.487,-0.9,219/A/NBP/2020
2020-11-06,4.5277,0.1,218/A/NBP/2020
2020-11-05,4.5233,-0.66,217/A/NBP/2020
2020-11-04,4.5532,-0.37,216/A/NBP/2020
2020-11-03,4.5699,-0.76,215/A/NBP/2020
2020-11-02,4.6048,-0.3,214/A/NBP/2020
2020-10-30,4.6188,-0.31,213/A/NBP/2020
2020-10-29,4.633,0.31,212/A/NBP/2020
2020-10-28,4.6189,0.65,211/A/NBP/2020
2020-10-27,4.589,0.25,210/A/NBP/2020
2020-10-26,4.5774,0,209/A/NBP/2020
2020-10-23,4.5772,-0.23,208/A/NBP/2020
2020-10-22,4.5877,0.02,207/A/NBP/2020
2020-10-21,4.5869,0.01,206/A/NBP/2020
2020-10-20,4.5865,0.81,205/A/NBP/2020
2020-10-19,4.5498,-0.27,204/A/NBP/2020
2020-10-16,4.5621,0.17,203/A/NBP/2020
2020-10-15,4.5545,1.29,202/A/NBP/2020
2020-10-14,4.4963,0.51,201/A/NBP/2020
2020-10-13,4.4737,-0.14,200/A/NBP/2020
2020-10-12,4.4798,0.12,199/A/NBP/2020
2020-10-09,4.4745,-0.35,198/A/NBP/2020
2020-10-08,4.49,0.15,197/A/NBP/2020
2020-10-07,4.4832,-0.29,196/A/NBP/2020
2020-10-06,4.4961,0.04,195/A/NBP/2020
2020-10-05,4.4944,0.01,194/A/NBP/2020
2020-10-02,4.494,-0.47,193/A/NBP/2020
2020-10-01,4.5153,-0.25,192/A/NBP/2020
2020-09-30,4.5268,-1.23,191/A/NBP/2020
2020-09-29,4.5834,0.74,190/A/NBP/2020
2020-09-28,4.5497,0.04,189/A/NBP/2020
2020-09-25,4.5477,0.45,188/A/NBP/2020
2020-09-24,4.5272,0.73,187/A/NBP/2020
2020-09-23,4.4946,-0.24,186/A/NBP/2020
2020-09-22,4.5055,0.57,185/A/NBP/2020
2020-09-21,4.48,0.51,184/A/NBP/2020
2020-09-18,4.4574,0.13,183/A/NBP/2020
2020-09-17,4.4514,-0.03,182/A/NBP/2020
2020-09-16,4.4528,0.08,181/A/NBP/2020
2020-09-15,4.4492,0,180/A/NBP/2020
2020-09-14,4.449,-0.03,179/A/NBP/2020
2020-09-11,4.4504,0,178/A/NBP/2020
2020-09-10,4.4504,-0.1,177/A/NBP/2020
2020-09-09,4.455,0.2,176/A/NBP/2020
2020-09-08,4.4461,-0.24,175/A/NBP/2020
2020-09-07,4.457,0.14,174/A/NBP/2020
2020-09-04,4.4508,0.74,173/A/NBP/2020
2020-09-03,4.4181,0.19,172/A/NBP/2020
2020-09-02,4.4097,0.34,171/A/NBP/2020
2020-09-01,4.3946,-0.05,170/A/NBP/2020
2020-08-31,4.3969,-0.17,169/A/NBP/2020
2020-08-28,4.4043,-0.18,168/A/NBP/2020
2020-08-27,4.4124,0.21,167/A/NBP/2020
2020-08-26,4.4032,0.27,166/A/NBP/2020
2020-08-25,4.3915,-0.34,165/A/NBP/2020
2020-08-24,4.4064,0.37,164/A/NBP/2020
2020-08-21,4.3902,-0.2,163/A/NBP/2020
2020-08-20,4.3991,0.29,162/A/NBP/2020
2020-08-19,4.3864,-0.2,161/A/NBP/2020
2020-08-18,4.3953,0.14,160/A/NBP/2020
2020-08-17,4.3892,-0.22,159/A/NBP/2020
2020-08-14,4.3988,-0.05,158/A/NBP/2020
2020-08-13,4.4011,-0.25,157/A/NBP/2020
2020-08-12,4.4123,0.24,156/A/NBP/2020
2020-08-11,4.4016,-0.02,155/A/NBP/2020
2020-08-10,4.4023,-0.26,154/A/NBP/2020
2020-08-07,4.4139,0.09,153/A/NBP/2020
2020-08-06,4.4101,0.28,152/A/NBP/2020
2020-08-05,4.3979,-0.18,151/A/NBP/2020
2020-08-04,4.406,-0.24,150/A/NBP/2020
2020-08-03,4.4168,0.22,149/A/NBP/2020
2020-07-31,4.4072,-0.04,148/A/NBP/2020
2020-07-30,4.409,-0.24,147/A/NBP/2020
2020-07-29,4.4194,0.47,146/A/NBP/2020
2020-07-28,4.3987,-0.08,145/A/NBP/2020
2020-07-27,4.4023,-0.21,144/A/NBP/2020
2020-07-24,4.4117,0.02,143/A/NBP/2020
2020-07-23,4.4108,-0.66,142/A/NBP/2020
2020-07-22,4.4401,-0.04,141/A/NBP/2020
2020-07-21,4.4417,-0.6,140/A/NBP/2020
2020-07-20,4.4683,-0.32,139/A/NBP/2020
2020-07-17,4.4827,-0.19,138/A/NBP/2020
2020-07-16,4.4913,0.39,137/A/NBP/2020
2020-07-15,4.4738,-0.4,136/A/NBP/2020
2020-07-14,4.4916,0.38,135/A/NBP/2020
2020-07-13,4.4745,0,134/A/NBP/2020
2020-07-10,4.4745,0.02,133/A/NBP/2020
2020-07-09,4.4738,0,132/A/NBP/2020
2020-07-08,4.4739,0.06,131/A/NBP/2020
2020-07-07,4.471,0.03,130/A/NBP/2020
2020-07-06,4.4697,0.06,129/A/NBP/2020
2020-07-03,4.4671,0.03,128/A/NBP/2020
2020-07-02,4.4659,0.44,127/A/NBP/2020
2020-07-01,4.4465,-0.44,126/A/NBP/2020
2020-06-30,4.466,0.06,125/A/NBP/2020
2020-06-29,4.4631,0.03,124/A/NBP/2020
2020-06-26,4.4616,0.27,123/A/NBP/2020
2020-06-25,4.4495,-0.08,122/A/NBP/2020
2020-06-24,4.4532,0.33,121/A/NBP/2020
2020-06-23,4.4386,-0.31,120/A/NBP/2020
2020-06-22,4.4524,-0.11,119/A/NBP/2020
2020-06-19,4.4573,0.09,118/A/NBP/2020
2020-06-18,4.4534,0.07,117/A/NBP/2020
2020-06-17,4.4503,0.51,116/A/NBP/2020
2020-06-16,4.4278,-0.28,115/A/NBP/2020
2020-06-15,4.4403,-0.23,114/A/NBP/2020
2020-06-12,4.4506,-0.09,113/A/NBP/2020
2020-06-10,4.4544,0.24,112/A/NBP/2020
2020-06-09,4.4436,0.33,111/A/NBP/2020
2020-06-08,4.4291,-0.34,110/A/NBP/2020
2020-06-05,4.4443,0.22,109/A/NBP/2020
2020-06-04,4.4347,1.11,108/A/NBP/2020
2020-06-03,4.3859,-0.1,107/A/NBP/2020
2020-06-02,4.3902,-0.68,106/A/NBP/2020
2020-06-01,4.4202,-0.68,105/A/NBP/2020
2020-05-29,4.4503,0.54,104/A/NBP/2020
2020-05-28,4.4264,-0.26,103/A/NBP/2020
2020-05-27,4.4378,-0.94,102/A/NBP/2020
2020-05-26,4.48,-0.69,101/A/NBP/2020
2020-05-25,4.5111,-0.27,100/A/NBP/2020
2020-05-22,4.5234,-0.29,099/A/NBP/2020
2020-05-21,4.5365,-0.38,098/A/NBP/2020
2020-05-20,4.554,-0.15,097/A/NBP/2020
2020-05-19,4.561,-0.07,096/A/NBP/2020
2020-05-18,4.5644,0.2,095/A/NBP/2020
2020-05-15,4.5552,-0.31,094/A/NBP/2020
2020-05-14,4.5693,0.07,093/A/NBP/2020
2020-05-13,4.5661,0.25,092/A/NBP/2020
2020-05-12,4.5549,-0.05,091/A/NBP/2020
2020-05-11,4.5572,-0.01,090/A/NBP/2020
2020-05-08,4.5577,0.16,089/A/NBP/2020
2020-05-07,4.5505,0.25,088/A/NBP/2020
2020-05-06,4.539,-0.19,087/A/NBP/2020
2020-05-05,4.5476,-0.23,086/A/NBP/2020
2020-05-04,4.5582,0.35,085/A/NBP/2020
2020-04-30,4.5424,-0.02,084/A/NBP/2020
2020-04-29,4.5432,0.07,083/A/NBP/2020
2020-04-28,4.5399,0.35,082/A/NBP/2020
2020-04-27,4.524,-0.2,081/A/NBP/2020
2020-04-24,4.533,-0.25,080/A/NBP/2020
2020-04-23,4.5444,0.25,079/A/NBP/2020
2020-04-22,4.5329,0.12,078/A/NBP/2020
2020-04-21,4.5276,0.22,077/A/NBP/2020
2020-04-20,4.5175,-0.42,076/A/NBP/2020
2020-04-17,4.5367,0.09,075/A/NBP/2020
2020-04-16,4.5326,-0.14,074/A/NBP/2020
2020-04-15,4.5389,-0.27,073/A/NBP/2020
2020-04-14,4.5512,0.06,072/A/NBP/2020
2020-04-10,4.5484,0.25,071/A/NBP/2020
2020-04-09,4.537,0.02,070/A/NBP/2020
2020-04-08,4.5362,0.04,069/A/NBP/2020
2020-04-07,4.5342,-0.59,068/A/NBP/2020
2020-04-06,4.5612,-0.39,067/A/NBP/2020
2020-04-03,4.5792,0.05,066/A/NBP/2020
2020-04-02,4.5769,0.16,065/A/NBP/2020
2020-04-01,4.5694,0.38,064/A/NBP/2020
2020-03-31,4.5523,0.28,063/A/NBP/2020
2020-03-30,4.5395,0.33,062/A/NBP/2020
2020-03-27,4.5246,-1.56,061/A/NBP/2020
2020-03-26,4.5962,0.4,060/A/NBP/2020
2020-03-25,4.5779,-0.58,059/A/NBP/2020
2020-03-24,4.6044,1.04,058/A/NBP/2020
2020-03-23,4.5571,0.25,057/A/NBP/2020
2020-03-20,4.5459,-1,056/A/NBP/2020
2020-03-19,4.5917,2.48,055/A/NBP/2020
2020-03-18,4.4806,-0.18,054/A/NBP/2020
2020-03-17,4.4886,2.22,053/A/NBP/2020
2020-03-16,4.3911,0.67,052/A/NBP/2020
2020-03-13,4.3618,0.38,051/A/NBP/2020
2020-03-12,4.3451,0.66,050/A/NBP/2020
2020-03-11,4.3167,-0.08,049/A/NBP/2020
2020-03-10,4.32,0.06,048/A/NBP/2020
2020-03-09,4.3176,0,047/A/NBP/2020
2020-03-06,4.3178,0.43,046/A/NBP/2020
2020-03-05,4.2994,0,045/A/NBP/2020
2020-03-04,4.2993,-0.42,044/A/NBP/2020
2020-03-03,4.3173,-0.15,043/A/NBP/2020
2020-03-02,4.3237,-0.27,042/A/NBP/2020
2020-02-28,4.3355,0.59,041/A/NBP/2020
2020-02-27,4.31,0.02,040/A/NBP/2020
2020-02-26,4.3093,0.23,039/A/NBP/2020
2020-02-25,4.2996,-0.05,038/A/NBP/2020
2020-02-24,4.3017,0.43,037/A/NBP/2020
2020-02-21,4.2831,0.1,036/A/NBP/2020
2020-02-20,4.2789,0.13,035/A/NBP/2020
2020-02-19,4.2732,0.04,034/A/NBP/2020
2020-02-18,4.2714,0.5,033/A/NBP/2020
2020-02-17,4.2502,0.24,032/A/NBP/2020
2020-02-14,4.2402,-0.36,031/A/NBP/2020
2020-02-13,4.2557,-0.1,030/A/NBP/2020
2020-02-12,4.2599,-0.02,029/A/NBP/2020
2020-02-11,4.2609,-0.21,028/A/NBP/2020
2020-02-10,4.2699,0.08,027/A/NBP/2020
2020-02-07,4.2664,0.3,026/A/NBP/2020
2020-02-06,4.2535,-0.2,025/A/NBP/2020
2020-02-05,4.262,-0.58,024/A/NBP/2020
2020-02-04,4.2867,-0.39,023/A/NBP/2020
2020-02-03,4.3034,0.06,022/A/NBP/2020
2020-01-31,4.301,0.46,021/A/NBP/2020
2020-01-30,4.2813,0.11,020/A/NBP/2020
2020-01-29,4.2766,-0.07,019/A/NBP/2020
2020-01-28,4.2794,0.27,018/A/NBP/2020
2020-01-27,4.2679,0.51,017/A/NBP/2020
2020-01-24,4.2461,0,016/A/NBP/2020
2020-01-23,4.2463,0.22,015/A/NBP/2020
2020-01-22,4.237,-0.21,014/A/NBP/2020
2020-01-21,4.2459,0.03,013/A/NBP/2020
2020-01-20,4.2447,0.24,012/A/NBP/2020
2020-01-17,4.2344,-0.01,011/A/NBP/2020
2020-01-16,4.2348,0.16,010/A/NBP/2020
2020-01-15,4.2279,-0.1,009/A/NBP/2020
2020-01-14,4.2323,-0.07,008/A/NBP/2020
2020-01-13,4.2353,-0.27,007/A/NBP/2020
2020-01-10,4.2467,0.02,006/A/NBP/2020
2020-01-09,4.2459,-0.01,005/A/NBP/2020
2020-01-08,4.2465,0.28,004/A/NBP/2020
2020-01-07,4.2347,-0.52,003/A/NBP/2020
2020-01-03,4.2569,0,002/A/NBP/2020
2020-01-02,4.2571,-0.03,001/A/NBP/2020
2019-12-31,4.2585,-0.01,251/A/NBP/2019
2019-12-30,4.2588,-0.08,250/A/NBP/2019
2019-12-27,4.2624,0,249/A/NBP/2019
2019-12-24,4.2624,0.16,248/A/NBP/2019
2019-12-23,4.2554,-0.12,247/A/NBP/2019
2019-12-20,4.2604,-0.07,246/A/NBP/2019
2019-12-19,4.2632,-0.03,245/A/NBP/2019
2019-12-18,4.2644,0.09,244/A/NBP/2019
2019-12-17,4.2605,-0.13,243/A/NBP/2019
2019-12-16,4.2659,-0.21,242/A/NBP/2019
2019-12-13,4.2747,-0.23,241/A/NBP/2019
2019-12-12,4.2846,-0.01,240/A/NBP/2019
2019-12-11,4.2851,-0.07,239/A/NBP/2019
2019-12-10,4.288,0.12,238/A/NBP/2019
2019-12-09,4.283,0.26,237/A/NBP/2019
2019-12-06,4.2721,-0.13,236/A/NBP/2019
2019-12-05,4.2777,-0.04,235/A/NBP/2019
2019-12-04,4.2792,-0.25,234/A/NBP/2019
2019-12-03,4.29,-0.25,233/A/NBP/2019
2019-12-02,4.3008,-0.53,232/A/NBP/2019
2019-11-29,4.3236,0.01,231/A/NBP/2019
2019-11-28,4.323,0.29,230/A/NBP/2019
2019-11-27,4.3107,0.25,229/A/NBP/2019
2019-11-26,4.2999,0.02,228/A/NBP/2019
2019-11-25,4.299,0.03,227/A/NBP/2019
2019-11-22,4.2975,0.06,226/A/NBP/2019
2019-11-21,4.2948,0.07,225/A/NBP/2019
2019-11-20,4.2917,-0.03,224/A/NBP/2019
2019-11-19,4.2928,0.1,223/A/NBP/2019
2019-11-18,4.2884,0.18,222/A/NBP/2019
2019-11-15,4.2807,-0.25,221/A/NBP/2019
2019-11-14,4.2916,0.15,220/A/NBP/2019
2019-11-13,4.285,0.14,219/A/NBP/2019
2019-11-12,4.2788,0.35,218/A/NBP/2019
2019-11-08,4.2638,-0.04,217/A/NBP/2019
2019-11-07,4.2653,-0.1,216/A/NBP/2019
2019-11-06,4.2697,0.15,215/A/NBP/2019
2019-11-05,4.2631,0.22,214/A/NBP/2019
2019-11-04,4.2539,-0.18,213/A/NBP/2019
2019-10-31,4.2617,-0.09,212/A/NBP/2019
2019-10-30,4.2655,-0.24,211/A/NBP/2019
2019-10-29,4.2757,0.06,210/A/NBP/2019
2019-10-28,4.2732,-0.07,209/A/NBP/2019
2019-10-25,4.2762,-0.09,208/A/NBP/2019
2019-10-24,4.28,0.05,207/A/NBP/2019
2019-10-23,4.2778,-0.03,206/A/NBP/2019
2019-10-22,4.2792,0.04,205/A/NBP/2019
2019-10-21,4.2775,-0.16,204/A/NBP/2019
2019-10-18,4.2844,-0.01,203/A/NBP/2019
2019-10-17,4.2849,-0.28,202/A/NBP/2019
2019-10-16,4.297,0.05,201/A/NBP/2019
2019-10-15,4.2949,-0.05,200/A/NBP/2019
2019-10-14,4.2969,-0.3,199/A/NBP/2019
2019-10-11,4.3097,-0.28,198/A/NBP/2019
2019-10-10,4.3217,-0.09,197/A/NBP/2019
2019-10-09,4.3257,-0.12,196/A/NBP/2019
2019-10-08,4.331,0.01,195/A/NBP/2019
2019-10-07,4.3304,-0.02,194/A/NBP/2019
2019-10-04,4.3311,-0.38,193/A/NBP/2019
2019-10-03,4.3475,-0.71,192/A/NBP/2019
2019-10-02,4.3788,0.12,191/A/NBP/2019
2019-10-01,4.3734,0,190/A/NBP/2019
2019-09-30,4.3736,-0.3,189/A/NBP/2019
2019-09-27,4.3866,0.01,188/A/NBP/2019
2019-09-26,4.3861,0.04,187/A/NBP/2019
2019-09-25,4.3844,0.11,186/A/NBP/2019
2019-09-24,4.3796,-0.22,185/A/NBP/2019
2019-09-23,4.3891,1.04,184/A/NBP/2019
2019-09-20,4.3438,0.03,183/A/NBP/2019
2019-09-19,4.3425,0.01,182/A/NBP/2019
2019-09-18,4.3419,0.02,181/A/NBP/2019
2019-09-17,4.341,0.34,180/A/NBP/2019
2019-09-16,4.3262,-0.31,179/A/NBP/2019
2019-09-13,4.3396,-0.01,178/A/NBP/2019
2019-09-12,4.34,0.1,177/A/NBP/2019
2019-09-11,4.3357,0.02,176/A/NBP/2019
2019-09-10,4.335,-0.05,175/A/NBP/2019
2019-09-09,4.3373,-0.04,174/A/NBP/2019
2019-09-06,4.3392,-0.04,173/A/NBP/2019
2019-09-05,4.3409,0.06,172/A/NBP/2019
2019-09-04,4.3385,-0.65,171/A/NBP/2019
2019-09-03,4.3667,-0.05,170/A/NBP/2019
2019-09-02,4.3691,-0.35,169/A/NBP/2019
2019-08-30,4.3844,0,168/A/NBP/2019
2019-08-29,4.3845,-0.03,167/A/NBP/2019
2019-08-28,4.3857,0.4,166/A/NBP/2019
2019-08-27,4.3684,-0.08,165/A/NBP/2019
2019-08-26,4.3719,0.34,164/A/NBP/2019
2019-08-23,4.3572,-0.2,163/A/NBP/2019
2019-08-22,4.366,0.34,162/A/NBP/2019
2019-08-21,4.3513,-0.33,161/A/NBP/2019
2019-08-20,4.3656,0.31,160/A/NBP/2019
2019-08-19,4.3519,-0.06,159/A/NBP/2019
2019-08-16,4.3543,0.18,158/A/NBP/2019
2019-08-14,4.3463,0.31,157/A/NBP/2019
2019-08-13,4.3327,0.15,156/A/NBP/2019
2019-08-12,4.3262,0.09,155/A/NBP/2019
2019-08-09,4.3225,0.01,154/A/NBP/2019
2019-08-08,4.322,0.06,153/A/NBP/2019
2019-08-07,4.3194,0.23,152/A/NBP/2019
2019-08-06,4.3096,-0.2,151/A/NBP/2019
2019-08-05,4.3182,0.23,150/A/NBP/2019
2019-08-02,4.3085,0.36,149/A/NBP/2019
2019-08-01,4.2931,0.05,148/A/NBP/2019
2019-07-31,4.2911,0.01,147/A/NBP/2019
2019-07-30,4.2906,0.31,146/A/NBP/2019
2019-07-29,4.2773,0.3,145/A/NBP/2019
2019-07-26,4.2645,0.31,144/A/NBP/2019
2019-07-25,4.2514,-0.16,143/A/NBP/2019
2019-07-24,4.2581,0.21,142/A/NBP/2019
2019-07-23,4.2492,0.03,141/A/NBP/2019
2019-07-22,4.248,-0.26,140/A/NBP/2019
2019-07-19,4.2592,-0.1,139/A/NBP/2019
2019-07-18,4.2635,-0.02,138/A/NBP/2019
2019-07-17,4.2644,0.15,137/A/NBP/2019
2019-07-16,4.2582,-0.21,136/A/NBP/2019
2019-07-15,4.2673,0.01,135/A/NBP/2019
2019-07-12,4.2669,-0.03,134/A/NBP/2019
2019-07-11,4.2682,-0.11,133/A/NBP/2019
2019-07-10,4.2729,0.22,132/A/NBP/2019
2019-07-09,4.2637,0.28,131/A/NBP/2019
2019-07-08,4.2519,0.17,130/A/NBP/2019
2019-07-05,4.2445,0.04,129/A/NBP/2019
2019-07-04,4.2427,-0.04,128/A/NBP/2019
2019-07-03,4.2442,-0.04,127/A/NBP/2019
2019-07-02,4.2457,0.12,126/A/NBP/2019
2019-07-01,4.2406,-0.27,125/A/NBP/2019
2019-06-28,4.252,-0.1,124/A/NBP/2019
2019-06-27,4.2561,-0.19,123/A/NBP/2019
2019-06-26,4.2642,0.21,122/A/NBP/2019
2019-06-25,4.2554,0.04,121/A/NBP/2019
2019-06-24,4.2538,-0.2,120/A/NBP/2019
2019-06-21,4.2622,-0.12,119/A/NBP/2019
2019-06-19,4.2673,0.1,118/A/NBP/2019
2019-06-18,4.2631,0.08,117/A/NBP/2019
2019-06-17,4.2599,0.11,116/A/NBP/2019
2019-06-14,4.2554,-0.13,115/A/NBP/2019
2019-06-13,4.261,-0.09,114/A/NBP/2019
2019-06-12,4.265,-0.06,113/A/NBP/2019
2019-06-11,4.2675,0.08,112/A/NBP/2019
2019-06-10,4.264,-0.29,111/A/NBP/2019
2019-06-07,4.2762,-0.05,110/A/NBP/2019
2019-06-06,4.2783,0,109/A/NBP/2019
2019-06-05,4.2782,-0.01,108/A/NBP/2019
2019-06-04,4.2788,-0.05,107/A/NBP/2019
2019-06-03,4.2809,-0.25,106/A/NBP/2019
2019-05-31,4.2916,-0.01,105/A/NBP/2019
2019-05-30,4.2919,-0.2,104/A/NBP/2019
2019-05-29,4.3007,0.09,103/A/NBP/2019
2019-05-28,4.2967,0.03,102/A/NBP/2019
2019-05-27,4.2952,-0.09,101/A/NBP/2019
2019-05-24,4.2989,-0.27,100/A/NBP/2019
2019-05-23,4.3107,0.02,099/A/NBP/2019
2019-05-22,4.3098,0.1,098/A/NBP/2019
2019-05-21,4.3055,0.14,097/A/NBP/2019
2019-05-20,4.2995,-0.18,096/A/NBP/2019
2019-05-17,4.3072,0.33,095/A/NBP/2019
2019-05-16,4.2929,-0.46,094/A/NBP/2019
2019-05-15,4.3128,0.1,093/A/NBP/2019
2019-05-14,4.3085,0.13,092/A/NBP/2019
2019-05-13,4.3029,0.17,091/A/NBP/2019
2019-05-10,4.2955,-0.05,090/A/NBP/2019
2019-05-09,4.2977,0.15,089/A/NBP/2019
2019-05-08,4.2914,0.13,088/A/NBP/2019
2019-05-07,4.2858,0.03,087/A/NBP/2019
2019-05-06,4.2847,0.12,086/A/NBP/2019
2019-05-02,4.2795,-0.27,085/A/NBP/2019
2019-04-30,4.2911,-0.09,084/A/NBP/2019
2019-04-29,4.295,0.1,083/A/NBP/2019
2019-04-26,4.2906,-0.12,082/A/NBP/2019
2019-04-25,4.2959,0.15,081/A/NBP/2019
2019-04-24,4.2895,0.02,080/A/NBP/2019
2019-04-23,4.2886,0.2,079/A/NBP/2019
2019-04-19,4.2802,0.03,078/A/NBP/2019
2019-04-18,4.279,0.09,077/A/NBP/2019
2019-04-17,4.275,0.03,076/A/NBP/2019
2019-04-16,4.2737,-0.08,075/A/NBP/2019
2019-04-15,4.277,-0.18,074/A/NBP/2019
2019-04-12,4.2847,0.06,073/A/NBP/2019
2019-04-11,4.2821,-0.07,072/A/NBP/2019
2019-04-10,4.2852,-0.04,071/A/NBP/2019
2019-04-09,4.2871,-0.06,070/A/NBP/2019
2019-04-08,4.2897,-0.06,069/A/NBP/2019
2019-04-05,4.2921,0,068/A/NBP/2019
2019-04-04,4.2921,-0.05,067/A/NBP/2019
2019-04-03,4.2941,-0.15,066/A/NBP/2019
2019-04-02,4.3004,-0.07,065/A/NBP/2019
2019-04-01,4.3035,0.05,064/A/NBP/2019
2019-03-29,4.3013,0.03,063/A/NBP/2019
2019-03-28,4.2998,0.02,062/A/NBP/2019
2019-03-27,4.2991,0.05,061/A/NBP/2019
2019-03-26,4.297,-0.02,060/A/NBP/2019
2019-03-25,4.2978,0.2,059/A/NBP/2019
2019-03-22,4.2894,0.06,058/A/NBP/2019
2019-03-21,4.287,0.01,057/A/NBP/2019
2019-03-20,4.2864,-0.18,056/A/NBP/2019
2019-03-19,4.294,-0.12,055/A/NBP/2019
2019-03-18,4.2993,-0.1,054/A/NBP/2019
2019-03-15,4.3037,0.05,053/A/NBP/2019
2019-03-14,4.3015,0.02,052/A/NBP/2019
2019-03-13,4.3006,0.07,051/A/NBP/2019
2019-03-12,4.2976,-0.02,050/A/NBP/2019
2019-03-11,4.2983,-0.2,049/A/NBP/2019
2019-03-08,4.3068,0.11,048/A/NBP/2019
2019-03-07,4.3019,0.06,047/A/NBP/2019
2019-03-06,4.2992,-0.06,046/A/NBP/2019
2019-03-05,4.3018,0.08,045/A/NBP/2019
2019-03-04,4.2984,-0.22,044/A/NBP/2019
2019-03-01,4.3079,-0.1,043/A/NBP/2019
2019-02-28,4.312,-0.12,042/A/NBP/2019
2019-02-27,4.3173,-0.38,041/A/NBP/2019
2019-02-26,4.3338,-0.15,040/A/NBP/2019
2019-02-25,4.3402,0.03,039/A/NBP/2019
2019-02-22,4.3387,0.15,038/A/NBP/2019
2019-02-21,4.3322,-0.11,037/A/NBP/2019
2019-02-20,4.3371,0.16,036/A/NBP/2019
2019-02-19,4.3303,-0.03,035/A/NBP/2019
2019-02-18,4.3317,0.17,034/A/NBP/2019
2019-02-15,4.3243,-0.35,033/A/NBP/2019
2019-02-14,4.3394,0.19,032/A/NBP/2019
2019-02-13,4.3312,0.1,031/A/NBP/2019
2019-02-12,4.3268,0.22,030/A/NBP/2019
2019-02-11,4.3172,0.21,029/A/NBP/2019
2019-02-08,4.3082,0.15,028/A/NBP/2019
2019-02-07,4.3019,0.19,027/A/NBP/2019
2019-02-06,4.2936,0.16,026/A/NBP/2019
2019-02-05,4.2869,0.13,025/A/NBP/2019
2019-02-04,4.2813,0.25,024/A/NBP/2019
2019-02-01,4.2706,-0.22,023/A/NBP/2019
2019-01-31,4.2802,-0.35,022/A/NBP/2019
2019-01-30,4.2952,-0.05,021/A/NBP/2019
2019-01-29,4.2974,0.21,020/A/NBP/2019
2019-01-28,4.2885,-0.12,019/A/NBP/2019
2019-01-25,4.2935,-0.02,018/A/NBP/2019
2019-01-24,4.2942,0.18,017/A/NBP/2019
2019-01-23,4.2867,0.01,016/A/NBP/2019
2019-01-22,4.2862,-0.15,015/A/NBP/2019
2019-01-21,4.2928,-0.08,014/A/NBP/2019
2019-01-18,4.2964,0.21,013/A/NBP/2019
2019-01-17,4.2875,-0.13,012/A/NBP/2019
2019-01-16,4.2929,0.02,011/A/NBP/2019
2019-01-15,4.2922,-0.03,010/A/NBP/2019
2019-01-14,4.2936,-0.05,009/A/NBP/2019
2019-01-11,4.2957,-0.23,008/A/NBP/2019
2019-01-10,4.3055,0.15,007/A/NBP/2019
2019-01-09,4.2989,-0.06,006/A/NBP/2019
2019-01-08,4.3013,0.06,005/A/NBP/2019
2019-01-07,4.2989,-0.07,004/A/NBP/2019
2019-01-04,4.3018,-0.03,003/A/NBP/2019
2019-01-03,4.303,0.03,002/A/NBP/2019
2019-01-02,4.3016,0.04,001/A/NBP/2019
2018-12-31,4.3,0.07,252/A/NBP/2018
2018-12-28,4.2969,0.25,251/A/NBP/2018
2018-12-27,4.286,0.07,250/A/NBP/2018
2018-12-24,4.2832,-0.13,249/A/NBP/2018
2018-12-21,4.2889,0.09,248/A/NBP/2018
2018-12-20,4.2849,0.01,247/A/NBP/2018
2018-12-19,4.2846,-0.02,246/A/NBP/2018
2018-12-18,4.2853,-0.12,245/A/NBP/2018
2018-12-17,4.2906,-0.27,244/A/NBP/2018
2018-12-14,4.3021,0.2,243/A/NBP/2018
2018-12-13,4.2937,-0.13,242/A/NBP/2018
2018-12-12,4.2993,0.03,241/A/NBP/2018
2018-12-11,4.2982,0.17,240/A/NBP/2018
2018-12-10,4.2911,0.15,239/A/NBP/2018
2018-12-07,4.2845,-0.17,238/A/NBP/2018
2018-12-06,4.2919,0.05,237/A/NBP/2018
2018-12-05,4.2896,0.2,236/A/NBP/2018
2018-12-04,4.281,-0.02,235/A/NBP/2018
2018-12-03,4.2818,-0.2,234/A/NBP/2018
2018-11-30,4.2904,0.01,233/A/NBP/2018
2018-11-29,4.29,-0.22,232/A/NBP/2018
2018-11-28,4.2994,0.17,231/A/NBP/2018
2018-11-27,4.2919,0.08,230/A/NBP/2018
2018-11-26,4.2883,-0.21,229/A/NBP/2018
2018-11-23,4.2972,-0.21,228/A/NBP/2018
2018-11-22,4.3064,-0.01,227/A/NBP/2018
2018-11-21,4.307,-0.56,226/A/NBP/2018
2018-11-20,4.3314,0.17,225/A/NBP/2018
2018-11-19,4.3242,0.68,224/A/NBP/2018
2018-11-16,4.295,-0.05,223/A/NBP/2018
2018-11-15,4.297,0.04,222/A/NBP/2018
2018-11-14,4.2954,-0.09,221/A/NBP/2018
2018-11-13,4.2994,0.07,220/A/NBP/2018
2018-11-12,4.2962,0.14,219/A/NBP/2018
2018-11-09,4.2901,-0.12,218/A/NBP/2018
2018-11-08,4.2951,-0.05,217/A/NBP/2018
2018-11-07,4.2972,-0.33,216/A/NBP/2018
2018-11-06,4.3115,-0.07,215/A/NBP/2018
2018-11-05,4.3144,-0.23,214/A/NBP/2018
2018-11-02,4.3244,-0.16,213/A/NBP/2018
2018-10-31,4.3313,0.13,212/A/NBP/2018
2018-10-30,4.3258,0.22,211/A/NBP/2018
2018-10-29,4.3164,0.09,210/A/NBP/2018
2018-10-26,4.3125,0,209/A/NBP/2018
2018-10-25,4.3123,0.2,208/A/NBP/2018
2018-10-24,4.3036,0.12,207/A/NBP/2018
2018-10-23,4.2984,0.14,206/A/NBP/2018
2018-10-22,4.2922,-0.3,205/A/NBP/2018
2018-10-19,4.3049,0.19,204/A/NBP/2018
2018-10-18,4.2966,0.07,203/A/NBP/2018
2018-10-17,4.2936,0.04,202/A/NBP/2018
2018-10-16,4.2919,-0.02,201/A/NBP/2018
2018-10-15,4.2927,-0.22,200/A/NBP/2018
2018-10-12,4.3022,-0.36,199/A/NBP/2018
2018-10-11,4.3179,0.23,198/A/NBP/2018
2018-10-10,4.3082,-0.25,197/A/NBP/2018
2018-10-09,4.319,0.18,196/A/NBP/2018
2018-10-08,4.3112,-0.01,195/A/NBP/2018
2018-10-05,4.3117,0.06,194/A/NBP/2018
2018-10-04,4.309,0.33,193/A/NBP/2018
2018-10-03,4.2949,-0.06,192/A/NBP/2018
2018-10-02,4.2975,0.42,191/A/NBP/2018
2018-10-01,4.2795,0.19,190/A/NBP/2018
2018-09-28,4.2714,-0.23,189/A/NBP/2018
2018-09-27,4.2814,-0.12,188/A/NBP/2018
2018-09-26,4.2865,-0.17,187/A/NBP/2018
2018-09-25,4.2939,-0.36,186/A/NBP/2018
2018-09-24,4.3092,0.38,185/A/NBP/2018
2018-09-21,4.2929,0.04,184/A/NBP/2018
2018-09-20,4.2912,-0.04,183/A/NBP/2018
2018-09-19,4.2929,-0.23,182/A/NBP/2018
2018-09-18,4.303,0.14,181/A/NBP/2018
2018-09-17,4.2968,-0.29,180/A/NBP/2018
2018-09-14,4.3093,-0.08,179/A/NBP/2018
2018-09-13,4.3126,0.05,178/A/NBP/2018
2018-09-12,4.3103,0.06,177/A/NBP/2018
2018-09-11,4.3077,-0.14,176/A/NBP/2018
2018-09-10,4.3138,0.14,175/A/NBP/2018
2018-09-07,4.3079,-0.32,174/A/NBP/2018
2018-09-06,4.3218,0.08,173/A/NBP/2018
2018-09-05,4.3183,0.26,172/A/NBP/2018
2018-09-04,4.3073,0.28,171/A/NBP/2018
2018-09-03,4.2954,0,170/A/NBP/2018
2018-08-31,4.2953,0.08,169/A/NBP/2018
2018-08-30,4.2917,0.11,168/A/NBP/2018
2018-08-29,4.2871,0.33,167/A/NBP/2018
2018-08-28,4.2732,-0.04,166/A/NBP/2018
2018-08-27,4.2748,-0.12,165/A/NBP/2018
2018-08-24,4.2801,-0.16,164/A/NBP/2018
2018-08-23,4.2868,-0.16,163/A/NBP/2018
2018-08-22,4.2937,-0.38,162/A/NBP/2018
2018-08-21,4.3101,0.24,161/A/NBP/2018
2018-08-20,4.2997,-0.15,160/A/NBP/2018
2018-08-17,4.3061,-0.1,159/A/NBP/2018
2018-08-16,4.3105,0.24,158/A/NBP/2018
2018-08-14,4.3001,-0.22,157/A/NBP/2018
2018-08-13,4.3094,0.35,156/A/NBP/2018
2018-08-10,4.2942,0.53,155/A/NBP/2018
2018-08-09,4.2715,0.23,154/A/NBP/2018
2018-08-08,4.2619,0.15,153/A/NBP/2018
2018-08-07,4.2554,-0.28,152/A/NBP/2018
2018-08-06,4.2672,-0.2,151/A/NBP/2018
2018-08-03,4.2758,0.03,150/A/NBP/2018
2018-08-02,4.2745,-0.03,149/A/NBP/2018
2018-08-01,4.2758,-0.05,148/A/NBP/2018
2018-07-31,4.2779,-0.13,147/A/NBP/2018
2018-07-30,4.2836,-0.25,146/A/NBP/2018
2018-07-27,4.2945,0.04,145/A/NBP/2018
2018-07-26,4.2927,-0.25,144/A/NBP/2018
2018-07-25,4.3035,-0.51,143/A/NBP/2018
2018-07-24,4.3256,-0.01,142/A/NBP/2018
2018-07-23,4.3262,-0.03,141/A/NBP/2018
2018-07-20,4.3275,0.28,140/A/NBP/2018
2018-07-19,4.3155,0.28,139/A/NBP/2018
2018-07-18,4.3036,0.09,138/A/NBP/2018
2018-07-17,4.2998,-0.18,137/A/NBP/2018
2018-07-16,4.3076,-0.52,136/A/NBP/2018
2018-07-13,4.3302,0.09,135/A/NBP/2018
2018-07-12,4.3262,-0.14,134/A/NBP/2018
2018-07-11,4.3322,-0.08,133/A/NBP/2018
2018-07-10,4.3356,-0.06,132/A/NBP/2018
2018-07-09,4.338,-0.5,131/A/NBP/2018
2018-07-06,4.36,-0.53,130/A/NBP/2018
2018-07-05,4.3833,-0.31,129/A/NBP/2018
2018-07-04,4.3969,-0.02,128/A/NBP/2018
2018-07-03,4.3978,0.18,127/A/NBP/2018
2018-07-02,4.3899,0.65,126/A/NBP/2018
2018-06-29,4.3616,0.11,125/A/NBP/2018
2018-06-28,4.3566,0.31,124/A/NBP/2018
2018-06-27,4.343,0.13,123/A/NBP/2018
2018-06-26,4.3372,0.3,122/A/NBP/2018
2018-06-25,4.3242,0.22,121/A/NBP/2018
2018-06-22,4.3149,-0.4,120/A/NBP/2018
2018-06-21,4.3323,0.35,119/A/NBP/2018
2018-06-20,4.3171,0.13,118/A/NBP/2018
2018-06-19,4.3113,0.53,117/A/NBP/2018
2018-06-18,4.2887,0.2,116/A/NBP/2018
2018-06-15,4.2802,0.11,115/A/NBP/2018
2018-06-14,4.2757,-0.15,114/A/NBP/2018
2018-06-13,4.282,0.1,113/A/NBP/2018
2018-06-12,4.2776,0.14,112/A/NBP/2018
2018-06-11,4.2717,-0.45,111/A/NBP/2018
2018-06-08,4.2912,0.65,110/A/NBP/2018
2018-06-07,4.2634,-0.46,109/A/NBP/2018
2018-06-06,4.2829,0.06,108/A/NBP/2018
2018-06-05,4.2804,-0.3,107/A/NBP/2018
2018-06-04,4.2931,-0.5,106/A/NBP/2018
2018-06-01,4.3146,-0.11,105/A/NBP/2018
2018-05-30,4.3195,0.32,104/A/NBP/2018
2018-05-29,4.3056,0.06,103/A/NBP/2018
2018-05-28,4.3031,0.02,102/A/NBP/2018
2018-05-25,4.3022,0.16,101/A/NBP/2018
2018-05-24,4.2953,-0.2,100/A/NBP/2018
2018-05-23,4.3037,0.53,099/A/NBP/2018
2018-05-22,4.2812,-0.42,098/A/NBP/2018
2018-05-21,4.2991,0.08,097/A/NBP/2018
2018-05-18,4.2958,0.21,096/A/NBP/2018
2018-05-17,4.2868,-0.06,095/A/NBP/2018
2018-05-16,4.2893,0.16,094/A/NBP/2018
2018-05-15,4.2823,0.49,093/A/NBP/2018
2018-05-14,4.2615,0.11,092/A/NBP/2018
2018-05-11,4.2569,0.23,091/A/NBP/2018
2018-05-10,4.2473,-0.74,090/A/NBP/2018
2018-05-09,4.279,0.3,089/A/NBP/2018
2018-05-08,4.2662,0.35,088/A/NBP/2018
2018-05-07,4.2513,-0.6,087/A/NBP/2018
2018-05-04,4.2771,0.22,086/A/NBP/2018
2018-05-02,4.2675,1.12,085/A/NBP/2018
2018-04-30,4.2204,-0.13,084/A/NBP/2018
2018-04-27,4.2259,-0.31,083/A/NBP/2018
2018-04-26,4.2392,0.55,082/A/NBP/2018
2018-04-25,4.2159,0.43,081/A/NBP/2018
2018-04-24,4.198,0.43,080/A/NBP/2018
2018-04-23,4.1802,0.19,079/A/NBP/2018
2018-04-20,4.1724,0.14,078/A/NBP/2018
2018-04-19,4.1665,-0.03,077/A/NBP/2018
2018-04-18,4.1677,0.23,076/A/NBP/2018
2018-04-17,4.1582,-0.11,075/A/NBP/2018
2018-04-16,4.1628,-0.34,074/A/NBP/2018
2018-04-13,4.1769,-0.27,073/A/NBP/2018
2018-04-12,4.1882,-0.07,072/A/NBP/2018
2018-04-11,4.1911,-0.19,071/A/NBP/2018
2018-04-10,4.199,0.05,070/A/NBP/2018
2018-04-09,4.1967,-0.04,069/A/NBP/2018
2018-04-06,4.1984,-0.2,068/A/NBP/2018
2018-04-05,4.207,0.01,067/A/NBP/2018
2018-04-04,4.2065,-0.07,066/A/NBP/2018
2018-04-03,4.2094,0.02,065/A/NBP/2018
2018-03-30,4.2085,-0.02,064/A/NBP/2018
2018-03-29,4.2093,-0.01,063/A/NBP/2018
2018-03-28,4.2097,-0.16,062/A/NBP/2018
2018-03-27,4.2164,-0.36,061/A/NBP/2018
2018-03-26,4.2316,0.05,060/A/NBP/2018
2018-03-23,4.2295,0.08,059/A/NBP/2018
2018-03-22,4.2261,-0.37,058/A/NBP/2018
2018-03-21,4.2416,0.41,057/A/NBP/2018
2018-03-20,4.2242,0.16,056/A/NBP/2018
2018-03-19,4.2176,0.03,055/A/NBP/2018
2018-03-16,4.2162,-0.01,054/A/NBP/2018
2018-03-15,4.2168,0.13,053/A/NBP/2018
2018-03-14,4.2114,0.04,052/A/NBP/2018
2018-03-13,4.2097,0.37,051/A/NBP/2018
2018-03-12,4.1942,-0.11,050/A/NBP/2018
2018-03-09,4.1989,-0.08,049/A/NBP/2018
2018-03-08,4.2024,0.24,048/A/NBP/2018
2018-03-07,4.1922,0.07,047/A/NBP/2018
2018-03-06,4.1891,-0.01,046/A/NBP/2018
2018-03-05,4.1895,-0.22,045/A/NBP/2018
2018-03-02,4.1986,0.32,044/A/NBP/2018
2018-03-01,4.1854,0.18,043/A/NBP/2018
2018-02-28,4.1779,0.19,042/A/NBP/2018
2018-02-27,4.17,-0.04,041/A/NBP/2018
2018-02-26,4.1717,-0.05,040/A/NBP/2018
2018-02-23,4.1738,-0.17,039/A/NBP/2018
2018-02-22,4.1811,0.6,038/A/NBP/2018
2018-02-21,4.1562,0.22,037/A/NBP/2018
2018-02-20,4.1472,0.01,036/A/NBP/2018
2018-02-19,4.1467,-0.22,035/A/NBP/2018
2018-02-16,4.1559,0.07,034/A/NBP/2018
2018-02-15,4.153,-0.45,033/A/NBP/2018
2018-02-14,4.1716,-0.11,032/A/NBP/2018
2018-02-13,4.1764,-0.2,031/A/NBP/2018
2018-02-12,4.1846,-0.42,030/A/NBP/2018
2018-02-09,4.2024,0.7,029/A/NBP/2018
2018-02-08,4.1733,0.34,028/A/NBP/2018
2018-02-07,4.1593,0.11,027/A/NBP/2018
2018-02-06,4.1547,-0.09,026/A/NBP/2018
2018-02-05,4.1585,-0.07,025/A/NBP/2018
2018-02-02,4.1615,0.27,024/A/NBP/2018
2018-02-01,4.1504,0.04,023/A/NBP/2018
2018-01-31,4.1488,0.07,022/A/NBP/2018
2018-01-30,4.1461,0.09,021/A/NBP/2018
2018-01-29,4.1423,-0.13,020/A/NBP/2018
2018-01-26,4.1477,-0.04,019/A/NBP/2018
2018-01-25,4.1493,-0.35,018/A/NBP/2018
2018-01-24,4.1637,-0.18,017/A/NBP/2018
2018-01-23,4.1712,0.04,016/A/NBP/2018
2018-01-22,4.1696,-0.13,015/A/NBP/2018
2018-01-19,4.175,0.21,014/A/NBP/2018
2018-01-18,4.1663,-0.18,013/A/NBP/2018
2018-01-17,4.1739,-0.21,012/A/NBP/2018
2018-01-16,4.1825,0.31,011/A/NBP/2018
2018-01-15,4.1696,0.06,010/A/NBP/2018
2018-01-12,4.1669,-0.21,009/A/NBP/2018
2018-01-11,4.1758,-0.06,008/A/NBP/2018
2018-01-10,4.1784,0.01,007/A/NBP/2018
2018-01-09,4.1779,0.32,006/A/NBP/2018
2018-01-08,4.1647,0.25,005/A/NBP/2018
2018-01-05,4.1544,0.07,004/A/NBP/2018
2018-01-04,4.1515,-0.38,003/A/NBP/2018
2018-01-03,4.1673,-0.07,002/A/NBP/2018
2018-01-02,4.1701,-0.02,001/A/NBP/2018
