Srednie kursy GBP Narodowego Banku Polskiego,,,
,,,
Data,Kurs,Zmiana,Nazwa Tabeli
2024-04-26,5.0414,-0.03,083/A/NBP/2024
2024-04-25,5.0427,0.41,082/A/NBP/2024
2024-04-24,5.022,-0.04,081/A/NBP/2024
2024-04-23,5.0238,0.21,080/A/NBP/2024
2024-04-22,5.0131,-0.96,079/A/NBP/2024
2024-04-19,5.0615,0.05,078/A/NBP/2024
2024-04-18,5.0589,-0.44,077/A/NBP/2024
2024-04-17,5.0812,0.4,076/A/NBP/2024
2024-04-16,5.0609,0.83,075/A/NBP/2024
2024-04-15,5.0192,0.37,074/A/NBP/2024
2024-04-12,5.0007,0.35,073/A/NBP/2024
2024-04-11,4.9835,-0.02,072/A/NBP/2024
2024-04-10,4.9843,0.37,071/A/NBP/2024
2024-04-09,4.966,-0.51,070/A/NBP/2024
2024-04-08,4.9915,-0.18,069/A/NBP/2024
2024-04-05,5.0003,-0.08,068/A/NBP/2024
2024-04-04,5.0042,-0.15,067/A/NBP/2024
2024-04-03,5.0117,-0.28,066/A/NBP/2024
2024-04-02,5.0256,-0.09,065/A/NBP/2024
2024-03-29,5.03,-0.34,064/A/NBP/2024
2024-03-28,5.0474,0.29,063/A/NBP/2024
2024-03-27,5.0327,0.17,062/A/NBP/2024
2024-03-26,5.0243,-0.01,061/A/NBP/2024
2024-03-25,5.0246,-0.02,060/A/NBP/2024
2024-03-22,5.0257,-0.22,059/A/NBP/2024
2024-03-21,5.0367,-0.53,058/A/NBP/2024
2024-03-20,5.0635,0.24,057/A/NBP/2024
2024-03-19,5.0516,0.34,056/A/NBP/2024
2024-03-18,5.0343,0.22,055/A/NBP/2024
2024-03-15,5.0233,0.04,054/A/NBP/2024
2024-03-14,5.0214,0.09,053/A/NBP/2024
2024-03-13,5.0171,0.17,052/A/NBP/2024
2024-03-12,5.0084,-0.67,051/A/NBP/2024
2024-03-11,5.0423,-0.22,050/A/NBP/2024
2024-03-08,5.0536,0.4,049/A/NBP/2024
2024-03-07,5.0336,-0.23,048/A/NBP/2024
2024-03-06,5.0452,-0.16,047/A/NBP/2024
2024-03-05,5.0535,0.11,046/A/NBP/2024
2024-03-04,5.048,0.13,045/A/NBP/2024
2024-03-01,5.0413,-0.01,044/A/NBP/2024
2024-02-29,5.042,0.03,043/A/NBP/2024
2024-02-28,5.0404,0.1,042/A/NBP/2024
2024-02-27,5.0353,-0.16,041/A/NBP/2024
2024-02-26,5.0435,-0.51,040/A/NBP/2024
2024-02-23,5.0691,0.47,039/A/NBP/2024
2024-02-22,5.0454,0.1,038/A/NBP/2024
2024-02-21,5.0406,0,037/A/NBP/2024
2024-02-20,5.0407,-0.77,036/A/NBP/2024
2024-02-19,5.0796,0.08,035/A/NBP/2024
2024-02-16,5.0753,-0.17,034/A/NBP/2024
2024-02-15,5.084,-0.12,033/A/NBP/2024
2024-02-14,5.0902,0.23,032/A/NBP/2024
2024-02-13,5.0786,0.13,031/A/NBP/2024
2024-02-12,5.0721,0.32,030/A/NBP/2024
2024-02-09,5.0559,-0.65,029/A/NBP/2024
2024-02-08,5.0892,-0.19,028/A/NBP/2024
2024-02-07,5.099,0.42,027/A/NBP/2024
2024-02-06,5.0777,0.13,026/A/NBP/2024
2024-02-05,5.0712,0.28,025/A/NBP/2024
2024-02-02,5.0572,-0.23,024/A/NBP/2024
2024-02-01,5.0688,-0.31,023/A/NBP/2024
2024-01-31,5.0848,-0.5,022/A/NBP/2024
2024-01-30,5.1106,-0.24,021/A/NBP/2024
2024-01-29,5.123,-0.25,020/A/NBP/2024
2024-01-26,5.1357,0.41,019/A/NBP/2024
2024-01-25,5.1148,-0.15,018/A/NBP/2024
2024-01-24,5.1223,0.27,017/A/NBP/2024
2024-01-23,5.1084,0.59,016/A/NBP/2024
2024-01-22,5.0784,-0.62,015/A/NBP/2024
2024-01-19,5.1103,-0.29,014/A/NBP/2024
2024-01-18,5.1253,-0.04,013/A/NBP/2024
2024-01-17,5.1274,0.48,012/A/NBP/2024
2024-01-16,5.1027,0.33,011/A/NBP/2024
2024-01-15,5.0861,0.34,010/A/NBP/2024
2024-01-12,5.0688,0.27,009/A/NBP/2024
2024-01-11,5.0549,0.16,008/A/NBP/2024
2024-01-10,5.0466,0.04,007/A/NBP/2024
2024-01-09,5.0446,-0.19,006/A/NBP/2024
2024-01-08,5.0543,0.2,005/A/NBP/2024
2024-01-05,5.044,-0.08,004/A/NBP/2024
2024-01-04,5.0481,0.17,003/A/NBP/2024
2024-01-03,5.0397,0.49,002/A/NBP/2024
2024-01-02,5.0152,0.31,001/A/NBP/2024
2023-12-29,4.9997,0.22,251/A/NBP/2023
2023-12-28,4.9887,0.11,250/A/NBP/2023
2023-12-27,4.9834,-0.14,249/A/NBP/2023
2023-12-22,4.9905,-0.34,248/A/NBP/2023
2023-12-21,5.0077,-0.08,247/A/NBP/2023
2023-12-20,5.0117,-0.33,246/A/NBP/2023
2023-12-19,5.0283,0.17,245/A/NBP/2023
2023-12-18,5.0196,-0.09,244/A/NBP/2023
2023-12-15,5.024,0.45,243/A/NBP/2023
2023-12-14,5.0015,-0.54,242/A/NBP/2023
2023-12-13,5.0289,-0.45,241/A/NBP/2023
2023-12-12,5.0516,-0.1,240/A/NBP/2023
2023-12-11,5.0567,0.22,239/A/NBP/2023
2023-12-08,5.0458,-0.27,238/A/NBP/2023
2023-12-07,5.0597,-0.12,237/A/NBP/2023
2023-12-06,5.0656,0.47,236/A/NBP/2023
2023-12-05,5.0417,-0.18,235/A/NBP/2023
2023-12-04,5.0509,-0.09,234/A/NBP/2023
2023-12-01,5.0557,0.41,233/A/NBP/2023
2023-11-30,5.035,0.57,232/A/NBP/2023
2023-11-29,5.0066,-0.26,231/A/NBP/2023
2023-11-28,5.0198,0.11,230/A/NBP/2023
2023-11-27,5.0142,-0.36,229/A/NBP/2023
2023-11-24,5.0325,0.26,228/A/NBP/2023
2023-11-23,5.0193,-0.29,227/A/NBP/2023
2023-11-22,5.0341,0.74,226/A/NBP/2023
2023-11-21,4.9971,0.02,225/A/NBP/2023
2023-11-20,4.996,-0.18,224/A/NBP/2023
2023-11-17,5.0048,-0.14,223/A/NBP/2023
2023-11-16,5.0119,-0.59,222/A/NBP/2023
2023-11-15,5.0416,-0.53,221/A/NBP/2023
2023-11-14,5.0683,-0.2,220/A/NBP/2023
2023-11-13,5.0783,0.34,219/A/NBP/2023
2023-11-10,5.0609,-0.89,218/A/NBP/2023
2023-11-09,5.1061,-0.26,217/A/NBP/2023
2023-11-08,5.1196,-0.12,216/A/NBP/2023
2023-11-07,5.1259,-0.41,215/A/NBP/2023
2023-11-06,5.1471,0.68,214/A/NBP/2023
2023-11-03,5.1123,-0.02,213/A/NBP/2023
2023-11-02,5.1135,0.61,212/A/NBP/2023
2023-10-31,5.0823,-0.32,211/A/NBP/2023
2023-10-30,5.0987,-0.54,210/A/NBP/2023
2023-10-27,5.1266,0.11,209/A/NBP/2023
2023-10-26,5.1209,-0.23,208/A/NBP/2023
2023-10-25,5.1328,-0.07,207/A/NBP/2023
2023-10-24,5.1366,0.51,206/A/NBP/2023
2023-10-23,5.1103,-0.11,205/A/NBP/2023
2023-10-20,5.1159,-0.02,204/A/NBP/2023
2023-10-19,5.1171,-0.22,203/A/NBP/2023
2023-10-18,5.1283,0.12,202/A/NBP/2023
2023-10-17,5.1222,-0.89,201/A/NBP/2023
2023-10-16,5.1683,-1.67,200/A/NBP/2023
2023-10-13,5.2563,0.21,199/A/NBP/2023
2023-10-12,5.2452,0.28,198/A/NBP/2023
2023-10-11,5.2304,-0.84,197/A/NBP/2023
2023-10-10,5.2747,-0.28,196/A/NBP/2023
2023-10-09,5.2897,-0.56,195/A/NBP/2023
2023-10-06,5.3195,0.26,194/A/NBP/2023
2023-10-05,5.3057,-0.81,193/A/NBP/2023
2023-10-04,5.3492,0.56,192/A/NBP/2023
2023-10-03,5.3195,0.02,191/A/NBP/2023
2023-10-02,5.3183,-0.53,190/A/NBP/2023
2023-09-29,5.3464,-0.31,189/A/NBP/2023
2023-09-28,5.3631,1.2,188/A/NBP/2023
2023-09-27,5.2997,0.03,187/A/NBP/2023
2023-09-26,5.298,0.37,186/A/NBP/2023
2023-09-25,5.2783,-0.45,185/A/NBP/2023
2023-09-22,5.302,-0.63,184/A/NBP/2023
2023-09-21,5.3357,-0.83,183/A/NBP/2023
2023-09-20,5.3803,0,182/A/NBP/2023
2023-09-19,5.3802,-0.08,181/A/NBP/2023
2023-09-18,5.3845,-0.3,180/A/NBP/2023
2023-09-15,5.4005,0.3,179/A/NBP/2023
2023-09-14,5.3845,-0.16,178/A/NBP/2023
2023-09-13,5.3931,-1.03,177/A/NBP/2023
2023-09-12,5.4495,1.06,176/A/NBP/2023
2023-09-11,5.3926,0.52,175/A/NBP/2023
2023-09-08,5.3645,0.24,174/A/NBP/2023
2023-09-07,5.3518,1.69,173/A/NBP/2023
2023-09-06,5.2626,0.81,172/A/NBP/2023
2023-09-05,5.2203,-0.07,171/A/NBP/2023
2023-09-04,5.2241,-0.11,170/A/NBP/2023
2023-09-01,5.2301,0.27,169/A/NBP/2023
2023-08-31,5.2158,0.26,168/A/NBP/2023
2023-08-30,5.2023,-0.21,167/A/NBP/2023
2023-08-29,5.2132,0.13,166/A/NBP/2023
2023-08-28,5.2065,-0.12,165/A/NBP/2023
2023-08-25,5.2128,-0.31,164/A/NBP/2023
2023-08-24,5.2291,-0.47,163/A/NBP/2023
2023-08-23,5.2539,0.45,162/A/NBP/2023
2023-08-22,5.2306,-0.02,161/A/NBP/2023
2023-08-21,5.2317,-0.38,160/A/NBP/2023
2023-08-18,5.2515,0.53,159/A/NBP/2023
2023-08-17,5.224,0.29,158/A/NBP/2023
2023-08-16,5.2091,1.23,157/A/NBP/2023
2023-08-14,5.1457,0,156/A/NBP/2023
2023-08-11,5.1458,-0.46,155/A/NBP/2023
2023-08-10,5.1696,-0.15,154/A/NBP/2023
2023-08-09,5.1772,0.49,153/A/NBP/2023
2023-08-08,5.1521,0.32,152/A/NBP/2023
2023-08-07,5.1356,-0.44,151/A/NBP/2023
2023-08-04,5.1582,-0.28,150/A/NBP/2023
2023-08-03,5.1729,-0.11,149/A/NBP/2023
2023-08-02,5.1786,0.27,148/A/NBP/2023
2023-08-01,5.1648,0.48,147/A/NBP/2023
2023-07-31,5.1403,-0.58,146/A/NBP/2023
2023-07-28,5.1702,0.23,145/A/NBP/2023
2023-07-27,5.1585,0.02,144/A/NBP/2023
2023-07-26,5.1577,0.13,143/A/NBP/2023
2023-07-25,5.1508,-0.04,142/A/NBP/2023
2023-07-24,5.1527,0.2,141/A/NBP/2023
2023-07-21,5.1422,0.2,140/A/NBP/2023
2023-07-20,5.1321,0.18,139/A/NBP/2023
2023-07-19,5.1229,-0.71,138/A/NBP/2023
2023-07-18,5.1596,-0.54,137/A/NBP/2023
2023-07-17,5.1876,-0.19,136/A/NBP/2023
2023-07-14,5.1973,0.31,135/A/NBP/2023
2023-07-13,5.1813,-0.68,134/A/NBP/2023
2023-07-12,5.2168,0.31,133/A/NBP/2023
2023-07-11,5.2006,-0.15,132/A/NBP/2023
2023-07-10,5.2084,-0.7,131/A/NBP/2023
2023-07-07,5.245,0.17,130/A/NBP/2023
2023-07-06,5.2362,0.79,129/A/NBP/2023
2023-07-05,5.1953,0.71,128/A/NBP/2023
2023-07-04,5.1588,0,127/A/NBP/2023
2023-07-03,5.1587,-0.4,126/A/NBP/2023
2023-06-30,5.1796,0.3,125/A/NBP/2023
2023-06-29,5.1643,-0.23,124/A/NBP/2023
2023-06-28,5.1764,0.39,123/A/NBP/2023
2023-06-27,5.1561,-0.47,122/A/NBP/2023
2023-06-26,5.1803,-0.26,121/A/NBP/2023
2023-06-23,5.194,0.82,120/A/NBP/2023
2023-06-22,5.1519,-0.36,119/A/NBP/2023
2023-06-21,5.1703,-0.34,118/A/NBP/2023
2023-06-20,5.1877,-0.5,117/A/NBP/2023
2023-06-19,5.214,0.09,116/A/NBP/2023
2023-06-16,5.2095,-0.14,115/A/NBP/2023
2023-06-15,5.2166,-0.25,114/A/NBP/2023
2023-06-14,5.2298,0.47,113/A/NBP/2023
2023-06-13,5.2055,0.42,112/A/NBP/2023
2023-06-12,5.1835,-0.52,111/A/NBP/2023
2023-06-09,5.2106,-0.01,110/A/NBP/2023
2023-06-07,5.2109,-0.04,109/A/NBP/2023
2023-06-06,5.213,0.19,108/A/NBP/2023
2023-06-05,5.2031,-0.97,107/A/NBP/2023
2023-06-02,5.2543,-0.31,106/A/NBP/2023
2023-06-01,5.2707,0.27,105/A/NBP/2023
2023-05-31,5.2567,0.55,104/A/NBP/2023
2023-05-30,5.228,0.26,103/A/NBP/2023
2023-05-29,5.2146,0.14,102/A/NBP/2023
2023-05-26,5.2074,0.27,101/A/NBP/2023
2023-05-25,5.1935,0.57,100/A/NBP/2023
2023-05-24,5.164,-0.05,099/A/NBP/2023
2023-05-23,5.1667,-0.82,098/A/NBP/2023
2023-05-22,5.2096,-0.16,097/A/NBP/2023
2023-05-19,5.2182,0.06,096/A/NBP/2023
2023-05-18,5.215,1.1,095/A/NBP/2023
2023-05-17,5.1581,-0.09,094/A/NBP/2023
2023-05-16,5.1626,-0.37,093/A/NBP/2023
2023-05-15,5.1817,-0.71,092/A/NBP/2023
2023-05-12,5.2189,0.15,091/A/NBP/2023
2023-05-11,5.2109,-0.6,090/A/NBP/2023
2023-05-10,5.2424,-0.06,089/A/NBP/2023
2023-05-09,5.2458,0.31,088/A/NBP/2023
2023-05-08,5.2297,-0.3,087/A/NBP/2023
2023-05-05,5.2452,0.54,086/A/NBP/2023
2023-05-04,5.217,0.02,085/A/NBP/2023
2023-05-02,5.2162,0.3,084/A/NBP/2023
2023-04-28,5.2005,0.39,083/A/NBP/2023
2023-04-27,5.1805,-0.11,082/A/NBP/2023
2023-04-26,5.1861,-0.19,081/A/NBP/2023
2023-04-25,5.1958,-0.42,080/A/NBP/2023
2023-04-24,5.2176,0.17,079/A/NBP/2023
2023-04-21,5.2086,-0.4,078/A/NBP/2023
2023-04-20,5.2296,-0.44,077/A/NBP/2023
2023-04-19,5.2529,0.19,076/A/NBP/2023
2023-04-18,5.2428,0.23,075/A/NBP/2023
2023-04-17,5.231,-0.49,074/A/NBP/2023
2023-04-14,5.2565,-0.58,073/A/NBP/2023
2023-04-13,5.2874,-0.31,072/A/NBP/2023
2023-04-12,5.3041,-0.61,071/A/NBP/2023
2023-04-11,5.3369,-0.07,070/A/NBP/2023
2023-04-07,5.3404,-0.45,069/A/NBP/2023
2023-04-06,5.3648,0.5,068/A/NBP/2023
2023-04-05,5.3379,-0.16,067/A/NBP/2023
2023-04-04,5.3462,0.42,066/A/NBP/2023
2023-04-03,5.3236,0.24,065/A/NBP/2023
2023-03-31,5.3107,-0.13,064/A/NBP/2023
2023-03-30,5.3177,-0.23,063/A/NBP/2023
2023-03-29,5.3302,0.11,062/A/NBP/2023
2023-03-28,5.3242,-0.23,061/A/NBP/2023
2023-03-27,5.3364,-0.1,060/A/NBP/2023
2023-03-24,5.3417,0.85,059/A/NBP/2023
2023-03-23,5.2966,-0.78,058/A/NBP/2023
2023-03-22,5.3385,-0.33,057/A/NBP/2023
2023-03-21,5.3561,-0.46,056/A/NBP/2023
2023-03-20,5.3808,0.35,055/A/NBP/2023
2023-03-17,5.362,0.36,054/A/NBP/2023
2023-03-16,5.3427,0.16,053/A/NBP/2023
2023-03-15,5.3341,0.21,052/A/NBP/2023
2023-03-14,5.3227,0.4,051/A/NBP/2023
2023-03-13,5.3013,-0.1,050/A/NBP/2023
2023-03-10,5.3068,0.8,049/A/NBP/2023
2023-03-09,5.2648,-0.31,048/A/NBP/2023
2023-03-08,5.2811,-0.05,047/A/NBP/2023
2023-03-07,5.2836,-0.81,046/A/NBP/2023
2023-03-06,5.3268,0.23,045/A/NBP/2023
2023-03-03,5.3147,0.89,044/A/NBP/2023
2023-03-02,5.2676,-1.02,043/A/NBP/2023
2023-03-01,5.3218,-0.9,042/A/NBP/2023
2023-02-28,5.37,0.33,041/A/NBP/2023
2023-02-27,5.3523,-0.26,040/A/NBP/2023
2023-02-24,5.3663,-0.59,039/A/NBP/2023
2023-02-23,5.3984,0.02,038/A/NBP/2023
2023-02-22,5.3971,0.26,037/A/NBP/2023
2023-02-21,5.3832,0.58,036/A/NBP/2023
2023-02-20,5.352,-0.16,035/A/NBP/2023
2023-02-17,5.3606,-0.31,034/A/NBP/2023
2023-02-16,5.3772,0.18,033/A/NBP/2023
2023-02-15,5.3674,-0.96,032/A/NBP/2023
2023-02-14,5.4193,0.35,031/A/NBP/2023
2023-02-13,5.4003,0.15,030/A/NBP/2023
2023-02-10,5.3922,0.93,029/A/NBP/2023
2023-02-09,5.3427,0.14,028/A/NBP/2023
2023-02-08,5.3351,0.26,027/A/NBP/2023
2023-02-07,5.3212,0.85,026/A/NBP/2023
2023-02-06,5.2764,0.37,025/A/NBP/2023
2023-02-03,5.2571,-0.51,024/A/NBP/2023
2023-02-02,5.2838,-0.83,023/A/NBP/2023
2023-02-01,5.3279,-0.59,022/A/NBP/2023
2023-01-31,5.3595,-0.03,021/A/NBP/2023
2023-01-30,5.3609,0.19,020/A/NBP/2023
2023-01-27,5.3505,-0.34,019/A/NBP/2023
2023-01-26,5.369,0.8,018/A/NBP/2023
2023-01-25,5.3263,-0.34,017/A/NBP/2023
2023-01-24,5.3443,-0.38,016/A/NBP/2023
2023-01-23,5.3648,-0.12,015/A/NBP/2023
2023-01-20,5.3711,0.16,014/A/NBP/2023
2023-01-19,5.3625,0.15,013/A/NBP/2023
2023-01-18,5.3543,1.04,012/A/NBP/2023
2023-01-17,5.2992,-0.01,011/A/NBP/2023
2023-01-16,5.2998,0.17,010/A/NBP/2023
2023-01-13,5.291,-0.24,009/A/NBP/2023
2023-01-12,5.3035,0.18,008/A/NBP/2023
2023-01-11,5.2938,-0.62,007/A/NBP/2023
2023-01-10,5.3266,-0.47,006/A/NBP/2023
2023-01-09,5.3515,1.18,005/A/NBP/2023
2023-01-05,5.2892,-0.32,004/A/NBP/2023
2023-01-04,5.3064,0.29,003/A/NBP/2023
2023-01-03,5.2911,0.27,002/A/NBP/2023
2023-01-02,5.2768,-0.36,001/A/NBP/2023
2022-12-30,5.2957,-0.33,252/A/NBP/2022
2022-12-29,5.3132,0.09,251/A/NBP/2022
2022-12-28,5.3085,0.78,250/A/NBP/2022
2022-12-27,5.2676,-0.09,249/A/NBP/2022
2022-12-23,5.2722,-0.35,248/A/NBP/2022
2022-12-22,5.2905,-0.82,247/A/NBP/2022
2022-12-21,5.3342,-0.23,246/A/NBP/2022
2022-12-20,5.3463,-0.86,245/A/NBP/2022
2022-12-19,5.3926,0.39,244/A/NBP/2022
2022-12-16,5.3716,-1.29,243/A/NBP/2022
2022-12-15,5.4418,-0.13,242/A/NBP/2022
2022-12-14,5.449,-0.27,241/A/NBP/2022
2022-12-13,5.4638,0.2,240/A/NBP/2022
2022-12-12,5.453,0.39,239/A/NBP/2022
2022-12-09,5.4317,-0.31,238/A/NBP/2022
2022-12-08,5.4484,0.19,237/A/NBP/2022
2022-12-07,5.438,-0.28,236/A/NBP/2022
2022-12-06,5.4534,-0.04,235/A/NBP/2022
2022-12-05,5.4558,-0.1,234/A/NBP/2022
2022-12-02,5.461,0.08,233/A/NBP/2022
2022-12-01,5.4564,0.76,232/A/NBP/2022
2022-11-30,5.4151,0.02,231/A/NBP/2022
2022-11-29,5.4141,-0.08,230/A/NBP/2022
2022-11-28,5.4185,-0.57,229/A/NBP/2022
2022-11-25,5.4497,-0.08,228/A/NBP/2022
2022-11-24,5.4542,0.62,227/A/NBP/2022
2022-11-23,5.4205,-0.29,226/A/NBP/2022
2022-11-22,5.4362,0.13,225/A/NBP/2022
2022-11-21,5.4294,0.4,224/A/NBP/2022
2022-11-18,5.4075,0.23,223/A/NBP/2022
2022-11-17,5.395,0.67,222/A/NBP/2022
2022-11-16,5.3593,0.35,221/A/NBP/2022
2022-11-15,5.3404,-0.27,220/A/NBP/2022
2022-11-14,5.3546,-0.46,219/A/NBP/2022
2022-11-10,5.3795,0.35,218/A/NBP/2022
2022-11-09,5.361,-0.53,217/A/NBP/2022
2022-11-08,5.3894,0.39,216/A/NBP/2022
2022-11-07,5.3687,-0.26,215/A/NBP/2022
2022-11-04,5.3825,-0.93,214/A/NBP/2022
2022-11-03,5.433,-0.5,213/A/NBP/2022
2022-11-02,5.4601,-0.27,212/A/NBP/2022
2022-10-31,5.4748,0.03,211/A/NBP/2022
2022-10-28,5.4733,0.01,210/A/NBP/2022
2022-10-27,5.4728,-0.76,209/A/NBP/2022
2022-10-26,5.5146,0.45,208/A/NBP/2022
2022-10-25,5.4898,-0.41,207/A/NBP/2022
2022-10-24,5.5126,1.08,206/A/NBP/2022
2022-10-21,5.4537,-0.55,205/A/NBP/2022
2022-10-20,5.4837,-0.41,204/A/NBP/2022
2022-10-19,5.5061,-0.35,203/A/NBP/2022
2022-10-18,5.5256,-0.98,202/A/NBP/2022
2022-10-17,5.5801,-0.15,201/A/NBP/2022
2022-10-14,5.5886,0.89,200/A/NBP/2022
2022-10-13,5.5395,0.34,199/A/NBP/2022
2022-10-12,5.5205,-0.37,198/A/NBP/2022
2022-10-11,5.541,-0.24,197/A/NBP/2022
2022-10-10,5.5542,0.07,196/A/NBP/2022
2022-10-07,5.5505,0.37,195/A/NBP/2022
2022-10-06,5.5303,0.06,194/A/NBP/2022
2022-10-05,5.5269,-0.09,193/A/NBP/2022
2022-10-04,5.532,0.3,192/A/NBP/2022
2022-10-03,5.5155,-0.73,191/A/NBP/2022
2022-09-30,5.556,2.26,190/A/NBP/2022
2022-09-29,5.4331,0.88,189/A/NBP/2022
2022-09-28,5.3856,0.73,188/A/NBP/2022
2022-09-27,5.3465,1.22,187/A/NBP/2022
2022-09-26,5.2822,-3.13,186/A/NBP/2022
2022-09-23,5.453,-0.4,185/A/NBP/2022
2022-09-22,5.475,0.85,184/A/NBP/2022
2022-09-21,5.4289,0.79,183/A/NBP/2022
2022-09-20,5.3866,0.29,182/A/NBP/2022
2022-09-19,5.3711,-0.32,181/A/NBP/2022
2022-09-16,5.3882,-0.97,180/A/NBP/2022
2022-09-15,5.4412,-0.17,179/A/NBP/2022
2022-09-14,5.4504,0.36,178/A/NBP/2022
2022-09-13,5.4311,0.49,177/A/NBP/2022
2022-09-12,5.4044,-0.26,176/A/NBP/2022
2022-09-09,5.4185,-0.25,175/A/NBP/2022
2022-09-08,5.4322,-0.68,174/A/NBP/2022
2022-09-07,5.4696,-0.23,173/A/NBP/2022
2022-09-06,5.4821,0.04,172/A/NBP/2022
2022-09-05,5.4798,0.32,171/A/NBP/2022
2022-09-02,5.4622,0.29,170/A/NBP/2022
2022-09-01,5.4464,-1.2,169/A/NBP/2022
2022-08-31,5.5126,-0.52,168/A/NBP/2022
2022-08-30,5.5413,-0.61,167/A/NBP/2022
2022-08-29,5.5752,-0.46,166/A/NBP/2022
2022-08-26,5.6007,-0.54,165/A/NBP/2022
2022-08-25,5.6312,-0.83,164/A/NBP/2022
2022-08-24,5.6784,0.38,163/A/NBP/2022
2022-08-23,5.6567,0.97,162/A/NBP/2022
2022-08-22,5.6022,0.07,161/A/NBP/2022
2022-08-19,5.5981,0,160/A/NBP/2022
2022-08-18,5.5983,0.3,159/A/NBP/2022
2022-08-17,5.5818,0.19,158/A/NBP/2022
2022-08-16,5.5711,0.64,157/A/NBP/2022
2022-08-12,5.5357,0.03,156/A/NBP/2022
2022-08-11,5.5339,-0.78,155/A/NBP/2022
2022-08-10,5.5775,0.23,154/A/NBP/2022
2022-08-09,5.5646,-0.19,153/A/NBP/2022
2022-08-08,5.5752,-0.25,152/A/NBP/2022
2022-08-05,5.5889,-0.86,151/A/NBP/2022
2022-08-04,5.6374,0.27,150/A/NBP/2022
2022-08-03,5.6221,0.28,149/A/NBP/2022
2022-08-02,5.6062,-0.97,148/A/NBP/2022
2022-08-01,5.6612,0.32,147/A/NBP/2022
2022-07-29,5.6434,-1.37,146/A/NBP/2022
2022-07-28,5.722,0.65,145/A/NBP/2022
2022-07-27,5.685,2.21,144/A/NBP/2022
2022-07-26,5.5621,0.17,143/A/NBP/2022
2022-07-25,5.5525,-1.03,142/A/NBP/2022
2022-07-22,5.6103,0.65,141/A/NBP/2022
2022-07-21,5.5738,-0.2,140/A/NBP/2022
2022-07-20,5.5852,-0.28,139/A/NBP/2022
2022-07-19,5.6009,-0.58,138/A/NBP/2022
2022-07-18,5.6333,-0.72,137/A/NBP/2022
2022-07-15,5.6739,-0.74,136/A/NBP/2022
2022-07-14,5.7163,-0.31,135/A/NBP/2022
2022-07-13,5.7338,0.38,134/A/NBP/2022
2022-07-12,5.7119,0.68,133/A/NBP/2022
2022-07-11,5.6736,0.25,132/A/NBP/2022
2022-07-08,5.6594,0.54,131/A/NBP/2022
2022-07-07,5.629,0.58,130/A/NBP/2022
2022-07-06,5.5968,1.15,129/A/NBP/2022
2022-07-05,5.5334,1.37,128/A/NBP/2022
2022-07-04,5.4587,0.01,127/A/NBP/2022
2022-07-01,5.4583,0.28,126/A/NBP/2022
2022-06-30,5.4429,0.39,125/A/NBP/2022
2022-06-29,5.4215,-0.54,124/A/NBP/2022
2022-06-28,5.451,-0.27,123/A/NBP/2022
2022-06-27,5.4655,-0.32,122/A/NBP/2022
2022-06-24,5.4831,0.14,121/A/NBP/2022
2022-06-23,5.4756,1.08,120/A/NBP/2022
2022-06-22,5.4171,0.2,119/A/NBP/2022
2022-06-21,5.4064,-0.57,118/A/NBP/2022
2022-06-20,5.4376,-1.08,117/A/NBP/2022
2022-06-17,5.4971,2.31,116/A/NBP/2022
2022-06-15,5.3729,-0.58,115/A/NBP/2022
2022-06-14,5.4041,0.04,114/A/NBP/2022
2022-06-13,5.4022,-0.19,113/A/NBP/2022
2022-06-10,5.4127,1.05,112/A/NBP/2022
2022-06-09,5.3566,-0.28,111/A/NBP/2022
2022-06-08,5.3719,0.14,110/A/NBP/2022
2022-06-07,5.3644,-5.99,109/A/NBP/2022
2022-06-06,5.3655,-0.05,108/A/NBP/2022
2022-06-03,5.3681,-0.28,107/A/NBP/2022
2022-06-02,5.3832,-0.03,106/A/NBP/2022
2022-06-01,5.385,0.12,105/A/NBP/2022
2022-05-31,5.3783,-0.07,104/A/NBP/2022
2022-05-30,5.3821,-0.72,103/A/NBP/2022
2022-05-27,5.4209,-0.09,102/A/NBP/2022
2022-05-26,5.4257,0.59,101/A/NBP/2022
2022-05-25,5.3938,0.3,100/A/NBP/2022
2022-05-24,5.3775,-1.75,099/A/NBP/2022
2022-05-23,5.4524,1.64,098/A/NBP/2022
2022-05-20,5.4735,-0.11,097/A/NBP/2022
2022-05-19,5.4796,0,096/A/NBP/2022
2022-05-18,5.4797,-1.05,095/A/NBP/2022
2022-05-17,5.5377,1.05,094/A/NBP/2022
2022-05-16,5.4799,0.12,093/A/NBP/2022
2022-05-13,5.4736,0.17,092/A/NBP/2022
2022-05-12,5.4644,-0.06,091/A/NBP/2022
2022-05-11,5.4677,0.21,090/A/NBP/2022
2022-05-10,5.4564,-0.71,089/A/NBP/2022
2022-05-09,5.4956,0.08,088/A/NBP/2022
2022-05-06,5.4914,-0.56,087/A/NBP/2022
2022-05-05,5.5223,-0.73,086/A/NBP/2022
2022-05-04,5.5631,-0.47,085/A/NBP/2022
2022-05-02,5.5894,1.04,084/A/NBP/2022
2022-04-29,5.532,-1.08,083/A/NBP/2022
2022-04-28,5.5924,0.32,082/A/NBP/2022
2022-04-27,5.5744,0.8,081/A/NBP/2022
2022-04-26,5.5299,0.44,080/A/NBP/2022
2022-04-25,5.5054,-0.49,079/A/NBP/2022
2022-04-22,5.5327,-0.56,078/A/NBP/2022
2022-04-21,5.5636,-0.03,077/A/NBP/2022
2022-04-20,5.565,-0.49,076/A/NBP/2022
2022-04-19,5.5924,-0.17,075/A/NBP/2022
2022-04-15,5.6019,0.17,074/A/NBP/2022
2022-04-14,5.5923,0.29,073/A/NBP/2022
2022-04-13,5.5761,-0.1,072/A/NBP/2022
2022-04-12,5.5819,0.6,071/A/NBP/2022
2022-04-11,5.5484,-0.39,070/A/NBP/2022
2022-04-08,5.5702,-0.28,069/A/NBP/2022
2022-04-07,5.586,0.1,068/A/NBP/2022
2022-04-06,5.5802,0.71,067/A/NBP/2022
2022-04-05,5.541,0.42,066/A/NBP/2022
2022-04-04,5.518,0.12,065/A/NBP/2022
2022-04-01,5.5114,0.5,064/A/NBP/2022
2022-03-31,5.4842,0.12,063/A/NBP/2022
2022-03-30,5.4775,-2.27,062/A/NBP/2022
2022-03-29,5.605,-0.46,061/A/NBP/2022
2022-03-28,5.6311,-0.81,060/A/NBP/2022
2022-03-25,5.6769,0.34,059/A/NBP/2022
2022-03-24,5.7061,4.65,058/A/NBP/2022
2022-03-23,5.6574,0.45,057/A/NBP/2022
2022-03-22,5.6322,0.9,056/A/NBP/2022
2022-03-21,5.5819,-0.52,055/A/NBP/2022
2022-03-18,5.6109,0.44,054/A/NBP/2022
2022-03-17,5.5865,-0.12,053/A/NBP/2022
2022-03-16,5.5931,-0.22,052/A/NBP/2022
2022-03-15,5.6056,-0.57,051/A/NBP/2022
2022-03-14,5.6375,-1.32,050/A/NBP/2022
2022-03-11,5.7127,-0.24,049/A/NBP/2022
2022-03-10,5.7264,-1.36,048/A/NBP/2022
2022-03-09,5.8051,-1.93,047/A/NBP/2022
2022-03-08,5.9196,-1.69,046/A/NBP/2022
2022-03-07,6.0211,3.08,045/A/NBP/2022
2022-03-04,5.8413,0.92,044/A/NBP/2022
2022-03-03,5.7881,0.43,043/A/NBP/2022
2022-03-02,5.7631,1.83,042/A/NBP/2022
2022-03-01,5.6593,0.82,041/A/NBP/2022
2022-02-28,5.6131,0.68,040/A/NBP/2022
2022-02-25,5.5751,0.52,039/A/NBP/2022
2022-02-24,5.546,2.07,038/A/NBP/2022
2022-02-23,5.4333,-0.27,037/A/NBP/2022
2022-02-22,5.4482,0.47,036/A/NBP/2022
2022-02-21,5.4227,0.01,035/A/NBP/2022
2022-02-18,5.4222,0.43,034/A/NBP/2022
2022-02-17,5.3988,0.83,033/A/NBP/2022
2022-02-16,5.3542,-0.58,032/A/NBP/2022
2022-02-15,5.3856,-1.44,031/A/NBP/2022
2022-02-14,5.4645,1.62,030/A/NBP/2022
2022-02-11,5.3772,1.03,029/A/NBP/2022
2022-02-10,5.3225,-0.76,028/A/NBP/2022
2022-02-09,5.3633,-0.3,027/A/NBP/2022
2022-02-08,5.3792,-0.19,026/A/NBP/2022
2022-02-07,5.3893,0.15,025/A/NBP/2022
2022-02-04,5.381,-1.44,024/A/NBP/2022
2022-02-03,5.4598,0.08,023/A/NBP/2022
2022-02-02,5.4556,-0.66,022/A/NBP/2022
2022-02-01,5.492,-0.72,021/A/NBP/2022
2022-01-31,5.532,0.7,020/A/NBP/2022
2022-01-28,5.4934,0.21,019/A/NBP/2022
2022-01-27,5.4818,-0.25,018/A/NBP/2022
2022-01-26,5.4958,0.41,017/A/NBP/2022
2022-01-25,5.4731,1.04,016/A/NBP/2022
2022-01-24,5.4169,-0.08,015/A/NBP/2022
2022-01-21,5.421,-0.13,014/A/NBP/2022
2022-01-20,5.4279,-0.14,013/A/NBP/2022
2022-01-19,5.4357,0.39,012/A/NBP/2022
2022-01-18,5.4144,0.04,011/A/NBP/2022
2022-01-17,5.4123,-0.49,010/A/NBP/2022
2022-01-14,5.4387,0.33,009/A/NBP/2022
2022-01-13,5.4209,-0.25,008/A/NBP/2022
2022-01-12,5.4345,-0.43,007/A/NBP/2022
2022-01-11,5.458,0.32,006/A/NBP/2022
2022-01-10,5.4406,-0.35,005/A/NBP/2022
2022-01-07,5.4595,-0.12,004/A/NBP/2022
2022-01-05,5.4658,-0.03,003/A/NBP/2022
2022-01-04,5.4677,0.06,002/A/NBP/2022
2022-01-03,5.4643,-0.37,001/A/NBP/2022
2021-12-31,5.4846,0.3,254/A/NBP/2021
2021-12-30,5.468,-0.02,253/A/NBP/2021
2021-12-29,5.4693,0.13,252/A/NBP/2021
2021-12-28,5.4623,-0.33,251/A/NBP/2021
2021-12-27,5.4805,0.21,250/A/NBP/2021
2021-12-24,5.4691,-0.36,249/A/NBP/2021
2021-12-23,5.4889,0.81,248/A/NBP/2021
2021-12-22,5.445,0.41,247/A/NBP/2021
2021-12-21,5.4229,-0.14,246/A/NBP/2021
2021-12-20,5.4304,-0.26,245/A/NBP/2021
2021-12-17,5.4443,0.06,244/A/NBP/2021
2021-12-16,5.4408,0.08,243/A/NBP/2021
2021-12-15,5.4363,0.06,242/A/NBP/2021
2021-12-14,5.433,0.04,241/A/NBP/2021
2021-12-13,5.431,0.62,240/A/NBP/2021
2021-12-10,5.3977,0.09,239/A/NBP/2021
2021-12-09,5.3927,0.03,238/A/NBP/2021
2021-12-08,5.3909,-0.35,237/A/NBP/2021
2021-12-07,5.4098,0.45,236/A/NBP/2021
2021-12-06,5.3854,-0.31,235/A/NBP/2021
2021-12-03,5.4021,-0.17,234/A/NBP/2021
2021-12-02,5.4114,-0.98,233/A/NBP/2021
2021-12-01,5.4651,-0.76,232/A/NBP/2021
2021-11-30,5.507,-0.83,231/A/NBP/2021
2021-11-29,5.5531,-0.12,230/A/NBP/2021
2021-11-26,5.5597,0.23,229/A/NBP/2021
2021-11-25,5.5469,-0.56,228/A/NBP/2021
2021-11-24,5.5781,-0.47,227/A/NBP/2021
2021-11-23,5.6043,-0.28,226/A/NBP/2021
2021-11-22,5.6202,0.92,225/A/NBP/2021
2021-11-19,5.569,0.38,224/A/NBP/2021
2021-11-18,5.548,0.24,223/A/NBP/2021
2021-11-17,5.5345,0.1,222/A/NBP/2021
2021-11-16,5.5291,1.77,221/A/NBP/2021
2021-11-15,5.433,0,220/A/NBP/2021
2021-11-12,5.4328,1.01,219/A/NBP/2021
2021-11-10,5.3784,-0.19,218/A/NBP/2021
2021-11-09,5.3885,0.5,217/A/NBP/2021
2021-11-08,5.3617,0.02,216/A/NBP/2021
2021-11-05,5.3604,-1.19,215/A/NBP/2021
2021-11-04,5.4249,0.33,214/A/NBP/2021
2021-11-03,5.407,-0.33,213/A/NBP/2021
2021-11-02,5.425,-0.68,212/A/NBP/2021
2021-10-29,5.4619,-0.53,211/A/NBP/2021
2021-10-28,5.491,0.49,210/A/NBP/2021
2021-10-27,5.464,-0.26,209/A/NBP/2021
2021-10-26,5.4784,0.72,208/A/NBP/2021
2021-10-25,5.4395,-0.47,207/A/NBP/2021
2021-10-22,5.4652,0.35,206/A/NBP/2021
2021-10-21,5.4461,0.25,205/A/NBP/2021
2021-10-20,5.4327,0.45,204/A/NBP/2021
2021-10-19,5.4084,-0.14,203/A/NBP/2021
2021-10-18,5.4158,0.14,202/A/NBP/2021
2021-10-15,5.4083,0.11,201/A/NBP/2021
2021-10-14,5.4022,0.02,200/A/NBP/2021
2021-10-13,5.401,0.14,199/A/NBP/2021
2021-10-12,5.3936,-0.85,198/A/NBP/2021
2021-10-11,5.44,0.56,197/A/NBP/2021
2021-10-08,5.4095,1.21,196/A/NBP/2021
2021-10-07,5.3446,-1.39,195/A/NBP/2021
2021-10-06,5.42,0.27,194/A/NBP/2021
2021-10-05,5.4056,1.26,193/A/NBP/2021
2021-10-04,5.3382,-0.15,192/A/NBP/2021
2021-10-01,5.3463,-0.35,191/A/NBP/2021
2021-09-30,5.3653,0.13,190/A/NBP/2021
2021-09-29,5.3582,-0.89,189/A/NBP/2021
2021-09-28,5.4061,0.46,188/A/NBP/2021
2021-09-27,5.3815,-0.09,187/A/NBP/2021
2021-09-24,5.3866,0.49,186/A/NBP/2021
2021-09-23,5.3605,-0.41,185/A/NBP/2021
2021-09-22,5.3828,0,184/A/NBP/2021
2021-09-21,5.3827,0.21,183/A/NBP/2021
2021-09-20,5.3712,0.15,182/A/NBP/2021
2021-09-17,5.3633,-0.12,181/A/NBP/2021
2021-09-16,5.3697,0.88,180/A/NBP/2021
2021-09-15,5.3228,-0.4,179/A/NBP/2021
2021-09-14,5.3442,0.48,178/A/NBP/2021
2021-09-13,5.3189,-0.2,177/A/NBP/2021
2021-09-10,5.3296,0.77,176/A/NBP/2021
2021-09-09,5.2889,0.56,175/A/NBP/2021
2021-09-08,5.2596,0.05,174/A/NBP/2021
2021-09-07,5.257,-0.17,173/A/NBP/2021
2021-09-06,5.2659,0.16,172/A/NBP/2021
2021-09-03,5.2577,0.24,171/A/NBP/2021
2021-09-02,5.2452,-0.3,170/A/NBP/2021
2021-09-01,5.261,-0.47,169/A/NBP/2021
2021-08-31,5.2859,-0.82,168/A/NBP/2021
2021-08-30,5.3296,-0.2,167/A/NBP/2021
2021-08-27,5.3405,-0.08,166/A/NBP/2021
2021-08-26,5.3446,0.14,165/A/NBP/2021
2021-08-25,5.337,-0.41,164/A/NBP/2021
2021-08-24,5.3589,0.37,163/A/NBP/2021
2021-08-23,5.3394,-0.27,162/A/NBP/2021
2021-08-20,5.3536,-0.21,161/A/NBP/2021
2021-08-19,5.3649,0.34,160/A/NBP/2021
2021-08-18,5.3465,-0.2,159/A/NBP/2021
2021-08-17,5.3571,-0.21,158/A/NBP/2021
2021-08-16,5.3682,-0.08,157/A/NBP/2021
2021-08-13,5.3726,-0.81,156/A/NBP/2021
2021-08-12,5.4166,0.2,155/A/NBP/2021
2021-08-11,5.406,0.15,154/A/NBP/2021
2021-08-10,5.3977,0.17,153/A/NBP/2021
2021-08-09,5.3883,0.51,152/A/NBP/2021
2021-08-06,5.3612,0.11,151/A/NBP/2021
2021-08-05,5.3553,0.2,150/A/NBP/2021
2021-08-04,5.3448,0.27,149/A/NBP/2021
2021-08-03,5.3305,-0.22,148/A/NBP/2021
2021-08-02,5.3424,-0.48,147/A/NBP/2021
2021-07-30,5.3681,-0.42,146/A/NBP/2021
2021-07-29,5.3909,-0.13,145/A/NBP/2021
2021-07-28,5.3979,0.4,144/A/NBP/2021
2021-07-27,5.3766,0.34,143/A/NBP/2021
2021-07-26,5.3582,0.44,142/A/NBP/2021
2021-07-23,5.3349,0.12,141/A/NBP/2021
2021-07-22,5.3286,0.16,140/A/NBP/2021
2021-07-21,5.3203,-0.2,139/A/NBP/2021
2021-07-20,5.3307,-0.23,138/A/NBP/2021
2021-07-19,5.3432,-0.66,137/A/NBP/2021
2021-07-16,5.3788,0.56,136/A/NBP/2021
2021-07-15,5.349,-0.84,135/A/NBP/2021
2021-07-14,5.3941,0.99,134/A/NBP/2021
2021-07-13,5.3412,0.41,133/A/NBP/2021
2021-07-12,5.3192,0.47,132/A/NBP/2021
2021-07-09,5.2942,-0.02,131/A/NBP/2021
2021-07-08,5.2955,0.54,130/A/NBP/2021
2021-07-07,5.2671,-0.02,129/A/NBP/2021
2021-07-06,5.2683,0.15,128/A/NBP/2021
2021-07-05,5.2606,-0.05,127/A/NBP/2021
2021-07-02,5.2631,0.11,126/A/NBP/2021
2021-07-01,5.2574,-0.08,125/A/NBP/2021
2021-06-30,5.2616,0.3,124/A/NBP/2021
2021-06-29,5.2459,-0.24,123/A/NBP/2021
2021-06-28,5.2585,0.13,122/A/NBP/2021
2021-06-25,5.2516,-1.05,121/A/NBP/2021
2021-06-24,5.3072,0.3,120/A/NBP/2021
2021-06-23,5.2915,0.06,119/A/NBP/2021
2021-06-22,5.2883,0,118/A/NBP/2021
2021-06-21,5.2883,-0.25,117/A/NBP/2021
2021-06-18,5.3015,0.03,116/A/NBP/2021
2021-06-17,5.2999,0.65,115/A/NBP/2021
2021-06-16,5.2657,0.08,114/A/NBP/2021
2021-06-15,5.2617,0.47,113/A/NBP/2021
2021-06-14,5.2369,0.63,112/A/NBP/2021
2021-06-11,5.204,0.32,111/A/NBP/2021
2021-06-10,5.1876,0.08,110/A/NBP/2021
2021-06-09,5.1837,-0.1,109/A/NBP/2021
2021-06-08,5.1889,0.1,108/A/NBP/2021
2021-06-07,5.1838,-0.64,107/A/NBP/2021
2021-06-04,5.2174,0.68,106/A/NBP/2021
2021-06-02,5.1821,-0.19,105/A/NBP/2021
2021-06-01,5.1919,-0.24,104/A/NBP/2021
2021-05-31,5.2044,-0.3,103/A/NBP/2021
2021-05-28,5.22,0.15,102/A/NBP/2021
2021-05-27,5.2124,0.34,101/A/NBP/2021
2021-05-26,5.1945,0.18,100/A/NBP/2021
2021-05-25,5.185,-0.33,099/A/NBP/2021
2021-05-24,5.2022,-0.43,098/A/NBP/2021
2021-05-21,5.2249,-0.14,097/A/NBP/2021
2021-05-20,5.232,-0.52,096/A/NBP/2021
2021-05-19,5.2596,-0.12,095/A/NBP/2021
2021-05-18,5.2657,0.1,094/A/NBP/2021
2021-05-17,5.2602,0.06,093/A/NBP/2021
2021-05-14,5.2571,-0.55,092/A/NBP/2021
2021-05-13,5.2861,-0.2,091/A/NBP/2021
2021-05-12,5.2969,-0.15,090/A/NBP/2021
2021-05-11,5.305,0.43,089/A/NBP/2021
2021-05-10,5.2823,0.2,088/A/NBP/2021
2021-05-07,5.272,-0.36,087/A/NBP/2021
2021-05-06,5.2908,-0.14,086/A/NBP/2021
2021-05-05,5.2984,0.69,085/A/NBP/2021
2021-05-04,5.2622,0.25,084/A/NBP/2021
2021-04-30,5.2491,-0.36,083/A/NBP/2021
2021-04-29,5.2681,0.04,082/A/NBP/2021
2021-04-28,5.2662,0.45,081/A/NBP/2021
2021-04-27,5.2426,0.13,080/A/NBP/2021
2021-04-26,5.2359,-0.31,079/A/NBP/2021
2021-04-23,5.2521,-0.25,078/A/NBP/2021
2021-04-22,5.2655,-0.39,077/A/NBP/2021
2021-04-21,5.2862,0.2,076/A/NBP/2021
2021-04-20,5.2755,0.54,075/A/NBP/2021
2021-04-19,5.2474,0.46,074/A/NBP/2021
2021-04-16,5.2235,-0.27,073/A/NBP/2021
2021-04-15,5.2376,-0.26,072/A/NBP/2021
2021-04-14,5.2513,-0.41,071/A/NBP/2021
2021-04-13,5.2727,0.6,070/A/NBP/2021
2021-04-12,5.2411,0.03,069/A/NBP/2021
2021-04-09,5.2393,-0.5,068/A/NBP/2021
2021-04-08,5.2658,-1.4,067/A/NBP/2021
2021-04-07,5.3406,-1.09,066/A/NBP/2021
2021-04-06,5.3994,0.11,065/A/NBP/2021
2021-04-02,5.3937,-0.7,064/A/NBP/2021
2021-04-01,5.4316,-0.66,063/A/NBP/2021
2021-03-31,5.4679,0.24,062/A/NBP/2021
2021-03-30,5.4549,-0.18,061/A/NBP/2021
2021-03-29,5.4645,0.8,060/A/NBP/2021
2021-03-26,5.4211,0.8,059/A/NBP/2021
2021-03-25,5.378,0.18,058/A/NBP/2021
2021-03-24,5.3684,0.58,057/A/NBP/2021
2021-03-23,5.3375,-0.63,056/A/NBP/2021
2021-03-22,5.3711,-0.75,055/A/NBP/2021
2021-03-19,5.4116,0.14,054/A/NBP/2021
2021-03-18,5.4038,0.52,053/A/NBP/2021
2021-03-17,5.3758,0.93,052/A/NBP/2021
2021-03-16,5.3262,-0.54,051/A/NBP/2021
2021-03-15,5.3553,-0.07,050/A/NBP/2021
2021-03-12,5.3591,0.34,049/A/NBP/2021
2021-03-11,5.3411,-0.04,048/A/NBP/2021
2021-03-10,5.3434,-0.13,047/A/NBP/2021
2021-03-09,5.3506,0.05,046/A/NBP/2021
2021-03-08,5.3478,0.8,045/A/NBP/2021
2021-03-05,5.3056,0.64,044/A/NBP/2021
2021-03-04,5.2717,0.51,043/A/NBP/2021
2021-03-03,5.245,0.16,042/A/NBP/2021
2021-03-02,5.2367,-0.06,041/A/NBP/2021
2021-03-01,5.2396,0.87,040/A/NBP/2021
2021-02-26,5.1946,-0.8,039/A/NBP/2021
2021-02-25,5.2367,-0.46,038/A/NBP/2021
2021-02-24,5.2607,0.6,037/A/NBP/2021
2021-02-23,5.2294,0.49,036/A/NBP/2021
2021-02-22,5.2037,0.54,035/A/NBP/2021
2021-02-19,5.1755,0.04,034/A/NBP/2021
2021-02-18,5.1732,-0.07,033/A/NBP/2021
2021-02-17,5.1769,0.62,032/A/NBP/2021
2021-02-16,5.1451,0.19,031/A/NBP/2021
2021-02-15,5.1353,0.15,030/A/NBP/2021
2021-02-12,5.1274,-0.14,029/A/NBP/2021
2021-02-11,5.1346,0.38,028/A/NBP/2021
2021-02-10,5.1152,0.39,027/A/NBP/2021
2021-02-09,5.0954,-0.34,026/A/NBP/2021
2021-02-08,5.113,-0.55,025/A/NBP/2021
2021-02-05,5.1412,0.9,024/A/NBP/2021
2021-02-04,5.0955,0.04,023/A/NBP/2021
2021-02-03,5.0937,-0.26,022/A/NBP/2021
2021-02-02,5.1069,-0.33,021/A/NBP/2021
2021-02-01,5.124,0.1,020/A/NBP/2021
2021-01-29,5.119,-0.16,019/A/NBP/2021
2021-01-28,5.127,-0.48,018/A/NBP/2021
2021-01-27,5.1516,0.55,017/A/NBP/2021
2021-01-26,5.1235,0.18,016/A/NBP/2021
2021-01-25,5.1141,0.43,015/A/NBP/2021
2021-01-22,5.092,-0.63,014/A/NBP/2021
2021-01-21,5.1244,0.34,013/A/NBP/2021
2021-01-20,5.1069,0.34,012/A/NBP/2021
2021-01-19,5.0897,-0.21,011/A/NBP/2021
2021-01-18,5.1002,-0.2,010/A/NBP/2021
2021-01-15,5.1104,0.3,009/A/NBP/2021
2021-01-14,5.0953,0.21,008/A/NBP/2021
2021-01-13,5.0845,0.51,007/A/NBP/2021
2021-01-12,5.0588,0.6,006/A/NBP/2021
2021-01-11,5.0288,0.14,005/A/NBP/2021
2021-01-08,5.0216,0.77,004/A/NBP/2021
2021-01-07,4.9832,-0.85,003/A/NBP/2021
2021-01-05,5.0261,-0.65,002/A/NBP/2021
2021-01-04,5.0589,-1.44,001/A/NBP/2021
2020-12-31,5.1327,2.44,255/A/NBP/2020
2020-12-30,5.0102,1.11,254/A/NBP/2020
2020-12-29,4.955,-0.21,253/A/NBP/2020
2020-12-28,4.9656,-1.25,252/A/NBP/2020
2020-12-24,5.0286,1.5,251/A/NBP/2020
2020-12-23,4.9542,0.05,250/A/NBP/2020
2020-12-22,4.9515,1,249/A/NBP/2020
2020-12-21,4.9024,0.02,248/A/NBP/2020
2020-12-18,4.9012,-0.49,247/A/NBP/2020
2020-12-17,4.9251,0.29,246/A/NBP/2020
2020-12-16,4.9108,0.87,245/A/NBP/2020
2020-12-15,4.8684,-0.65,244/A/NBP/2020
2020-12-14,4.9004,1.21,243/A/NBP/2020
2020-12-11,4.8418,-0.6,242/A/NBP/2020
2020-12-10,4.8708,-1.18,241/A/NBP/2020
2020-12-09,4.9289,0.04,240/A/NBP/2020
2020-12-08,4.927,0.37,239/A/NBP/2020
2020-12-07,4.9089,-0.96,238/A/NBP/2020
2020-12-04,4.9565,0.01,237/A/NBP/2020
2020-12-03,4.9562,0.28,236/A/NBP/2020
2020-12-02,4.9426,-0.96,235/A/NBP/2020
2020-12-01,4.9904,0.22,234/A/NBP/2020
2020-11-30,4.9793,-0.89,233/A/NBP/2020
2020-11-27,5.0239,0.04,232/A/NBP/2020
2020-11-26,5.0221,0.24,231/A/NBP/2020
2020-11-25,5.0101,-0.36,230/A/NBP/2020
2020-11-24,5.0283,0.02,229/A/NBP/2020
2020-11-23,5.0273,0.51,228/A/NBP/2020
2020-11-20,5.0016,-0.02,227/A/NBP/2020
2020-11-19,5.0027,0.03,226/A/NBP/2020
2020-11-18,5.0013,-0.16,225/A/NBP/2020
2020-11-17,5.0092,0.67,224/A/NBP/2020
2020-11-16,4.9761,-0.62,223/A/NBP/2020
2020-11-13,5.0072,-0.03,222/A/NBP/2020
2020-11-12,5.0087,-0.95,221/A/NBP/2020
2020-11-10,5.0567,1.95,220/A/NBP/2020
2020-11-09,4.9602,-1.18,219/A/NBP/2020
2020-11-06,5.0196,0.31,218/A/NBP/2020
2020-11-05,5.0042,-1.07,217/A/NBP/2020
2020-11-04,5.0585,-0.34,216/A/NBP/2020
2020-11-03,5.076,-0.62,215/A/NBP/2020
2020-11-02,5.1076,-0.38,214/A/NBP/2020
2020-10-30,5.1269,-0.26,213/A/NBP/2020
2020-10-29,5.1404,0.8,212/A/NBP/2020
2020-10-28,5.0998,0.77,211/A/NBP/2020
2020-10-27,5.0607,0.06,210/A/NBP/2020
2020-10-26,5.0579,-0.06,209/A/NBP/2020
2020-10-23,5.0608,-0.31,208/A/NBP/2020
2020-10-22,5.0766,0.58,207/A/NBP/2020
2020-10-21,5.0472,0.04,206/A/NBP/2020
2020-10-20,5.0451,0.15,205/A/NBP/2020
2020-10-19,5.0374,-0.07,204/A/NBP/2020
2020-10-16,5.0407,0.07,203/A/NBP/2020
2020-10-15,5.037,1.9,202/A/NBP/2020
2020-10-14,4.9429,-0.25,201/A/NBP/2020
2020-10-13,4.9554,0.38,200/A/NBP/2020
2020-10-12,4.9364,0.56,199/A/NBP/2020
2020-10-09,4.9089,-0.75,198/A/NBP/2020
2020-10-08,4.946,0.52,197/A/NBP/2020
2020-10-07,4.9204,-0.79,196/A/NBP/2020
2020-10-06,4.9598,0.12,195/A/NBP/2020
2020-10-05,4.9541,-0.27,194/A/NBP/2020
2020-10-02,4.9674,0.57,193/A/NBP/2020
2020-10-01,4.9391,-0.34,192/A/NBP/2020
2020-09-30,4.956,-1.9,191/A/NBP/2020
2020-09-29,5.0522,0.8,190/A/NBP/2020
2020-09-28,5.0121,0.64,189/A/NBP/2020
2020-09-25,4.9802,0.68,188/A/NBP/2020
2020-09-24,4.9467,1.4,187/A/NBP/2020
2020-09-23,4.8785,-0.83,186/A/NBP/2020
2020-09-22,4.9195,0.89,185/A/NBP/2020
2020-09-21,4.8759,-0.11,184/A/NBP/2020
2020-09-18,4.8811,-0.13,183/A/NBP/2020
2020-09-17,4.8874,0.88,182/A/NBP/2020
2020-09-16,4.8447,0.45,181/A/NBP/2020
2020-09-15,4.8232,0.05,180/A/NBP/2020
2020-09-14,4.8207,0.47,179/A/NBP/2020
2020-09-11,4.7983,-1.97,178/A/NBP/2020
2020-09-10,4.8949,-0.11,177/A/NBP/2020
2020-09-09,4.9002,-0.69,176/A/NBP/2020
2020-09-08,4.9341,-0.7,175/A/NBP/2020
2020-09-07,4.9688,-0.53,174/A/NBP/2020
2020-09-04,4.9953,0.52,173/A/NBP/2020
2020-09-03,4.9697,0.17,172/A/NBP/2020
2020-09-02,4.9614,0.73,171/A/NBP/2020
2020-09-01,4.9256,0.18,170/A/NBP/2020
2020-08-31,4.9166,0.1,169/A/NBP/2020
2020-08-28,4.9117,-0.3,168/A/NBP/2020
2020-08-27,4.9265,0.47,167/A/NBP/2020
2020-08-26,4.9036,0.72,166/A/NBP/2020
2020-08-25,4.8686,-0.32,165/A/NBP/2020
2020-08-24,4.8841,-0.44,164/A/NBP/2020
2020-08-21,4.9058,0.71,163/A/NBP/2020
2020-08-20,4.8714,0.13,162/A/NBP/2020
2020-08-19,4.8651,0.11,161/A/NBP/2020
2020-08-18,4.8599,0.13,160/A/NBP/2020
2020-08-17,4.8537,-0.32,159/A/NBP/2020
2020-08-14,4.8692,0.08,158/A/NBP/2020
2020-08-13,4.8652,-0.77,157/A/NBP/2020
2020-08-12,4.9028,0.19,156/A/NBP/2020
2020-08-11,4.8934,0.06,155/A/NBP/2020
2020-08-10,4.8904,0.05,154/A/NBP/2020
2020-08-07,4.8878,-0.27,153/A/NBP/2020
2020-08-06,4.9009,0.71,152/A/NBP/2020
2020-08-05,4.8665,-0.33,151/A/NBP/2020
2020-08-04,4.8828,-0.6,150/A/NBP/2020
2020-08-03,4.9125,0.69,149/A/NBP/2020
2020-07-31,4.879,0.06,148/A/NBP/2020
2020-07-30,4.8761,-0.01,147/A/NBP/2020
2020-07-29,4.8766,0.89,146/A/NBP/2020
2020-07-28,4.8335,0.02,145/A/NBP/2020
2020-07-27,4.8326,-0.17,144/A/NBP/2020
2020-07-24,4.8406,-0.01,143/A/NBP/2020
2020-07-23,4.8412,-0.74,142/A/NBP/2020
2020-07-22,4.8771,-1.02,141/A/NBP/2020
2020-07-21,4.9276,0.38,140/A/NBP/2020
2020-07-20,4.9091,-0.49,139/A/NBP/2020
2020-07-17,4.9331,-0.21,138/A/NBP/2020
2020-07-16,4.9434,0.25,137/A/NBP/2020
2020-07-15,4.9309,-0.54,136/A/NBP/2020
2020-07-14,4.9576,-0.62,135/A/NBP/2020
2020-07-13,4.9886,-0.11,134/A/NBP/2020
2020-07-10,4.9941,0.05,133/A/NBP/2020
2020-07-09,4.9914,0.43,132/A/NBP/2020
2020-07-08,4.9699,0.41,131/A/NBP/2020
2020-07-07,4.9496,0.1,130/A/NBP/2020
2020-07-06,4.9449,-0.22,129/A/NBP/2020
2020-07-03,4.956,0.12,128/A/NBP/2020
2020-07-02,4.95,0.93,127/A/NBP/2020
2020-07-01,4.9043,0.39,126/A/NBP/2020
2020-06-30,4.8851,-0.1,125/A/NBP/2020
2020-06-29,4.89,-0.71,124/A/NBP/2020
2020-06-26,4.925,-0.12,123/A/NBP/2020
2020-06-25,4.9307,0.1,122/A/NBP/2020
2020-06-24,4.9256,0.37,121/A/NBP/2020
2020-06-23,4.9075,-0.44,120/A/NBP/2020
2020-06-22,4.9293,-0.07,119/A/NBP/2020
2020-06-19,4.9328,-0.45,118/A/NBP/2020
2020-06-18,4.9551,-0.19,117/A/NBP/2020
2020-06-17,4.9646,0.53,116/A/NBP/2020
2020-06-16,4.9384,-0.09,115/A/NBP/2020
2020-06-15,4.943,-0.43,114/A/NBP/2020
2020-06-12,4.9644,-0.73,113/A/NBP/2020
2020-06-10,5.001,0.26,112/A/NBP/2020
2020-06-09,4.988,0.2,111/A/NBP/2020
2020-06-08,4.9779,0.44,110/A/NBP/2020
2020-06-05,4.9563,0.05,109/A/NBP/2020
2020-06-04,4.9536,0.71,108/A/NBP/2020
2020-06-03,4.9186,-0.3,107/A/NBP/2020
2020-06-02,4.9334,0.23,106/A/NBP/2020
2020-06-01,4.9223,0.02,105/A/NBP/2020
2020-05-29,4.9213,-0.21,104/A/NBP/2020
2020-05-28,4.9316,-1.03,103/A/NBP/2020
2020-05-27,4.9829,-0.93,102/A/NBP/2020
2020-05-26,5.0298,-0.32,101/A/NBP/2020
2020-05-25,5.046,-0.15,100/A/NBP/2020
2020-05-22,5.0538,-0.01,099/A/NBP/2020
2020-05-21,5.0543,-0.82,098/A/NBP/2020
2020-05-20,5.0962,-0.12,097/A/NBP/2020
2020-05-19,5.1024,-0.17,096/A/NBP/2020
2020-05-18,5.111,-0.61,095/A/NBP/2020
2020-05-15,5.1425,-0.29,094/A/NBP/2020
2020-05-14,5.1575,-0.23,093/A/NBP/2020
2020-05-13,5.1694,-0.33,092/A/NBP/2020
2020-05-12,5.1863,-0.48,091/A/NBP/2020
2020-05-11,5.2112,-0.05,090/A/NBP/2020
2020-05-08,5.2136,0.06,089/A/NBP/2020
2020-05-07,5.2107,0.21,088/A/NBP/2020
2020-05-06,5.1996,-0.23,087/A/NBP/2020
2020-05-05,5.2116,0.65,086/A/NBP/2020
2020-05-04,5.178,-0.51,085/A/NBP/2020
2020-04-30,5.2047,0.06,084/A/NBP/2020
2020-04-29,5.2017,-0.29,083/A/NBP/2020
2020-04-28,5.2168,0.63,082/A/NBP/2020
2020-04-27,5.1839,-0.11,081/A/NBP/2020
2020-04-24,5.1898,-0.17,080/A/NBP/2020
2020-04-23,5.1987,0.94,079/A/NBP/2020
2020-04-22,5.1501,-0.55,078/A/NBP/2020
2020-04-21,5.1785,0.08,077/A/NBP/2020
2020-04-20,5.1741,-0.73,076/A/NBP/2020
2020-04-17,5.2119,0.28,075/A/NBP/2020
2020-04-16,5.1976,0.03,074/A/NBP/2020
2020-04-15,5.1959,-0.72,073/A/NBP/2020
2020-04-14,5.2337,0.94,072/A/NBP/2020
2020-04-10,5.1851,0.14,071/A/NBP/2020
2020-04-09,5.1777,0.67,070/A/NBP/2020
2020-04-08,5.1434,-0.01,069/A/NBP/2020
2020-04-07,5.1437,-1.14,068/A/NBP/2020
2020-04-06,5.203,-0.26,067/A/NBP/2020
2020-04-03,5.2164,0.17,066/A/NBP/2020
2020-04-02,5.2075,0.94,065/A/NBP/2020
2020-04-01,5.1588,1.05,064/A/NBP/2020
2020-03-31,5.1052,0.7,063/A/NBP/2020
2020-03-30,5.0698,0.96,062/A/NBP/2020
2020-03-27,5.0218,0.34,061/A/NBP/2020
2020-03-26,5.0048,-0.99,060/A/NBP/2020
2020-03-25,5.0548,1.7,059/A/NBP/2020
2020-03-24,4.9702,0.43,058/A/NBP/2020
2020-03-23,4.9491,-0.73,057/A/NBP/2020
2020-03-20,4.9856,1.93,056/A/NBP/2020
2020-03-19,4.891,-0.15,055/A/NBP/2020
2020-03-18,4.8984,-0.52,054/A/NBP/2020
2020-03-17,4.9241,2.24,053/A/NBP/2020
2020-03-16,4.8161,-2.09,052/A/NBP/2020
2020-03-13,4.9191,-0.15,051/A/NBP/2020
2020-03-12,4.9267,-0.45,050/A/NBP/2020
2020-03-11,4.9492,-0.43,049/A/NBP/2020
2020-03-10,4.9707,-0.15,048/A/NBP/2020
2020-03-09,4.9782,0.25,047/A/NBP/2020
2020-03-06,4.9658,-0.12,046/A/NBP/2020
2020-03-05,4.9716,0.92,045/A/NBP/2020
2020-03-04,4.9264,-0.65,044/A/NBP/2020
2020-03-03,4.9584,-0.46,043/A/NBP/2020
2020-03-02,4.9815,-1.66,042/A/NBP/2020
2020-02-28,5.0657,-0.39,041/A/NBP/2020
2020-02-27,5.0855,-0.76,040/A/NBP/2020
2020-02-26,5.1246,-0.47,039/A/NBP/2020
2020-02-25,5.1489,0.38,038/A/NBP/2020
2020-02-24,5.1293,0.22,037/A/NBP/2020
2020-02-21,5.1178,0.13,036/A/NBP/2020
2020-02-20,5.1113,-0.66,035/A/NBP/2020
2020-02-19,5.145,0.35,034/A/NBP/2020
2020-02-18,5.1271,0.32,033/A/NBP/2020
2020-02-17,5.1109,0.28,032/A/NBP/2020
2020-02-14,5.0964,0.5,031/A/NBP/2020
2020-02-13,5.0711,0.15,030/A/NBP/2020
2020-02-12,5.0635,0.24,029/A/NBP/2020
2020-02-11,5.0512,0.32,028/A/NBP/2020
2020-02-10,5.035,-0.02,027/A/NBP/2020
2020-02-07,5.0359,0.36,026/A/NBP/2020
2020-02-06,5.0177,-0.65,025/A/NBP/2020
2020-02-05,5.0504,0.07,024/A/NBP/2020
2020-02-04,5.0467,-0.74,023/A/NBP/2020
2020-02-03,5.0844,-0.62,022/A/NBP/2020
2020-01-31,5.116,1.16,021/A/NBP/2020
2020-01-30,5.0574,-0.02,020/A/NBP/2020
2020-01-29,5.0584,-0.06,019/A/NBP/2020
2020-01-28,5.0614,-0.19,018/A/NBP/2020
2020-01-27,5.0709,0.65,017/A/NBP/2020
2020-01-24,5.0381,0.14,016/A/NBP/2020
2020-01-23,5.0312,0.84,015/A/NBP/2020
2020-01-22,4.9894,-0.05,014/A/NBP/2020
2020-01-21,4.9919,0.44,013/A/NBP/2020
2020-01-20,4.9698,0.03,012/A/NBP/2020
2020-01-17,4.9682,0.24,011/A/NBP/2020
2020-01-16,4.9562,0.42,010/A/NBP/2020
2020-01-15,4.9357,0.07,009/A/NBP/2020
2020-01-14,4.9322,-0.22,008/A/NBP/2020
2020-01-13,4.9432,-1.18,007/A/NBP/2020
2020-01-10,5.002,0.37,006/A/NBP/2020
2020-01-09,4.9837,-0.36,005/A/NBP/2020
2020-01-08,5.0018,0.28,004/A/NBP/2020
2020-01-07,4.9879,-0.11,003/A/NBP/2020
2020-01-03,4.9934,-0.55,002/A/NBP/2020
2020-01-02,5.0211,0.48,001/A/NBP/2020
2019-12-31,4.9971,0.18,251/A/NBP/2019
2019-12-30,4.9883,-0.27,250/A/NBP/2019
2019-12-27,5.0019,0.51,249/A/NBP/2019
2019-12-24,4.9765,-0.37,248/A/NBP/2019
2019-12-23,4.9952,-0.01,247/A/NBP/2019
2019-12-20,4.9958,-0.42,246/A/NBP/2019
2019-12-19,5.017,-0.11,245/A/NBP/2019
2019-12-18,5.0226,-0.37,244/A/NBP/2019
2019-12-17,5.0414,-1.31,243/A/NBP/2019
2019-12-16,5.1083,-0.41,242/A/NBP/2019
2019-12-13,5.1292,1.06,241/A/NBP/2019
2019-12-12,5.0756,-0.08,240/A/NBP/2019
2019-12-11,5.0798,-0.29,239/A/NBP/2019
2019-12-10,5.0945,0.06,238/A/NBP/2019
2019-12-09,5.0915,0.77,237/A/NBP/2019
2019-12-06,5.0527,-0.24,236/A/NBP/2019
2019-12-05,5.0651,0.4,235/A/NBP/2019
2019-12-04,5.045,0.36,234/A/NBP/2019
2019-12-03,5.027,-0.28,233/A/NBP/2019
2019-12-02,5.0411,-0.46,232/A/NBP/2019
2019-11-29,5.0645,-0.26,231/A/NBP/2019
2019-11-28,5.0775,0.82,230/A/NBP/2019
2019-11-27,5.0362,0.27,229/A/NBP/2019
2019-11-26,5.0224,-0.11,228/A/NBP/2019
2019-11-25,5.0281,0.53,227/A/NBP/2019
2019-11-22,5.0017,-0.25,226/A/NBP/2019
2019-11-21,5.0144,0.13,225/A/NBP/2019
2019-11-20,5.0081,-0.31,224/A/NBP/2019
2019-11-19,5.0238,-0.04,223/A/NBP/2019
2019-11-18,5.0257,0.49,222/A/NBP/2019
2019-11-15,5.0014,-0.23,221/A/NBP/2019
2019-11-14,5.013,0.28,220/A/NBP/2019
2019-11-13,4.9991,0.42,219/A/NBP/2019
2019-11-12,4.9782,0.62,218/A/NBP/2019
2019-11-08,4.9476,-0.15,217/A/NBP/2019
2019-11-07,4.9548,-0.12,216/A/NBP/2019
2019-11-06,4.9607,0.42,215/A/NBP/2019
2019-11-05,4.9399,0.35,214/A/NBP/2019
2019-11-04,4.9229,-0.36,213/A/NBP/2019
2019-10-31,4.9405,-0.14,212/A/NBP/2019
2019-10-30,4.9472,-0.03,211/A/NBP/2019
2019-10-29,4.9487,-0.03,210/A/NBP/2019
2019-10-28,4.9504,0.29,209/A/NBP/2019
2019-10-25,4.9362,-0.38,208/A/NBP/2019
2019-10-24,4.9551,0.21,207/A/NBP/2019
2019-10-23,4.9449,-0.5,206/A/NBP/2019
2019-10-22,4.97,-0.02,205/A/NBP/2019
2019-10-21,4.9709,0.08,204/A/NBP/2019
2019-10-18,4.9671,0.43,203/A/NBP/2019
2019-10-17,4.9456,-0.31,202/A/NBP/2019
2019-10-16,4.961,0.67,201/A/NBP/2019
2019-10-15,4.9282,0.58,200/A/NBP/2019
2019-10-14,4.8998,0.14,199/A/NBP/2019
2019-10-11,4.8929,2,198/A/NBP/2019
2019-10-10,4.7971,-0.49,197/A/NBP/2019
2019-10-09,4.8208,-0.31,196/A/NBP/2019
2019-10-08,4.8359,-0.44,195/A/NBP/2019
2019-10-07,4.8574,-0.17,194/A/NBP/2019
2019-10-04,4.8659,-0.35,193/A/NBP/2019
2019-10-03,4.8832,-0.55,192/A/NBP/2019
2019-10-02,4.9101,-0.45,191/A/NBP/2019
2019-10-01,4.9322,0.02,190/A/NBP/2019
2019-09-30,4.9313,-0.04,189/A/NBP/2019
2019-09-27,4.9332,-0.19,188/A/NBP/2019
2019-09-26,4.9426,-0.25,187/A/NBP/2019
2019-09-25,4.9552,0.09,186/A/NBP/2019
2019-09-24,4.9509,-0.43,185/A/NBP/2019
2019-09-23,4.9721,0.9,184/A/NBP/2019
2019-09-20,4.9277,0.44,183/A/NBP/2019
2019-09-19,4.9062,0.22,182/A/NBP/2019
2019-09-18,4.8953,0.15,181/A/NBP/2019
2019-09-17,4.8882,0.56,180/A/NBP/2019
2019-09-16,4.8609,-0.2,179/A/NBP/2019
2019-09-13,4.8705,0.43,178/A/NBP/2019
2019-09-12,4.8497,-0.21,177/A/NBP/2019
2019-09-11,4.8601,0.4,176/A/NBP/2019
2019-09-10,4.8406,0,175/A/NBP/2019
2019-09-09,4.8405,0.12,174/A/NBP/2019
2019-09-06,4.8348,0.21,173/A/NBP/2019
2019-09-05,4.8248,0.73,172/A/NBP/2019
2019-09-04,4.7897,0.15,171/A/NBP/2019
2019-09-03,4.7823,-0.62,170/A/NBP/2019
2019-09-02,4.8123,-0.45,169/A/NBP/2019
2019-08-30,4.834,0.13,168/A/NBP/2019
2019-08-29,4.8277,0.13,167/A/NBP/2019
2019-08-28,4.8213,0.09,166/A/NBP/2019
2019-08-27,4.8171,0.05,165/A/NBP/2019
2019-08-26,4.8149,0.21,164/A/NBP/2019
2019-08-23,4.805,0.56,163/A/NBP/2019
2019-08-22,4.7784,0.34,162/A/NBP/2019
2019-08-21,4.7623,-0.07,161/A/NBP/2019
2019-08-20,4.7654,0.26,160/A/NBP/2019
2019-08-19,4.7531,-0.38,159/A/NBP/2019
2019-08-16,4.7713,1.68,158/A/NBP/2019
2019-08-14,4.6926,0.45,157/A/NBP/2019
2019-08-13,4.6714,0.02,156/A/NBP/2019
2019-08-12,4.6704,-0.17,155/A/NBP/2019
2019-08-09,4.6785,-0.15,154/A/NBP/2019
2019-08-08,4.6856,-0.04,153/A/NBP/2019
2019-08-07,4.6874,-0.01,152/A/NBP/2019
2019-08-06,4.6879,-0.29,151/A/NBP/2019
2019-08-05,4.7014,-0.08,150/A/NBP/2019
2019-08-02,4.7051,-0.04,149/A/NBP/2019
2019-08-01,4.7071,0.55,148/A/NBP/2019
2019-07-31,4.6813,-0.07,147/A/NBP/2019
