Srednie kursy HKD Narodowego Banku Polskiego,,,
,,,
Data,Kurs,Zmiana,Nazwa Tabeli
2024-04-26,0.5141,-0.06,083/A/NBP/2024
2024-04-25,0.5144,-0.31,082/A/NBP/2024
2024-04-24,0.516,-0.42,081/A/NBP/2024
2024-04-23,0.5182,0.17,080/A/NBP/2024
2024-04-22,0.5173,-0.42,079/A/NBP/2024
2024-04-19,0.5195,0.31,078/A/NBP/2024
2024-04-18,0.5179,-0.46,077/A/NBP/2024
2024-04-17,0.5203,0.12,076/A/NBP/2024
2024-04-16,0.5197,1.21,075/A/NBP/2024
2024-04-15,0.5135,0.65,074/A/NBP/2024
2024-04-12,0.5102,0.67,073/A/NBP/2024
2024-04-11,0.5068,1.1,072/A/NBP/2024
2024-04-10,0.5013,0.1,071/A/NBP/2024
2024-04-09,0.5008,-0.83,070/A/NBP/2024
2024-04-08,0.505,-0.08,069/A/NBP/2024
2024-04-05,0.5054,0.12,068/A/NBP/2024
2024-04-04,0.5048,-0.81,067/A/NBP/2024
2024-04-03,0.5089,-0.43,066/A/NBP/2024
2024-04-02,0.5111,0.26,065/A/NBP/2024
2024-03-29,0.5098,-0.49,064/A/NBP/2024
2024-03-28,0.5123,0.57,063/A/NBP/2024
2024-03-27,0.5094,0.37,062/A/NBP/2024
2024-03-26,0.5075,-0.35,061/A/NBP/2024
2024-03-25,0.5093,-0.25,060/A/NBP/2024
2024-03-22,0.5106,1.29,059/A/NBP/2024
2024-03-21,0.5041,-1.16,058/A/NBP/2024
2024-03-20,0.51,0.06,057/A/NBP/2024
2024-03-19,0.5097,0.83,056/A/NBP/2024
2024-03-18,0.5055,0.38,055/A/NBP/2024
2024-03-15,0.5036,0.54,054/A/NBP/2024
2024-03-14,0.5009,-0.2,053/A/NBP/2024
2024-03-13,0.5019,0.28,052/A/NBP/2024
2024-03-12,0.5005,-0.34,051/A/NBP/2024
2024-03-11,0.5022,-0.3,050/A/NBP/2024
2024-03-08,0.5037,-0.22,049/A/NBP/2024
2024-03-07,0.5048,-0.36,048/A/NBP/2024
2024-03-06,0.5066,-0.51,047/A/NBP/2024
2024-03-05,0.5092,0.06,046/A/NBP/2024
2024-03-04,0.5089,-0.22,045/A/NBP/2024
2024-03-01,0.51,0.29,044/A/NBP/2024
2024-02-29,0.5085,-0.31,043/A/NBP/2024
2024-02-28,0.5101,0.57,042/A/NBP/2024
2024-02-27,0.5072,-0.24,041/A/NBP/2024
2024-02-26,0.5084,-0.68,040/A/NBP/2024
2024-02-23,0.5119,0.59,039/A/NBP/2024
2024-02-22,0.5089,-0.41,038/A/NBP/2024
2024-02-21,0.511,-0.06,037/A/NBP/2024
2024-02-20,0.5113,-0.7,036/A/NBP/2024
2024-02-19,0.5149,-0.12,035/A/NBP/2024
2024-02-16,0.5155,-0.44,034/A/NBP/2024
2024-02-15,0.5178,-0.27,033/A/NBP/2024
2024-02-14,0.5192,1.13,032/A/NBP/2024
2024-02-13,0.5134,-0.1,031/A/NBP/2024
2024-02-12,0.5139,0.25,030/A/NBP/2024
2024-02-09,0.5126,-0.5,029/A/NBP/2024
2024-02-08,0.5152,-0.17,028/A/NBP/2024
2024-02-07,0.5161,-0.27,027/A/NBP/2024
2024-02-06,0.5175,0.58,026/A/NBP/2024
2024-02-05,0.5145,1.48,025/A/NBP/2024
2024-02-02,0.507,-1,024/A/NBP/2024
2024-02-01,0.5121,-0.23,023/A/NBP/2024
2024-01-31,0.5133,-0.45,022/A/NBP/2024
2024-01-30,0.5156,-0.1,021/A/NBP/2024
2024-01-29,0.5161,-0.14,020/A/NBP/2024
2024-01-26,0.5168,0.51,019/A/NBP/2024
2024-01-25,0.5142,0.18,018/A/NBP/2024
2024-01-24,0.5133,0.06,017/A/NBP/2024
2024-01-23,0.513,0.33,016/A/NBP/2024
2024-01-22,0.5113,-0.78,015/A/NBP/2024
2024-01-19,0.5153,-0.33,014/A/NBP/2024
2024-01-18,0.517,0.04,013/A/NBP/2024
2024-01-17,0.5168,0.16,012/A/NBP/2024
2024-01-16,0.516,0.98,011/A/NBP/2024
2024-01-15,0.511,0.55,010/A/NBP/2024
2024-01-12,0.5082,0.14,009/A/NBP/2024
2024-01-11,0.5075,0.08,008/A/NBP/2024
2024-01-10,0.5071,0.04,007/A/NBP/2024
2024-01-09,0.5069,-0.59,006/A/NBP/2024
2024-01-08,0.5099,-0.04,005/A/NBP/2024
2024-01-05,0.5101,0.35,004/A/NBP/2024
2024-01-04,0.5083,-0.57,003/A/NBP/2024
2024-01-03,0.5112,1.31,002/A/NBP/2024
2024-01-02,0.5046,0.16,001/A/NBP/2024
2023-12-29,0.5038,0.98,251/A/NBP/2023
2023-12-28,0.4989,-0.56,250/A/NBP/2023
2023-12-27,0.5017,-0.36,249/A/NBP/2023
2023-12-22,0.5035,-0.81,248/A/NBP/2023
2023-12-21,0.5076,0.22,247/A/NBP/2023
2023-12-20,0.5065,-0.22,246/A/NBP/2023
2023-12-19,0.5076,-0.1,245/A/NBP/2023
2023-12-18,0.5081,0.85,244/A/NBP/2023
2023-12-15,0.5038,-0.38,243/A/NBP/2023
2023-12-14,0.5057,-1.58,242/A/NBP/2023
2023-12-13,0.5138,-0.21,241/A/NBP/2023
2023-12-12,0.5149,-0.19,240/A/NBP/2023
2023-12-11,0.5159,0.27,239/A/NBP/2023
2023-12-08,0.5145,-0.02,238/A/NBP/2023
2023-12-07,0.5146,-0.04,237/A/NBP/2023
2023-12-06,0.5148,0.8,236/A/NBP/2023
2023-12-05,0.5107,0.14,235/A/NBP/2023
2023-12-04,0.51,-0.18,234/A/NBP/2023
2023-12-01,0.5109,0.24,233/A/NBP/2023
2023-11-30,0.5097,0.73,232/A/NBP/2023
2023-11-29,0.506,-0.75,231/A/NBP/2023
2023-11-28,0.5098,-0.12,230/A/NBP/2023
2023-11-27,0.5104,-0.8,229/A/NBP/2023
2023-11-24,0.5145,0.37,228/A/NBP/2023
2023-11-23,0.5126,-0.52,227/A/NBP/2023
2023-11-22,0.5153,0.72,226/A/NBP/2023
2023-11-21,0.5116,-0.16,225/A/NBP/2023
2023-11-20,0.5124,-0.91,224/A/NBP/2023
2023-11-17,0.5171,-0.14,223/A/NBP/2023
2023-11-16,0.5178,-0.06,222/A/NBP/2023
2023-11-15,0.5181,-1.86,221/A/NBP/2023
2023-11-14,0.5279,-0.58,220/A/NBP/2023
2023-11-13,0.531,0.13,219/A/NBP/2023
2023-11-10,0.5303,-0.26,218/A/NBP/2023
2023-11-09,0.5317,-0.56,217/A/NBP/2023
2023-11-08,0.5347,0.36,216/A/NBP/2023
2023-11-07,0.5328,0.38,215/A/NBP/2023
2023-11-06,0.5308,-0.75,214/A/NBP/2023
2023-11-03,0.5348,-0.28,213/A/NBP/2023
2023-11-02,0.5363,0.66,212/A/NBP/2023
2023-10-31,0.5328,-0.87,211/A/NBP/2023
2023-10-30,0.5375,-0.56,210/A/NBP/2023
2023-10-27,0.5405,-0.3,209/A/NBP/2023
2023-10-26,0.5421,0.3,208/A/NBP/2023
2023-10-25,0.5405,0.95,207/A/NBP/2023
2023-10-24,0.5354,-0.28,206/A/NBP/2023
2023-10-23,0.5369,-0.48,205/A/NBP/2023
2023-10-20,0.5395,-0.09,204/A/NBP/2023
2023-10-19,0.54,0.54,203/A/NBP/2023
2023-10-18,0.5371,-0.28,202/A/NBP/2023
2023-10-17,0.5386,-0.92,201/A/NBP/2023
2023-10-16,0.5436,-1.18,200/A/NBP/2023
2023-10-13,0.5501,0.88,199/A/NBP/2023
2023-10-12,0.5453,0.11,198/A/NBP/2023
2023-10-11,0.5447,-0.91,197/A/NBP/2023
2023-10-10,0.5497,-0.9,196/A/NBP/2023
2023-10-09,0.5547,-0.38,195/A/NBP/2023
2023-10-06,0.5568,-0.39,194/A/NBP/2023
2023-10-05,0.559,-0.87,193/A/NBP/2023
2023-10-04,0.5639,0.34,192/A/NBP/2023
2023-10-03,0.562,0.88,191/A/NBP/2023
2023-10-02,0.5571,-0.18,190/A/NBP/2023
2023-09-29,0.5581,-0.85,189/A/NBP/2023
2023-09-28,0.5629,0.91,188/A/NBP/2023
2023-09-27,0.5578,0.31,187/A/NBP/2023
2023-09-26,0.5561,0.63,186/A/NBP/2023
2023-09-25,0.5526,-0.13,185/A/NBP/2023
2023-09-22,0.5533,-0.23,184/A/NBP/2023
2023-09-21,0.5546,-0.27,183/A/NBP/2023
2023-09-20,0.5561,0,182/A/NBP/2023
2023-09-19,0.5561,0.02,181/A/NBP/2023
2023-09-18,0.556,0.22,180/A/NBP/2023
2023-09-15,0.5548,0.67,179/A/NBP/2023
2023-09-14,0.5511,-0.22,178/A/NBP/2023
2023-09-13,0.5523,-1.06,177/A/NBP/2023
2023-09-12,0.5582,1.56,176/A/NBP/2023
2023-09-11,0.5496,0.27,175/A/NBP/2023
2023-09-08,0.5481,0.16,174/A/NBP/2023
2023-09-07,0.5472,2.43,173/A/NBP/2023
2023-09-06,0.5342,0.55,172/A/NBP/2023
2023-09-05,0.5313,0.66,171/A/NBP/2023
2023-09-04,0.5278,0.34,170/A/NBP/2023
2023-09-01,0.526,0.46,169/A/NBP/2023
2023-08-31,0.5236,-0.19,168/A/NBP/2023
2023-08-30,0.5246,-0.42,167/A/NBP/2023
2023-08-29,0.5268,-0.15,166/A/NBP/2023
2023-08-28,0.5276,-0.06,165/A/NBP/2023
2023-08-25,0.5279,0.51,164/A/NBP/2023
2023-08-24,0.5252,-0.62,163/A/NBP/2023
2023-08-23,0.5285,1.21,162/A/NBP/2023
2023-08-22,0.5222,-0.5,161/A/NBP/2023
2023-08-21,0.5248,-0.46,160/A/NBP/2023
2023-08-18,0.5272,0.44,159/A/NBP/2023
2023-08-17,0.5249,0.65,158/A/NBP/2023
2023-08-16,0.5215,0.58,157/A/NBP/2023
2023-08-14,0.5185,0.06,156/A/NBP/2023
2023-08-11,0.5182,-0.04,155/A/NBP/2023
2023-08-10,0.5184,-0.15,154/A/NBP/2023
2023-08-09,0.5192,0.35,153/A/NBP/2023
2023-08-08,0.5174,0.12,152/A/NBP/2023
2023-08-07,0.5168,-0.65,151/A/NBP/2023
2023-08-04,0.5202,-0.52,150/A/NBP/2023
2023-08-03,0.5229,0.69,149/A/NBP/2023
2023-08-02,0.5193,0.5,148/A/NBP/2023
2023-08-01,0.5167,0.78,147/A/NBP/2023
2023-07-31,0.5127,-1.02,146/A/NBP/2023
2023-07-28,0.518,1.75,145/A/NBP/2023
2023-07-27,0.5091,-0.55,144/A/NBP/2023
2023-07-26,0.5119,-0.23,143/A/NBP/2023
2023-07-25,0.5131,-0.31,142/A/NBP/2023
2023-07-24,0.5147,0.61,141/A/NBP/2023
2023-07-21,0.5116,0.65,140/A/NBP/2023
2023-07-20,0.5083,0.14,139/A/NBP/2023
2023-07-19,0.5076,0.53,138/A/NBP/2023
2023-07-18,0.5049,-0.41,137/A/NBP/2023
2023-07-17,0.507,0.06,136/A/NBP/2023
2023-07-14,0.5067,-0.22,135/A/NBP/2023
2023-07-13,0.5078,-1.47,134/A/NBP/2023
2023-07-12,0.5154,-0.08,133/A/NBP/2023
2023-07-11,0.5158,-0.62,132/A/NBP/2023
2023-07-10,0.519,-1.37,131/A/NBP/2023
2023-07-07,0.5262,-0.15,130/A/NBP/2023
2023-07-06,0.527,0.88,129/A/NBP/2023
2023-07-05,0.5224,0.67,128/A/NBP/2023
2023-07-04,0.5189,-0.15,127/A/NBP/2023
2023-07-03,0.5197,-0.82,126/A/NBP/2023
2023-06-30,0.524,0.52,125/A/NBP/2023
2023-06-29,0.5213,0.29,124/A/NBP/2023
2023-06-28,0.5198,0.58,123/A/NBP/2023
2023-06-27,0.5168,-0.54,122/A/NBP/2023
2023-06-26,0.5196,-0.52,121/A/NBP/2023
2023-06-23,0.5223,1.4,120/A/NBP/2023
2023-06-22,0.5151,-0.81,119/A/NBP/2023
2023-06-21,0.5193,0.12,118/A/NBP/2023
2023-06-20,0.5187,-0.33,117/A/NBP/2023
2023-06-19,0.5204,0.04,116/A/NBP/2023
2023-06-16,0.5202,-1.18,115/A/NBP/2023
2023-06-15,0.5264,-0.42,114/A/NBP/2023
2023-06-14,0.5286,-0.06,113/A/NBP/2023
2023-06-13,0.5289,0.69,112/A/NBP/2023
2023-06-12,0.5253,-0.87,111/A/NBP/2023
2023-06-09,0.5299,-0.8,110/A/NBP/2023
2023-06-07,0.5342,-0.17,109/A/NBP/2023
2023-06-06,0.5351,0.02,108/A/NBP/2023
2023-06-05,0.535,0.06,107/A/NBP/2023
2023-06-02,0.5347,-1.2,106/A/NBP/2023
2023-06-01,0.5412,-0.4,105/A/NBP/2023
2023-05-31,0.5434,0.74,104/A/NBP/2023
2023-05-30,0.5394,0,103/A/NBP/2023
2023-05-29,0.5394,0.22,102/A/NBP/2023
2023-05-26,0.5382,0.39,101/A/NBP/2023
2023-05-25,0.5361,1.02,100/A/NBP/2023
2023-05-24,0.5307,-0.15,099/A/NBP/2023
2023-05-23,0.5315,-0.73,098/A/NBP/2023
2023-05-22,0.5354,-0.5,097/A/NBP/2023
2023-05-19,0.5381,0.49,096/A/NBP/2023
2023-05-18,0.5355,1.02,095/A/NBP/2023
2023-05-17,0.5301,0.76,094/A/NBP/2023
2023-05-16,0.5261,-0.6,093/A/NBP/2023
2023-05-15,0.5293,-0.32,092/A/NBP/2023
2023-05-12,0.531,0.47,091/A/NBP/2023
2023-05-11,0.5285,-0.32,090/A/NBP/2023
2023-05-10,0.5302,0,089/A/NBP/2023
2023-05-09,0.5302,0.55,088/A/NBP/2023
2023-05-08,0.5273,-0.53,087/A/NBP/2023
2023-05-05,0.5301,0.13,086/A/NBP/2023
2023-05-04,0.5294,-0.62,085/A/NBP/2023
2023-05-02,0.5327,0.13,084/A/NBP/2023
2023-04-28,0.532,0.53,083/A/NBP/2023
2023-04-27,0.5292,-0.04,082/A/NBP/2023
2023-04-26,0.5294,-0.23,081/A/NBP/2023
2023-04-25,0.5306,-0.62,080/A/NBP/2023
2023-04-24,0.5339,-0.26,079/A/NBP/2023
2023-04-21,0.5353,-0.02,078/A/NBP/2023
2023-04-20,0.5354,-0.5,077/A/NBP/2023
2023-04-19,0.5381,0.22,076/A/NBP/2023
2023-04-18,0.5369,-0.26,075/A/NBP/2023
2023-04-17,0.5383,0.5,074/A/NBP/2023
2023-04-14,0.5356,-0.43,073/A/NBP/2023
2023-04-13,0.5379,-1.14,072/A/NBP/2023
2023-04-12,0.5441,-0.48,071/A/NBP/2023
2023-04-11,0.5467,-0.04,070/A/NBP/2023
2023-04-07,0.5469,-0.2,069/A/NBP/2023
2023-04-06,0.548,0.66,068/A/NBP/2023
2023-04-05,0.5444,-0.26,067/A/NBP/2023
2023-04-04,0.5458,-0.75,066/A/NBP/2023
2023-04-03,0.5499,0.55,065/A/NBP/2023
2023-03-31,0.5469,-0.26,064/A/NBP/2023
2023-03-30,0.5483,-0.47,063/A/NBP/2023
2023-03-29,0.5509,-0.13,062/A/NBP/2023
2023-03-28,0.5516,-0.51,061/A/NBP/2023
2023-03-27,0.5544,-0.48,060/A/NBP/2023
2023-03-24,0.5571,1.68,059/A/NBP/2023
2023-03-23,0.5479,-1.08,058/A/NBP/2023
2023-03-22,0.5539,-0.61,057/A/NBP/2023
2023-03-21,0.5573,-0.94,056/A/NBP/2023
2023-03-20,0.5626,-0.09,055/A/NBP/2023
2023-03-17,0.5631,-0.09,054/A/NBP/2023
2023-03-16,0.5636,0.48,053/A/NBP/2023
2023-03-15,0.5609,0.48,052/A/NBP/2023
2023-03-14,0.5582,-0.25,051/A/NBP/2023
2023-03-13,0.5596,-0.76,050/A/NBP/2023
2023-03-10,0.5639,-0.19,049/A/NBP/2023
2023-03-09,0.565,-0.62,048/A/NBP/2023
2023-03-08,0.5685,1.46,047/A/NBP/2023
2023-03-07,0.5603,-0.69,046/A/NBP/2023
2023-03-06,0.5642,-0.12,045/A/NBP/2023
2023-03-03,0.5649,0.77,044/A/NBP/2023
2023-03-02,0.5606,-0.2,043/A/NBP/2023
2023-03-01,0.5617,-0.86,042/A/NBP/2023
2023-02-28,0.5666,-0.54,041/A/NBP/2023
2023-02-27,0.5697,0.18,040/A/NBP/2023
2023-02-24,0.5687,-0.56,039/A/NBP/2023
2023-02-23,0.5719,0.4,038/A/NBP/2023
2023-02-22,0.5696,0.35,037/A/NBP/2023
2023-02-21,0.5676,-0.11,036/A/NBP/2023
2023-02-20,0.5682,-0.73,035/A/NBP/2023
2023-02-17,0.5724,0.72,034/A/NBP/2023
2023-02-16,0.5683,0.51,033/A/NBP/2023
2023-02-15,0.5654,-0.18,032/A/NBP/2023
2023-02-14,0.5664,-0.88,031/A/NBP/2023
2023-02-13,0.5714,0.67,030/A/NBP/2023
2023-02-10,0.5676,1.25,029/A/NBP/2023
2023-02-09,0.5606,-0.16,028/A/NBP/2023
2023-02-08,0.5615,-0.57,027/A/NBP/2023
2023-02-07,0.5647,1.09,026/A/NBP/2023
2023-02-06,0.5586,2.1,025/A/NBP/2023
2023-02-03,0.5471,0.27,024/A/NBP/2023
2023-02-02,0.5456,-1.07,023/A/NBP/2023
2023-02-01,0.5515,-0.58,022/A/NBP/2023
2023-01-31,0.5547,0.49,021/A/NBP/2023
2023-01-30,0.552,-0.09,020/A/NBP/2023
2023-01-27,0.5525,-0.22,019/A/NBP/2023
2023-01-26,0.5537,0.25,018/A/NBP/2023
2023-01-25,0.5523,-0.2,017/A/NBP/2023
2023-01-24,0.5534,0.2,016/A/NBP/2023
2023-01-23,0.5523,-0.59,015/A/NBP/2023
2023-01-20,0.5556,0.11,014/A/NBP/2023
2023-01-19,0.555,0.25,013/A/NBP/2023
2023-01-18,0.5536,-0.27,012/A/NBP/2023
2023-01-17,0.5551,-0.18,011/A/NBP/2023
2023-01-16,0.5561,0.38,010/A/NBP/2023
2023-01-13,0.554,-0.68,009/A/NBP/2023
2023-01-12,0.5578,-0.13,008/A/NBP/2023
2023-01-11,0.5585,-0.27,007/A/NBP/2023
2023-01-10,0.56,-0.67,006/A/NBP/2023
2023-01-09,0.5638,0.16,005/A/NBP/2023
2023-01-05,0.5629,0.02,004/A/NBP/2023
2023-01-04,0.5628,-0.9,003/A/NBP/2023
2023-01-03,0.5679,1.14,002/A/NBP/2023
2023-01-02,0.5615,-0.5,001/A/NBP/2023
2022-12-30,0.5643,-0.19,252/A/NBP/2022
2022-12-29,0.5654,-0.16,251/A/NBP/2022
2022-12-28,0.5663,1.16,250/A/NBP/2022
2022-12-27,0.5598,-0.05,249/A/NBP/2022
2022-12-23,0.5601,-0.14,248/A/NBP/2022
2022-12-22,0.5609,-0.53,247/A/NBP/2022
2022-12-21,0.5639,-0.23,246/A/NBP/2022
2022-12-20,0.5652,-0.41,245/A/NBP/2022
2022-12-19,0.5675,-0.16,244/A/NBP/2022
2022-12-16,0.5684,0.23,243/A/NBP/2022
2022-12-15,0.5671,0.25,242/A/NBP/2022
2022-12-14,0.5657,-1.19,241/A/NBP/2022
2022-12-13,0.5725,0.1,240/A/NBP/2022
2022-12-12,0.5719,0.44,239/A/NBP/2022
2022-12-09,0.5694,-0.96,238/A/NBP/2022
2022-12-08,0.5749,-0.09,237/A/NBP/2022
2022-12-07,0.5754,-0.02,236/A/NBP/2022
2022-12-06,0.5755,0.63,235/A/NBP/2022
2022-12-05,0.5719,0,234/A/NBP/2022
2022-12-02,0.5719,-0.88,233/A/NBP/2022
2022-12-01,0.577,-0.16,232/A/NBP/2022
2022-11-30,0.5779,-0.05,231/A/NBP/2022
2022-11-29,0.5782,0.77,230/A/NBP/2022
2022-11-28,0.5738,-0.62,229/A/NBP/2022
2022-11-25,0.5774,-0.02,228/A/NBP/2022
2022-11-24,0.5775,-0.74,227/A/NBP/2022
2022-11-23,0.5818,-0.85,226/A/NBP/2022
2022-11-22,0.5868,-0.44,225/A/NBP/2022
2022-11-21,0.5894,1.71,224/A/NBP/2022
2022-11-18,0.5795,-0.1,223/A/NBP/2022
2022-11-17,0.5801,0.71,222/A/NBP/2022
2022-11-16,0.576,-0.26,221/A/NBP/2022
2022-11-15,0.5775,-0.26,220/A/NBP/2022
2022-11-14,0.579,-3.98,219/A/NBP/2022
2022-11-10,0.603,1.09,218/A/NBP/2022
2022-11-09,0.5965,-0.15,217/A/NBP/2022
2022-11-08,0.5974,-0.07,216/A/NBP/2022
2022-11-07,0.5978,-2.19,215/A/NBP/2022
2022-11-04,0.6112,-0.65,214/A/NBP/2022
2022-11-03,0.6152,1.69,213/A/NBP/2022
2022-11-02,0.605,0.32,212/A/NBP/2022
2022-10-31,0.6031,-0.3,211/A/NBP/2022
2022-10-28,0.6049,0.52,210/A/NBP/2022
2022-10-27,0.6018,-0.63,209/A/NBP/2022
2022-10-26,0.6056,-1.97,208/A/NBP/2022
2022-10-25,0.6178,-0.35,207/A/NBP/2022
2022-10-24,0.62,-0.67,206/A/NBP/2022
2022-10-21,0.6242,-0.06,205/A/NBP/2022
2022-10-20,0.6246,0.29,204/A/NBP/2022
2022-10-19,0.6228,-0.08,203/A/NBP/2022
2022-10-18,0.6233,-1.2,202/A/NBP/2022
2022-10-17,0.6309,-0.08,201/A/NBP/2022
2022-10-14,0.6314,-0.66,200/A/NBP/2022
2022-10-13,0.6356,-0.25,199/A/NBP/2022
2022-10-12,0.6372,-0.31,198/A/NBP/2022
2022-10-11,0.6392,-0.12,197/A/NBP/2022
2022-10-10,0.64,1.31,196/A/NBP/2022
2022-10-07,0.6317,1.2,195/A/NBP/2022
2022-10-06,0.6242,1.27,194/A/NBP/2022
2022-10-05,0.6164,-0.47,193/A/NBP/2022
2022-10-04,0.6193,-1.18,192/A/NBP/2022
2022-10-03,0.6267,-0.67,191/A/NBP/2022
2022-09-30,0.6309,-1.61,190/A/NBP/2022
2022-09-29,0.6412,-0.11,189/A/NBP/2022
2022-09-28,0.6419,1.84,188/A/NBP/2022
2022-09-27,0.6303,0.74,187/A/NBP/2022
2022-09-26,0.6257,0.66,186/A/NBP/2022
2022-09-23,0.6216,0.93,185/A/NBP/2022
2022-09-22,0.6159,0.88,184/A/NBP/2022
2022-09-21,0.6105,1.68,183/A/NBP/2022
2022-09-20,0.6004,-0.27,182/A/NBP/2022
2022-09-19,0.602,-0.3,181/A/NBP/2022
2022-09-16,0.6038,0.38,180/A/NBP/2022
2022-09-15,0.6015,-0.07,179/A/NBP/2022
2022-09-14,0.6019,1.88,178/A/NBP/2022
2022-09-13,0.5908,0.31,177/A/NBP/2022
2022-09-12,0.589,-0.79,176/A/NBP/2022
2022-09-09,0.5937,-1.36,175/A/NBP/2022
2022-09-08,0.6019,-0.71,174/A/NBP/2022
2022-09-07,0.6062,0.45,173/A/NBP/2022
2022-09-06,0.6035,-0.67,172/A/NBP/2022
2022-09-05,0.6076,0.86,171/A/NBP/2022
2022-09-02,0.6024,0.65,170/A/NBP/2022
2022-09-01,0.5985,-0.83,169/A/NBP/2022
2022-08-31,0.6035,0.32,168/A/NBP/2022
2022-08-30,0.6016,-1.28,167/A/NBP/2022
2022-08-29,0.6094,0.74,166/A/NBP/2022
2022-08-26,0.6049,-0.2,165/A/NBP/2022
2022-08-25,0.6061,-1,164/A/NBP/2022
2022-08-24,0.6122,0,163/A/NBP/2022
2022-08-23,0.6122,1.27,162/A/NBP/2022
2022-08-22,0.6045,0.77,161/A/NBP/2022
2022-08-19,0.5999,1.25,160/A/NBP/2022
2022-08-18,0.5925,0.75,159/A/NBP/2022
2022-08-17,0.5881,-0.34,158/A/NBP/2022
2022-08-16,0.5901,1.72,157/A/NBP/2022
2022-08-12,0.5801,0.68,156/A/NBP/2022
2022-08-11,0.5762,-1.96,155/A/NBP/2022
2022-08-10,0.5877,0.46,154/A/NBP/2022
2022-08-09,0.585,-0.44,153/A/NBP/2022
2022-08-08,0.5876,0.22,152/A/NBP/2022
2022-08-05,0.5863,-0.69,151/A/NBP/2022
2022-08-04,0.5904,0.39,150/A/NBP/2022
2022-08-03,0.5881,0.39,149/A/NBP/2022
2022-08-02,0.5858,-0.66,148/A/NBP/2022
2022-08-01,0.5897,-0.19,147/A/NBP/2022
2022-07-29,0.5908,-1.22,146/A/NBP/2022
2022-07-28,0.5981,-0.42,145/A/NBP/2022
2022-07-27,0.6006,1.99,144/A/NBP/2022
2022-07-26,0.5889,0.12,143/A/NBP/2022
2022-07-25,0.5882,-1.61,142/A/NBP/2022
2022-07-22,0.5978,0.49,141/A/NBP/2022
2022-07-21,0.5949,0.37,140/A/NBP/2022
2022-07-20,0.5927,-0.19,139/A/NBP/2022
2022-07-19,0.5938,-1.15,138/A/NBP/2022
2022-07-18,0.6007,-1.69,137/A/NBP/2022
2022-07-15,0.611,-0.65,136/A/NBP/2022
2022-07-14,0.615,0.11,135/A/NBP/2022
2022-07-13,0.6143,-0.13,134/A/NBP/2022
2022-07-12,0.6151,1.84,133/A/NBP/2022
2022-07-11,0.604,-0.03,132/A/NBP/2022
2022-07-08,0.6042,0.82,131/A/NBP/2022
2022-07-07,0.5993,0.5,130/A/NBP/2022
2022-07-06,0.5963,1.84,129/A/NBP/2022
2022-07-05,0.5855,2.02,128/A/NBP/2022
2022-07-04,0.5739,-0.16,127/A/NBP/2022
2022-07-01,0.5748,0.6,126/A/NBP/2022
2022-06-30,0.5714,0.67,125/A/NBP/2022
2022-06-29,0.5676,0.37,124/A/NBP/2022
2022-06-28,0.5655,0,123/A/NBP/2022
2022-06-27,0.5655,-0.62,122/A/NBP/2022
2022-06-24,0.569,-0.49,121/A/NBP/2022
2022-06-23,0.5718,1.24,120/A/NBP/2022
2022-06-22,0.5648,0.95,119/A/NBP/2022
2022-06-21,0.5595,-1.08,118/A/NBP/2022
2022-06-20,0.5656,-0.55,117/A/NBP/2022
2022-06-17,0.5687,0.42,116/A/NBP/2022
2022-06-15,0.5663,-0.05,115/A/NBP/2022
2022-06-14,0.5666,0.6,114/A/NBP/2022
2022-06-13,0.5632,1.94,113/A/NBP/2022
2022-06-10,0.5525,1.39,112/A/NBP/2022
2022-06-09,0.5449,-0.33,111/A/NBP/2022
2022-06-08,0.5467,-0.09,110/A/NBP/2022
2022-06-07,0.5472,-1.14,109/A/NBP/2022
2022-06-06,0.544,-0.04,108/A/NBP/2022
2022-06-03,0.5442,-0.55,107/A/NBP/2022
2022-06-02,0.5472,0.27,106/A/NBP/2022
2022-06-01,0.5457,0.4,105/A/NBP/2022
2022-05-31,0.5435,0.09,104/A/NBP/2022
2022-05-30,0.543,-0.79,103/A/NBP/2022
2022-05-27,0.5473,-0.53,102/A/NBP/2022
2022-05-26,0.5502,0.27,101/A/NBP/2022
2022-05-25,0.5487,0,100/A/NBP/2022
2022-05-24,0.5487,-1.75,099/A/NBP/2022
2022-05-23,0.5525,0.97,098/A/NBP/2022
2022-05-20,0.5585,-0.9,097/A/NBP/2022
2022-05-19,0.5636,-0.09,096/A/NBP/2022
2022-05-18,0.5641,-0.23,095/A/NBP/2022
2022-05-17,0.5654,-0.89,094/A/NBP/2022
2022-05-16,0.5705,-0.14,093/A/NBP/2022
2022-05-13,0.5713,-0.02,092/A/NBP/2022
2022-05-12,0.5714,1.49,091/A/NBP/2022
2022-05-11,0.563,-0.09,090/A/NBP/2022
2022-05-10,0.5635,-1.23,089/A/NBP/2022
2022-05-09,0.5705,0.64,088/A/NBP/2022
2022-05-06,0.5669,1.09,087/A/NBP/2022
2022-05-05,0.5608,-0.99,086/A/NBP/2022
2022-05-04,0.5664,-0.02,085/A/NBP/2022
2022-05-02,0.5665,0.87,084/A/NBP/2022
2022-04-29,0.5616,-1.23,083/A/NBP/2022
2022-04-28,0.5686,0.37,082/A/NBP/2022
2022-04-27,0.5665,2.26,081/A/NBP/2022
2022-04-26,0.554,0.65,080/A/NBP/2022
2022-04-25,0.5504,0.58,079/A/NBP/2022
2022-04-22,0.5472,0.77,078/A/NBP/2022
2022-04-21,0.543,-0.29,077/A/NBP/2022
2022-04-20,0.5446,-0.38,076/A/NBP/2022
2022-04-19,0.5467,0.04,075/A/NBP/2022
2022-04-15,0.5465,0.63,074/A/NBP/2022
2022-04-14,0.5431,-0.69,073/A/NBP/2022
2022-04-13,0.5469,-0.15,072/A/NBP/2022
2022-04-12,0.5477,0.79,071/A/NBP/2022
2022-04-11,0.5434,-0.28,070/A/NBP/2022
2022-04-08,0.5449,-0.06,069/A/NBP/2022
2022-04-07,0.5452,0.29,068/A/NBP/2022
2022-04-06,0.5436,0.82,067/A/NBP/2022
2022-04-05,0.5392,0.43,066/A/NBP/2022
2022-04-04,0.5369,0.21,065/A/NBP/2022
2022-04-01,0.5358,0.36,064/A/NBP/2022
2022-03-31,0.5339,0.24,063/A/NBP/2022
2022-03-30,0.5326,-2.85,062/A/NBP/2022
2022-03-29,0.5482,0.33,061/A/NBP/2022
2022-03-28,0.5464,-0.82,060/A/NBP/2022
2022-03-25,0.5509,0.79,059/A/NBP/2022
2022-03-24,0.5535,0.18,058/A/NBP/2022
2022-03-23,0.5466,0.16,057/A/NBP/2022
2022-03-22,0.5457,0.61,056/A/NBP/2022
2022-03-21,0.5424,-0.7,055/A/NBP/2022
2022-03-18,0.5462,0.72,054/A/NBP/2022
2022-03-17,0.5423,-0.95,053/A/NBP/2022
2022-03-16,0.5475,-0.33,052/A/NBP/2022
2022-03-15,0.5493,-0.51,051/A/NBP/2022
2022-03-14,0.5521,-1.11,050/A/NBP/2022
2022-03-11,0.5583,0.41,049/A/NBP/2022
2022-03-10,0.556,-1.51,048/A/NBP/2022
2022-03-09,0.5645,-2.17,047/A/NBP/2022
2022-03-08,0.577,-1.38,046/A/NBP/2022
2022-03-07,0.5851,4.17,045/A/NBP/2022
2022-03-04,0.5617,1.44,044/A/NBP/2022
2022-03-03,0.5537,-0.05,043/A/NBP/2022
2022-03-02,0.554,2.63,042/A/NBP/2022
2022-03-01,0.5398,0.52,041/A/NBP/2022
2022-02-28,0.537,0.58,040/A/NBP/2022
2022-02-25,0.5339,0.98,039/A/NBP/2022
2022-02-24,0.5287,3.3,038/A/NBP/2022
2022-02-23,0.5118,-0.49,037/A/NBP/2022
2022-02-22,0.5143,0.86,036/A/NBP/2022
2022-02-21,0.5099,-0.08,035/A/NBP/2022
2022-02-18,0.5103,0.31,034/A/NBP/2022
2022-02-17,0.5087,0.53,033/A/NBP/2022
2022-02-16,0.506,-0.65,032/A/NBP/2022
2022-02-15,0.5093,-1.72,031/A/NBP/2022
2022-02-14,0.5182,1.93,030/A/NBP/2022
2022-02-11,0.5084,1.03,029/A/NBP/2022
2022-02-10,0.5032,-0.79,028/A/NBP/2022
2022-02-09,0.5072,-0.39,027/A/NBP/2022
2022-02-08,0.5092,-0.47,026/A/NBP/2022
2022-02-07,0.5116,0.47,025/A/NBP/2022
2022-02-04,0.5092,-1.41,024/A/NBP/2022
2022-02-03,0.5165,-0.08,023/A/NBP/2022
2022-02-02,0.5169,-0.96,022/A/NBP/2022
2022-02-01,0.5219,-1.08,021/A/NBP/2022
2022-01-31,0.5276,0.15,020/A/NBP/2022
2022-01-28,0.5268,0.53,019/A/NBP/2022
2022-01-27,0.524,0.31,018/A/NBP/2022
2022-01-26,0.5224,0.21,017/A/NBP/2022
2022-01-25,0.5213,1.34,016/A/NBP/2022
2022-01-24,0.5144,0.27,015/A/NBP/2022
2022-01-21,0.513,0.29,014/A/NBP/2022
2022-01-20,0.5115,-0.18,013/A/NBP/2022
2022-01-19,0.5124,0.51,012/A/NBP/2022
2022-01-18,0.5098,0.35,011/A/NBP/2022
2022-01-17,0.508,-0.14,010/A/NBP/2022
2022-01-14,0.5087,0.41,009/A/NBP/2022
2022-01-13,0.5066,-0.98,008/A/NBP/2022
2022-01-12,0.5116,-0.54,007/A/NBP/2022
2022-01-11,0.5144,0.1,006/A/NBP/2022
2022-01-10,0.5139,-0.48,005/A/NBP/2022
2022-01-07,0.5164,-0.39,004/A/NBP/2022
2022-01-05,0.5184,-0.13,003/A/NBP/2022
2022-01-04,0.5191,0.12,002/A/NBP/2022
2022-01-03,0.5185,-0.42,001/A/NBP/2022
2021-12-31,0.5207,-0.06,254/A/NBP/2021
2021-12-30,0.521,-0.4,253/A/NBP/2021
2021-12-29,0.5231,0.42,252/A/NBP/2021
2021-12-28,0.5209,-0.63,251/A/NBP/2021
2021-12-27,0.5242,0.23,250/A/NBP/2021
2021-12-24,0.523,-0.42,249/A/NBP/2021
2021-12-23,0.5252,-0.04,248/A/NBP/2021
2021-12-22,0.5254,0.11,247/A/NBP/2021
2021-12-21,0.5248,-0.61,246/A/NBP/2021
2021-12-20,0.528,0.78,245/A/NBP/2021
2021-12-17,0.5239,-0.15,244/A/NBP/2021
2021-12-16,0.5247,-0.13,243/A/NBP/2021
2021-12-15,0.5254,-0.23,242/A/NBP/2021
2021-12-14,0.5266,0.17,241/A/NBP/2021
2021-12-13,0.5257,0.29,240/A/NBP/2021
2021-12-10,0.5242,0.08,239/A/NBP/2021
2021-12-09,0.5238,0.34,238/A/NBP/2021
2021-12-08,0.522,-0.19,237/A/NBP/2021
2021-12-07,0.523,0.44,236/A/NBP/2021
2021-12-06,0.5207,-0.21,235/A/NBP/2021
2021-12-03,0.5218,0.08,234/A/NBP/2021
2021-12-02,0.5214,-0.99,233/A/NBP/2021
2021-12-01,0.5266,-0.38,232/A/NBP/2021
2021-11-30,0.5286,-0.96,231/A/NBP/2021
2021-11-29,0.5337,-0.35,230/A/NBP/2021
2021-11-26,0.5356,0.37,229/A/NBP/2021
2021-11-25,0.5336,-0.39,228/A/NBP/2021
2021-11-24,0.5357,-0.35,227/A/NBP/2021
2021-11-23,0.5376,0.09,226/A/NBP/2021
2021-11-22,0.5371,0.92,225/A/NBP/2021
2021-11-19,0.5322,0.81,224/A/NBP/2021
2021-11-18,0.5279,-0.21,223/A/NBP/2021
2021-11-17,0.529,0.34,222/A/NBP/2021
2021-11-16,0.5272,1.42,221/A/NBP/2021
2021-11-15,0.5198,-0.13,220/A/NBP/2021
2021-11-12,0.5205,2.04,219/A/NBP/2021
2021-11-10,0.5101,0.28,218/A/NBP/2021
2021-11-09,0.5087,-0.33,217/A/NBP/2021
2021-11-08,0.5104,-0.45,216/A/NBP/2021
2021-11-05,0.5127,0.23,215/A/NBP/2021
2021-11-04,0.5115,0.31,214/A/NBP/2021
2021-11-03,0.5099,-0.23,213/A/NBP/2021
2021-11-02,0.5111,0.2,212/A/NBP/2021
2021-10-29,0.5101,-0.66,211/A/NBP/2021
2021-10-28,0.5135,0.31,210/A/NBP/2021
2021-10-27,0.5119,0.14,209/A/NBP/2021
2021-10-26,0.5112,0.59,208/A/NBP/2021
2021-10-25,0.5082,-0.18,207/A/NBP/2021
2021-10-22,0.5091,0.35,206/A/NBP/2021
2021-10-21,0.5073,0.06,205/A/NBP/2021
2021-10-20,0.507,0.58,204/A/NBP/2021
2021-10-19,0.5041,-0.65,203/A/NBP/2021
2021-10-18,0.5074,0.16,202/A/NBP/2021
2021-10-15,0.5066,0.02,201/A/NBP/2021
2021-10-14,0.5065,-0.59,200/A/NBP/2021
2021-10-13,0.5095,-0.04,199/A/NBP/2021
2021-10-12,0.5097,-0.51,198/A/NBP/2021
2021-10-11,0.5123,0.27,197/A/NBP/2021
2021-10-08,0.5109,1.11,196/A/NBP/2021
2021-10-07,0.5053,-1.64,195/A/NBP/2021
2021-10-06,0.5137,0.76,194/A/NBP/2021
2021-10-05,0.5098,0.83,193/A/NBP/2021
2021-10-04,0.5056,-0.78,192/A/NBP/2021
2021-10-01,0.5096,-0.6,191/A/NBP/2021
2021-09-30,0.5127,0.57,190/A/NBP/2021
2021-09-29,0.5098,0.31,189/A/NBP/2021
2021-09-28,0.5082,0.73,188/A/NBP/2021
2021-09-27,0.5045,0.02,187/A/NBP/2021
2021-09-24,0.5044,0.02,186/A/NBP/2021
2021-09-23,0.5043,-0.49,185/A/NBP/2021
2021-09-22,0.5068,0.3,184/A/NBP/2021
2021-09-21,0.5053,0.18,183/A/NBP/2021
2021-09-20,0.5044,0.96,182/A/NBP/2021
2021-09-17,0.4996,0.08,181/A/NBP/2021
2021-09-16,0.4992,0.91,180/A/NBP/2021
2021-09-15,0.4947,-0.14,179/A/NBP/2021
2021-09-14,0.4954,0.1,178/A/NBP/2021
2021-09-13,0.4949,0.2,177/A/NBP/2021
2021-09-10,0.4939,0.3,176/A/NBP/2021
2021-09-09,0.4924,0.18,175/A/NBP/2021
2021-09-08,0.4915,0.41,174/A/NBP/2021
2021-09-07,0.4895,0.02,173/A/NBP/2021
2021-09-06,0.4894,0.08,172/A/NBP/2021
2021-09-03,0.489,-0.08,171/A/NBP/2021
2021-09-02,0.4894,-0.45,170/A/NBP/2021
2021-09-01,0.4916,-0.34,169/A/NBP/2021
2021-08-31,0.4933,-0.8,168/A/NBP/2021
2021-08-30,0.4973,-0.62,167/A/NBP/2021
2021-08-27,0.5004,0.14,166/A/NBP/2021
2021-08-26,0.4997,0.08,165/A/NBP/2021
2021-08-25,0.4993,-0.5,164/A/NBP/2021
2021-08-24,0.5018,-0.04,163/A/NBP/2021
2021-08-23,0.502,-0.48,162/A/NBP/2021
2021-08-20,0.5044,0.2,161/A/NBP/2021
2021-08-19,0.5034,0.86,160/A/NBP/2021
2021-08-18,0.4991,0.2,159/A/NBP/2021
2021-08-17,0.4981,0.1,158/A/NBP/2021
2021-08-16,0.4976,-0.52,157/A/NBP/2021
2021-08-13,0.5002,-0.4,156/A/NBP/2021
2021-08-12,0.5022,-0.18,155/A/NBP/2021
2021-08-11,0.5031,0.56,154/A/NBP/2021
2021-08-10,0.5003,0.14,153/A/NBP/2021
2021-08-09,0.4996,0.85,152/A/NBP/2021
2021-08-06,0.4954,0.1,151/A/NBP/2021
2021-08-05,0.4949,0.28,150/A/NBP/2021
2021-08-04,0.4935,0.16,149/A/NBP/2021
2021-08-03,0.4927,-0.16,148/A/NBP/2021
2021-08-02,0.4935,-0.12,147/A/NBP/2021
2021-07-30,0.4941,-0.52,146/A/NBP/2021
2021-07-29,0.4967,-0.5,145/A/NBP/2021
2021-07-28,0.4992,-0.44,144/A/NBP/2021
2021-07-27,0.5014,0.18,143/A/NBP/2021
2021-07-26,0.5005,0.1,142/A/NBP/2021
2021-07-23,0.5,0.16,141/A/NBP/2021
2021-07-22,0.4992,-0.58,140/A/NBP/2021
2021-07-21,0.5021,0.04,139/A/NBP/2021
2021-07-20,0.5019,0.08,138/A/NBP/2021
2021-07-19,0.5015,0.4,137/A/NBP/2021
2021-07-16,0.4995,0.44,136/A/NBP/2021
2021-07-15,0.4973,-0.84,135/A/NBP/2021
2021-07-14,0.5015,1.07,134/A/NBP/2021
2021-07-13,0.4962,0.42,133/A/NBP/2021
2021-07-12,0.4941,-0.12,132/A/NBP/2021
2021-07-09,0.4947,0.06,131/A/NBP/2021
2021-07-08,0.4944,0.47,130/A/NBP/2021
2021-07-07,0.4921,0.53,129/A/NBP/2021
2021-07-06,0.4895,0.12,128/A/NBP/2021
2021-07-05,0.4889,-0.73,127/A/NBP/2021
2021-07-02,0.4925,0.24,126/A/NBP/2021
2021-07-01,0.4913,0.29,125/A/NBP/2021
2021-06-30,0.4899,0.31,124/A/NBP/2021
2021-06-29,0.4884,0.39,123/A/NBP/2021
2021-06-28,0.4865,0.02,122/A/NBP/2021
2021-06-25,0.4864,-0.59,121/A/NBP/2021
2021-06-24,0.4893,0.31,120/A/NBP/2021
2021-06-23,0.4878,-0.67,119/A/NBP/2021
2021-06-22,0.4911,-0.22,118/A/NBP/2021
2021-06-21,0.4922,0.04,117/A/NBP/2021
2021-06-18,0.492,0.74,116/A/NBP/2021
2021-06-17,0.4884,1.54,115/A/NBP/2021
2021-06-16,0.481,-0.02,114/A/NBP/2021
2021-06-15,0.4811,0.42,113/A/NBP/2021
2021-06-14,0.4791,1.12,112/A/NBP/2021
2021-06-11,0.4738,-0.15,111/A/NBP/2021
2021-06-10,0.4745,0.74,110/A/NBP/2021
2021-06-09,0.471,-0.4,109/A/NBP/2021
2021-06-08,0.4729,0.08,108/A/NBP/2021
2021-06-07,0.4725,-0.76,107/A/NBP/2021
2021-06-04,0.4761,0.76,106/A/NBP/2021
2021-06-02,0.4725,0.19,105/A/NBP/2021
2021-06-01,0.4716,-0.34,104/A/NBP/2021
2021-05-31,0.4732,-0.13,103/A/NBP/2021
2021-05-28,0.4738,-0.42,102/A/NBP/2021
2021-05-27,0.4758,0.66,101/A/NBP/2021
2021-05-26,0.4727,0.38,100/A/NBP/2021
2021-05-25,0.4709,-0.63,099/A/NBP/2021
2021-05-24,0.4739,0.04,098/A/NBP/2021
2021-05-21,0.4737,-0.84,097/A/NBP/2021
2021-05-20,0.4777,0.02,096/A/NBP/2021
2021-05-19,0.4776,0.1,095/A/NBP/2021
2021-05-18,0.4771,-0.62,094/A/NBP/2021
2021-05-17,0.4801,-0.25,093/A/NBP/2021
2021-05-14,0.4813,-0.78,092/A/NBP/2021
2021-05-13,0.4851,0.58,091/A/NBP/2021
2021-05-12,0.4823,-0.14,090/A/NBP/2021
2021-05-11,0.483,0.04,089/A/NBP/2021
2021-05-10,0.4828,-0.96,088/A/NBP/2021
2021-05-07,0.4875,-0.51,087/A/NBP/2021
2021-05-06,0.49,-0.18,086/A/NBP/2021
2021-05-05,0.4909,0.49,085/A/NBP/2021
2021-05-04,0.4885,0.47,084/A/NBP/2021
2021-04-30,0.4862,-0.12,083/A/NBP/2021
2021-04-29,0.4868,-0.39,082/A/NBP/2021
2021-04-28,0.4887,0.29,081/A/NBP/2021
2021-04-27,0.4873,0.41,080/A/NBP/2021
2021-04-26,0.4853,-0.49,079/A/NBP/2021
2021-04-23,0.4877,-0.12,078/A/NBP/2021
2021-04-22,0.4883,-0.12,077/A/NBP/2021
2021-04-21,0.4889,0.58,076/A/NBP/2021
2021-04-20,0.4861,-0.12,075/A/NBP/2021
2021-04-19,0.4867,-0.45,074/A/NBP/2021
2021-04-16,0.4889,-0.1,073/A/NBP/2021
2021-04-15,0.4894,-0.16,072/A/NBP/2021
2021-04-14,0.4902,-0.63,071/A/NBP/2021
2021-04-13,0.4933,0.59,070/A/NBP/2021
2021-04-12,0.4904,-0.18,069/A/NBP/2021
2021-04-09,0.4913,-0.34,068/A/NBP/2021
2021-04-08,0.493,-0.62,067/A/NBP/2021
2021-04-07,0.4961,-1,066/A/NBP/2021
2021-04-06,0.5011,-0.06,065/A/NBP/2021
2021-04-02,0.5014,-1.12,064/A/NBP/2021
2021-04-01,0.5071,-0.65,063/A/NBP/2021
2021-03-31,0.5104,0.18,062/A/NBP/2021
2021-03-30,0.5095,0.1,061/A/NBP/2021
2021-03-29,0.509,0.61,060/A/NBP/2021
2021-03-26,0.5059,0.14,059/A/NBP/2021
2021-03-25,0.5052,0.38,058/A/NBP/2021
2021-03-24,0.5033,0.9,057/A/NBP/2021
2021-03-23,0.4988,-0.1,056/A/NBP/2021
2021-03-22,0.4993,-0.22,055/A/NBP/2021
2021-03-19,0.5004,0.38,054/A/NBP/2021
2021-03-18,0.4985,0.08,053/A/NBP/2021
2021-03-17,0.4981,0.42,052/A/NBP/2021
2021-03-16,0.496,0.2,051/A/NBP/2021
2021-03-15,0.495,-0.24,050/A/NBP/2021
2021-03-12,0.4962,0.55,049/A/NBP/2021
2021-03-11,0.4935,-0.3,048/A/NBP/2021
2021-03-10,0.495,-0.2,047/A/NBP/2021
2021-03-09,0.496,-0.32,046/A/NBP/2021
2021-03-08,0.4976,0.61,045/A/NBP/2021
2021-03-05,0.4946,1.37,044/A/NBP/2021
2021-03-04,0.4879,0.89,043/A/NBP/2021
2021-03-03,0.4836,-0.68,042/A/NBP/2021
2021-03-02,0.4869,0.54,041/A/NBP/2021
2021-03-01,0.4843,0.83,040/A/NBP/2021
2021-02-26,0.4803,0.8,039/A/NBP/2021
2021-02-25,0.4765,-0.52,038/A/NBP/2021
2021-02-24,0.479,0.06,037/A/NBP/2021
2021-02-23,0.4787,-0.06,036/A/NBP/2021
2021-02-22,0.479,0.38,035/A/NBP/2021
2021-02-19,0.4772,-0.42,034/A/NBP/2021
2021-02-18,0.4792,-0.37,033/A/NBP/2021
2021-02-17,0.481,0.94,032/A/NBP/2021
2021-02-16,0.4765,-0.02,031/A/NBP/2021
2021-02-15,0.4766,-0.67,030/A/NBP/2021
2021-02-12,0.4798,0.23,029/A/NBP/2021
2021-02-11,0.4787,0.36,028/A/NBP/2021
2021-02-10,0.477,0.02,027/A/NBP/2021
2021-02-09,0.4769,-0.89,026/A/NBP/2021
2021-02-08,0.4812,-0.66,025/A/NBP/2021
2021-02-05,0.4844,0.12,024/A/NBP/2021
2021-02-04,0.4838,0.39,023/A/NBP/2021
2021-02-03,0.4819,0.1,022/A/NBP/2021
2021-02-02,0.4814,0,021/A/NBP/2021
2021-02-01,0.4814,-0.39,020/A/NBP/2021
2021-01-29,0.4833,-0.27,019/A/NBP/2021
2021-01-28,0.4846,0.14,018/A/NBP/2021
2021-01-27,0.4839,0,017/A/NBP/2021
2021-01-26,0.4839,0.29,016/A/NBP/2021
2021-01-25,0.4825,0.4,015/A/NBP/2021
2021-01-22,0.4806,-0.17,014/A/NBP/2021
2021-01-21,0.4814,0.04,013/A/NBP/2021
2021-01-20,0.4812,-0.29,012/A/NBP/2021
2021-01-19,0.4826,-0.76,011/A/NBP/2021
2021-01-18,0.4863,0.64,010/A/NBP/2021
2021-01-15,0.4832,0.37,009/A/NBP/2021
2021-01-14,0.4814,0.5,008/A/NBP/2021
2021-01-13,0.479,-0.13,007/A/NBP/2021
2021-01-12,0.4796,-0.23,006/A/NBP/2021
2021-01-11,0.4807,0.92,005/A/NBP/2021
2021-01-08,0.4763,0.74,004/A/NBP/2021
2021-01-07,0.4728,-1.03,003/A/NBP/2021
2021-01-05,0.4777,0.08,002/A/NBP/2021
2021-01-04,0.4773,-1.59,001/A/NBP/2021
2020-12-31,0.485,1.89,255/A/NBP/2020
2020-12-30,0.476,0.34,254/A/NBP/2020
2020-12-29,0.4744,0.38,253/A/NBP/2020
2020-12-28,0.4726,-0.92,252/A/NBP/2020
2020-12-24,0.477,0.17,251/A/NBP/2020
2020-12-23,0.4762,0,250/A/NBP/2020
2020-12-22,0.4762,-0.42,249/A/NBP/2020
2020-12-21,0.4782,2.07,248/A/NBP/2020
2020-12-18,0.4685,0.17,247/A/NBP/2020
2020-12-17,0.4677,-0.21,246/A/NBP/2020
2020-12-16,0.4687,-0.59,245/A/NBP/2020
2020-12-15,0.4715,0,244/A/NBP/2020
2020-12-14,0.4715,-0.23,243/A/NBP/2020
2020-12-11,0.4726,0.15,242/A/NBP/2020
2020-12-10,0.4719,-0.21,241/A/NBP/2020
2020-12-09,0.4729,-0.69,240/A/NBP/2020
2020-12-08,0.4762,-0.25,239/A/NBP/2020
2020-12-07,0.4774,0.65,238/A/NBP/2020
2020-12-04,0.4743,-0.59,237/A/NBP/2020
2020-12-03,0.4771,-0.15,236/A/NBP/2020
2020-12-02,0.4778,-0.87,235/A/NBP/2020
2020-12-01,0.482,-0.02,234/A/NBP/2020
2020-11-30,0.4821,-0.66,233/A/NBP/2020
2020-11-27,0.4853,0.08,232/A/NBP/2020
2020-11-26,0.4849,0.08,231/A/NBP/2020
2020-11-25,0.4845,-0.16,230/A/NBP/2020
2020-11-24,0.4853,0.02,229/A/NBP/2020
2020-11-23,0.4852,-0.16,228/A/NBP/2020
2020-11-20,0.486,-0.51,227/A/NBP/2020
2020-11-19,0.4885,0.66,226/A/NBP/2020
2020-11-18,0.4853,-0.68,225/A/NBP/2020
2020-11-17,0.4886,0.27,224/A/NBP/2020
2020-11-16,0.4873,-0.61,223/A/NBP/2020
2020-11-13,0.4903,0.04,222/A/NBP/2020
2020-11-12,0.4901,-0.45,221/A/NBP/2020
2020-11-10,0.4923,1.01,220/A/NBP/2020
2020-11-09,0.4874,-1.06,219/A/NBP/2020
2020-11-06,0.4926,-0.4,218/A/NBP/2020
2020-11-05,0.4946,-1.67,217/A/NBP/2020
2020-11-04,0.503,-0.22,216/A/NBP/2020
2020-11-03,0.5041,-1.2,215/A/NBP/2020
2020-11-02,0.5102,-0.04,214/A/NBP/2020
2020-10-30,0.5104,0.1,213/A/NBP/2020
2020-10-29,0.5099,0.51,212/A/NBP/2020
2020-10-28,0.5073,1.16,211/A/NBP/2020
2020-10-27,0.5015,0.28,210/A/NBP/2020
2020-10-26,0.5001,0.24,209/A/NBP/2020
2020-10-23,0.4989,-0.18,208/A/NBP/2020
2020-10-22,0.4998,0.08,207/A/NBP/2020
2020-10-21,0.4994,-0.58,206/A/NBP/2020
2020-10-20,0.5023,0.42,205/A/NBP/2020
2020-10-19,0.5002,-0.54,204/A/NBP/2020
2020-10-16,0.5029,0.16,203/A/NBP/2020
2020-10-15,0.5021,1.6,202/A/NBP/2020
2020-10-14,0.4942,0.96,201/A/NBP/2020
2020-10-13,0.4895,0.02,200/A/NBP/2020
2020-10-12,0.4894,0.04,199/A/NBP/2020
2020-10-09,0.4892,-0.69,198/A/NBP/2020
2020-10-08,0.4926,0.12,197/A/NBP/2020
2020-10-07,0.492,-0.12,196/A/NBP/2020
2020-10-06,0.4926,-0.2,195/A/NBP/2020
2020-10-05,0.4936,-0.28,194/A/NBP/2020
2020-10-02,0.495,-0.38,193/A/NBP/2020
2020-10-01,0.4969,-0.38,192/A/NBP/2020
2020-09-30,0.4988,-1.44,191/A/NBP/2020
2020-09-29,0.5061,0.36,190/A/NBP/2020
2020-09-28,0.5043,0.18,189/A/NBP/2020
2020-09-25,0.5034,0.46,188/A/NBP/2020
2020-09-24,0.5011,1.13,187/A/NBP/2020
2020-09-23,0.4955,0.1,186/A/NBP/2020
2020-09-22,0.495,1.06,185/A/NBP/2020
2020-09-21,0.4898,0.99,184/A/NBP/2020
2020-09-18,0.485,-0.33,183/A/NBP/2020
2020-09-17,0.4866,0.5,182/A/NBP/2020
2020-09-16,0.4842,0.21,181/A/NBP/2020
2020-09-15,0.4832,-0.21,180/A/NBP/2020
2020-09-14,0.4842,-0.02,179/A/NBP/2020
2020-09-11,0.4843,-0.21,178/A/NBP/2020
2020-09-10,0.4853,-0.68,177/A/NBP/2020
2020-09-09,0.4886,0.58,176/A/NBP/2020
2020-09-08,0.4858,-0.04,175/A/NBP/2020
2020-09-07,0.486,0.37,174/A/NBP/2020
2020-09-04,0.4842,0.5,173/A/NBP/2020
2020-09-03,0.4818,0.4,172/A/NBP/2020
2020-09-02,0.4799,1.33,171/A/NBP/2020
2020-09-01,0.4736,-0.61,170/A/NBP/2020
2020-08-31,0.4765,-0.15,169/A/NBP/2020
2020-08-28,0.4772,-0.81,168/A/NBP/2020
2020-08-27,0.4811,0.04,167/A/NBP/2020
2020-08-26,0.4809,0.35,166/A/NBP/2020
2020-08-25,0.4792,-0.35,165/A/NBP/2020
2020-08-24,0.4809,0.29,164/A/NBP/2020
2020-08-21,0.4795,0,163/A/NBP/2020
2020-08-20,0.4795,1.16,162/A/NBP/2020
2020-08-19,0.474,-0.46,161/A/NBP/2020
2020-08-18,0.4762,-0.46,160/A/NBP/2020
2020-08-17,0.4784,-0.4,159/A/NBP/2020
2020-08-14,0.4803,0.13,158/A/NBP/2020
2020-08-13,0.4797,-1.01,157/A/NBP/2020
2020-08-12,0.4846,0.44,156/A/NBP/2020
2020-08-11,0.4825,0,155/A/NBP/2020
2020-08-10,0.4825,0.25,154/A/NBP/2020
2020-08-07,0.4813,0.17,153/A/NBP/2020
2020-08-06,0.4805,0.27,152/A/NBP/2020
2020-08-05,0.4792,-0.6,151/A/NBP/2020
2020-08-04,0.4821,-0.35,150/A/NBP/2020
2020-08-03,0.4838,0.88,149/A/NBP/2020
2020-07-31,0.4796,-1.01,148/A/NBP/2020
2020-07-30,0.4845,-0.16,147/A/NBP/2020
2020-07-29,0.4853,0.23,146/A/NBP/2020
2020-07-28,0.4842,-0.29,145/A/NBP/2020
2020-07-27,0.4856,-1.04,144/A/NBP/2020
2020-07-24,0.4907,-0.06,143/A/NBP/2020
2020-07-23,0.491,-1.23,142/A/NBP/2020
2020-07-22,0.4971,-0.72,141/A/NBP/2020
2020-07-21,0.5007,-0.46,140/A/NBP/2020
2020-07-20,0.503,-0.67,139/A/NBP/2020
2020-07-17,0.5064,-0.39,138/A/NBP/2020
2020-07-16,0.5084,0.73,137/A/NBP/2020
2020-07-15,0.5047,-1.16,136/A/NBP/2020
2020-07-14,0.5106,0.02,135/A/NBP/2020
2020-07-13,0.5105,-0.22,134/A/NBP/2020
2020-07-10,0.5116,0.41,133/A/NBP/2020
2020-07-09,0.5095,-0.45,132/A/NBP/2020
2020-07-08,0.5118,-0.06,131/A/NBP/2020
2020-07-07,0.5121,0.25,130/A/NBP/2020
2020-07-06,0.5108,-0.45,129/A/NBP/2020
2020-07-03,0.5131,0.61,128/A/NBP/2020
2020-07-02,0.51,-0.16,127/A/NBP/2020
2020-07-01,0.5108,-0.55,126/A/NBP/2020
2020-06-30,0.5136,0.37,125/A/NBP/2020
2020-06-29,0.5117,-0.1,124/A/NBP/2020
2020-06-26,0.5122,0.2,123/A/NBP/2020
2020-06-25,0.5112,0.55,122/A/NBP/2020
2020-06-24,0.5084,0.22,121/A/NBP/2020
2020-06-23,0.5073,-0.88,120/A/NBP/2020
2020-06-22,0.5118,-0.2,119/A/NBP/2020
2020-06-19,0.5128,0.39,118/A/NBP/2020
2020-06-18,0.5108,0.14,117/A/NBP/2020
2020-06-17,0.5101,1.23,116/A/NBP/2020
2020-06-16,0.5039,-0.92,115/A/NBP/2020
2020-06-15,0.5086,0.3,114/A/NBP/2020
2020-06-12,0.5071,0.3,113/A/NBP/2020
2020-06-10,0.5056,-0.69,112/A/NBP/2020
2020-06-09,0.5091,0.67,111/A/NBP/2020
2020-06-08,0.5057,-0.06,110/A/NBP/2020
2020-06-05,0.506,-0.9,109/A/NBP/2020
2020-06-04,0.5106,1.15,108/A/NBP/2020
2020-06-03,0.5048,-0.45,107/A/NBP/2020
2020-06-02,0.5071,-0.94,106/A/NBP/2020
2020-06-01,0.5119,-0.87,105/A/NBP/2020
2020-05-29,0.5164,-0.5,104/A/NBP/2020
2020-05-28,0.519,-0.65,103/A/NBP/2020
2020-05-27,0.5224,-0.95,102/A/NBP/2020
2020-05-26,0.5274,-1.29,101/A/NBP/2020
2020-05-25,0.5343,-0.13,100/A/NBP/2020
2020-05-22,0.535,0.28,099/A/NBP/2020
2020-05-21,0.5335,-0.65,098/A/NBP/2020
2020-05-20,0.537,-0.07,097/A/NBP/2020
2020-05-19,0.5374,-1.34,096/A/NBP/2020
2020-05-18,0.5447,0.2,095/A/NBP/2020
2020-05-15,0.5436,-0.31,094/A/NBP/2020
2020-05-14,0.5453,0.35,093/A/NBP/2020
2020-05-13,0.5434,0.06,092/A/NBP/2020
2020-05-12,0.5431,-0.07,091/A/NBP/2020
2020-05-11,0.5435,0.15,090/A/NBP/2020
2020-05-08,0.5427,-0.24,089/A/NBP/2020
2020-05-07,0.544,0.35,088/A/NBP/2020
2020-05-06,0.5421,0.24,087/A/NBP/2020
2020-05-05,0.5408,0.67,086/A/NBP/2020
2020-05-04,0.5372,-0.22,085/A/NBP/2020
2020-04-30,0.5384,-0.19,084/A/NBP/2020
2020-04-29,0.5394,-0.09,083/A/NBP/2020
2020-04-28,0.5399,0.33,082/A/NBP/2020
2020-04-27,0.5381,-1.05,081/A/NBP/2020
2020-04-24,0.5438,0.15,080/A/NBP/2020
2020-04-23,0.543,0.82,079/A/NBP/2020
2020-04-22,0.5386,-0.09,078/A/NBP/2020
2020-04-21,0.5391,0.62,077/A/NBP/2020
2020-04-20,0.5358,-0.89,076/A/NBP/2020
2020-04-17,0.5406,0.65,075/A/NBP/2020
2020-04-16,0.5371,0.26,074/A/NBP/2020
2020-04-15,0.5357,-0.35,073/A/NBP/2020
2020-04-14,0.5376,0.28,072/A/NBP/2020
2020-04-10,0.5361,-0.43,071/A/NBP/2020
2020-04-09,0.5384,-0.15,070/A/NBP/2020
2020-04-08,0.5392,0.2,069/A/NBP/2020
2020-04-07,0.5381,-1.28,068/A/NBP/2020
2020-04-06,0.5451,-0.33,067/A/NBP/2020
2020-04-03,0.5469,1.15,066/A/NBP/2020
2020-04-02,0.5407,0.52,065/A/NBP/2020
2020-04-01,0.5379,0.58,064/A/NBP/2020
2020-03-31,0.5348,1.31,063/A/NBP/2020
2020-03-30,0.5279,-0.53,062/A/NBP/2020
2020-03-27,0.5307,-2.01,061/A/NBP/2020
2020-03-26,0.5416,-0.53,060/A/NBP/2020
2020-03-25,0.5445,-0.48,059/A/NBP/2020
2020-03-24,0.5471,-0.53,058/A/NBP/2020
2020-03-23,0.55,0.62,057/A/NBP/2020
2020-03-20,0.5466,0.02,056/A/NBP/2020
2020-03-19,0.5465,4.15,055/A/NBP/2020
2020-03-18,0.5247,0.71,054/A/NBP/2020
2020-03-17,0.521,3.13,053/A/NBP/2020
2020-03-16,0.5052,0.44,052/A/NBP/2020
2020-03-13,0.503,1.19,051/A/NBP/2020
2020-03-12,0.4971,1.14,050/A/NBP/2020
2020-03-11,0.4915,0.33,049/A/NBP/2020
2020-03-10,0.4899,0.45,048/A/NBP/2020
2020-03-09,0.4877,-0.85,047/A/NBP/2020
2020-03-06,0.4919,-0.67,046/A/NBP/2020
2020-03-05,0.4952,-0.16,045/A/NBP/2020
2020-03-04,0.496,-0.54,044/A/NBP/2020
2020-03-03,0.4987,-0.6,043/A/NBP/2020
2020-03-02,0.5017,-0.4,042/A/NBP/2020
2020-02-28,0.5037,-0.4,041/A/NBP/2020
2020-02-27,0.5057,-0.43,040/A/NBP/2020
2020-02-26,0.5079,-0.12,039/A/NBP/2020
2020-02-25,0.5085,-0.35,038/A/NBP/2020
2020-02-24,0.5103,0.29,037/A/NBP/2020
2020-02-21,0.5088,-0.1,036/A/NBP/2020
2020-02-20,0.5093,0.04,035/A/NBP/2020
2020-02-19,0.5091,0.24,034/A/NBP/2020
2020-02-18,0.5079,0.65,033/A/NBP/2020
2020-02-17,0.5046,0.24,032/A/NBP/2020
2020-02-14,0.5034,-0.04,031/A/NBP/2020
2020-02-13,0.5036,0.3,030/A/NBP/2020
2020-02-12,0.5021,-0.14,029/A/NBP/2020
2020-02-11,0.5028,0.12,028/A/NBP/2020
2020-02-10,0.5022,0.08,027/A/NBP/2020
2020-02-07,0.5018,0.74,026/A/NBP/2020
2020-02-06,0.4981,0.04,025/A/NBP/2020
2020-02-05,0.4979,-0.26,024/A/NBP/2020
2020-02-04,0.4992,-0.24,023/A/NBP/2020
2020-02-03,0.5004,-0.34,022/A/NBP/2020
2020-01-31,0.5021,0.38,021/A/NBP/2020
2020-01-30,0.5002,0.02,020/A/NBP/2020
2020-01-29,0.5001,0.14,019/A/NBP/2020
2020-01-28,0.4994,0.28,018/A/NBP/2020
2020-01-27,0.498,0.63,017/A/NBP/2020
2020-01-24,0.4949,0.39,016/A/NBP/2020
2020-01-23,0.493,0.31,015/A/NBP/2020
2020-01-22,0.4915,-0.22,014/A/NBP/2020
2020-01-21,0.4926,-0.04,013/A/NBP/2020
2020-01-20,0.4928,0.57,012/A/NBP/2020
2020-01-17,0.49,0.31,011/A/NBP/2020
2020-01-16,0.4885,-0.08,010/A/NBP/2020
2020-01-15,0.4889,0,009/A/NBP/2020
2020-01-14,0.4889,-0.29,008/A/NBP/2020
2020-01-13,0.4903,-0.49,007/A/NBP/2020
2020-01-10,0.4927,0.06,006/A/NBP/2020
2020-01-09,0.4924,0.47,005/A/NBP/2020
2020-01-08,0.4901,0.62,004/A/NBP/2020
2020-01-07,0.4871,-0.79,003/A/NBP/2020
2020-01-03,0.491,0.66,002/A/NBP/2020
2020-01-02,0.4878,0.02,001/A/NBP/2020
2019-12-31,0.4877,-0.12,251/A/NBP/2019
2019-12-30,0.4883,-0.65,250/A/NBP/2019
2019-12-27,0.4915,-0.55,249/A/NBP/2019
2019-12-24,0.4942,0.22,248/A/NBP/2019
2019-12-23,0.4931,0.37,247/A/NBP/2019
2019-12-20,0.4913,0.06,246/A/NBP/2019
2019-12-19,0.491,-0.16,245/A/NBP/2019
2019-12-18,0.4918,0.29,244/A/NBP/2019
2019-12-17,0.4904,-0.26,243/A/NBP/2019
2019-12-16,0.4917,0.33,242/A/NBP/2019
2019-12-13,0.4901,-0.65,241/A/NBP/2019
2019-12-12,0.4933,-0.32,240/A/NBP/2019
2019-12-11,0.4949,0.04,239/A/NBP/2019
2019-12-10,0.4947,0.04,238/A/NBP/2019
2019-12-09,0.4945,0.57,237/A/NBP/2019
2019-12-06,0.4917,-0.2,236/A/NBP/2019
2019-12-05,0.4927,-0.2,235/A/NBP/2019
2019-12-04,0.4937,-0.14,234/A/NBP/2019
2019-12-03,0.4944,-0.88,233/A/NBP/2019
2019-12-02,0.4988,-0.66,232/A/NBP/2019
2019-11-29,0.5021,0.1,231/A/NBP/2019
2019-11-28,0.5016,0.28,230/A/NBP/2019
2019-11-27,0.5002,0.26,229/A/NBP/2019
2019-11-26,0.4989,0.04,228/A/NBP/2019
2019-11-25,0.4987,0.42,227/A/NBP/2019
2019-11-22,0.4966,0.28,226/A/NBP/2019
2019-11-21,0.4952,-0.12,225/A/NBP/2019
2019-11-20,0.4958,0.08,224/A/NBP/2019
2019-11-19,0.4954,0.04,223/A/NBP/2019
2019-11-18,0.4952,-0.24,222/A/NBP/2019
2019-11-15,0.4964,-0.4,221/A/NBP/2019
2019-11-14,0.4984,0.32,220/A/NBP/2019
2019-11-13,0.4968,0.24,219/A/NBP/2019
2019-11-12,0.4956,0.43,218/A/NBP/2019
2019-11-08,0.4935,0.28,217/A/NBP/2019
2019-11-07,0.4921,0.06,216/A/NBP/2019
2019-11-06,0.4918,0.57,215/A/NBP/2019
2019-11-05,0.489,0.6,214/A/NBP/2019
2019-11-04,0.4861,-0.23,213/A/NBP/2019
2019-10-31,0.4872,-0.49,212/A/NBP/2019
2019-10-30,0.4896,-0.55,211/A/NBP/2019
2019-10-29,0.4923,0.16,210/A/NBP/2019
2019-10-28,0.4915,0.18,209/A/NBP/2019
2019-10-25,0.4906,0.02,208/A/NBP/2019
2019-10-24,0.4905,-0.02,207/A/NBP/2019
2019-10-23,0.4906,0.18,206/A/NBP/2019
2019-10-22,0.4897,0.25,205/A/NBP/2019
2019-10-21,0.4885,-0.51,204/A/NBP/2019
2019-10-18,0.491,-0.32,203/A/NBP/2019
2019-10-17,0.4926,-0.75,202/A/NBP/2019
2019-10-16,0.4963,-0.06,201/A/NBP/2019
2019-10-15,0.4966,0,200/A/NBP/2019
2019-10-14,0.4966,-0.54,199/A/NBP/2019
2019-10-11,0.4993,-0.18,198/A/NBP/2019
2019-10-10,0.5002,-0.38,197/A/NBP/2019
2019-10-09,0.5021,-0.06,196/A/NBP/2019
2019-10-08,0.5024,-0.22,195/A/NBP/2019
2019-10-07,0.5035,0.04,194/A/NBP/2019
2019-10-04,0.5033,-0.45,193/A/NBP/2019
2019-10-03,0.5056,-1.27,192/A/NBP/2019
2019-10-02,0.5121,0,191/A/NBP/2019
2019-10-01,0.5121,0.35,190/A/NBP/2019
2019-09-30,0.5103,-0.35,189/A/NBP/2019
2019-09-27,0.5121,0.12,188/A/NBP/2019
2019-09-26,0.5115,0.61,187/A/NBP/2019
2019-09-25,0.5084,0.06,186/A/NBP/2019
2019-09-24,0.5081,-0.37,185/A/NBP/2019
2019-09-23,0.51,1.59,184/A/NBP/2019
2019-09-20,0.502,0.1,183/A/NBP/2019
2019-09-19,0.5015,-0.16,182/A/NBP/2019
2019-09-18,0.5023,-0.3,181/A/NBP/2019
2019-09-17,0.5038,0.74,180/A/NBP/2019
2019-09-16,0.5001,0.02,179/A/NBP/2019
2019-09-13,0.5,-0.56,178/A/NBP/2019
2019-09-12,0.5028,0.24,177/A/NBP/2019
2019-09-11,0.5016,0.16,176/A/NBP/2019
2019-09-10,0.5008,-0.12,175/A/NBP/2019
2019-09-09,0.5014,-0.04,174/A/NBP/2019
2019-09-06,0.5016,-0.02,173/A/NBP/2019
2019-09-05,0.5017,-0.24,172/A/NBP/2019
2019-09-04,0.5029,-1.1,171/A/NBP/2019
2019-09-03,0.5085,0.14,170/A/NBP/2019
2019-09-02,0.5078,0.24,169/A/NBP/2019
2019-08-30,0.5066,0.42,168/A/NBP/2019
2019-08-29,0.5045,0.08,167/A/NBP/2019
2019-08-28,0.5041,0.6,166/A/NBP/2019
2019-08-27,0.5011,-0.06,165/A/NBP/2019
2019-08-26,0.5014,-0.14,164/A/NBP/2019
2019-08-23,0.5021,0.1,163/A/NBP/2019
2019-08-22,0.5016,0.32,162/A/NBP/2019
2019-08-21,0.5,-0.5,161/A/NBP/2019
2019-08-20,0.5025,0.54,160/A/NBP/2019
2019-08-19,0.4998,-0.24,159/A/NBP/2019
2019-08-16,0.501,1.09,158/A/NBP/2019
2019-08-14,0.4956,0.45,157/A/NBP/2019
2019-08-13,0.4934,0,156/A/NBP/2019
2019-08-12,0.4934,0.18,155/A/NBP/2019
2019-08-09,0.4925,0.2,154/A/NBP/2019
2019-08-08,0.4915,-0.14,153/A/NBP/2019
2019-08-07,0.4922,0.18,152/A/NBP/2019
2019-08-06,0.4913,-0.67,151/A/NBP/2019
2019-08-05,0.4946,-0.38,150/A/NBP/2019
2019-08-02,0.4965,-0.02,149/A/NBP/2019
2019-08-01,0.4966,0.96,148/A/NBP/2019
2019-07-31,0.4919,-0.04,147/A/NBP/2019
,,,
,,,
�r�d�o: Bankier.pl,,,
