Srednie kursy JPY Narodowego Banku Polskiego,,,
,,,
Data,Kurs,Zmiana,Nazwa Tabeli
2024-04-04,2.6045,-0.83,067/A/NBP/2024
2024-04-03,2.6262,-0.46,066/A/NBP/2024
2024-04-02,2.6384,0.07,065/A/NBP/2024
2024-03-29,2.6366,-0.4,064/A/NBP/2024
2024-03-28,2.6472,0.47,063/A/NBP/2024
2024-03-27,2.6347,0.38,062/A/NBP/2024
2024-03-26,2.6247,-0.24,061/A/NBP/2024
2024-03-25,2.6309,-0.09,060/A/NBP/2024
2024-03-22,2.6334,0.9,059/A/NBP/2024
2024-03-21,2.6098,-0.77,058/A/NBP/2024
2024-03-20,2.6301,-0.58,057/A/NBP/2024
2024-03-19,2.6455,-0.14,056/A/NBP/2024
2024-03-18,2.6492,0.02,055/A/NBP/2024
2024-03-15,2.6487,-0.1,054/A/NBP/2024
2024-03-14,2.6514,-0.08,053/A/NBP/2024
2024-03-13,2.6536,-0.1,052/A/NBP/2024
2024-03-12,2.6563,-0.81,051/A/NBP/2024
2024-03-11,2.678,0.02,050/A/NBP/2024
2024-03-08,2.6775,0.35,049/A/NBP/2024
2024-03-07,2.6682,0.75,048/A/NBP/2024
2024-03-06,2.6484,0,047/A/NBP/2024
2024-03-05,2.6484,-0.08,046/A/NBP/2024
2024-03-04,2.6504,0.01,045/A/NBP/2024
2024-03-01,2.6502,-0.26,044/A/NBP/2024
2024-02-29,2.657,0.33,043/A/NBP/2024
2024-02-28,2.6482,0.28,042/A/NBP/2024
2024-02-27,2.6409,0.02,041/A/NBP/2024
2024-02-26,2.6405,-0.62,040/A/NBP/2024
2024-02-23,2.6569,0.25,039/A/NBP/2024
2024-02-22,2.6504,-0.45,038/A/NBP/2024
2024-02-21,2.6624,0.04,037/A/NBP/2024
2024-02-20,2.6614,-0.91,036/A/NBP/2024
2024-02-19,2.6858,0.1,035/A/NBP/2024
2024-02-16,2.683,-0.6,034/A/NBP/2024
2024-02-15,2.6991,0.17,033/A/NBP/2024
2024-02-14,2.6945,0.42,032/A/NBP/2024
2024-02-13,2.6833,-0.43,031/A/NBP/2024
2024-02-12,2.6949,0.44,030/A/NBP/2024
2024-02-09,2.683,-0.95,029/A/NBP/2024
2024-02-08,2.7086,-0.73,028/A/NBP/2024
2024-02-07,2.7286,0.22,027/A/NBP/2024
2024-02-06,2.7227,0.47,026/A/NBP/2024
2024-02-05,2.71,0.28,025/A/NBP/2024
2024-02-02,2.7024,-0.95,024/A/NBP/2024
2024-02-01,2.7283,0.46,023/A/NBP/2024
2024-01-31,2.7159,-0.67,022/A/NBP/2024
2024-01-30,2.7342,0.18,021/A/NBP/2024
2024-01-29,2.7294,-0.1,020/A/NBP/2024
2024-01-26,2.7322,0.37,019/A/NBP/2024
2024-01-25,2.7222,0.07,018/A/NBP/2024
2024-01-24,2.7202,0.11,017/A/NBP/2024
2024-01-23,2.7171,0.67,016/A/NBP/2024
2024-01-22,2.699,-0.86,015/A/NBP/2024
2024-01-19,2.7225,-0.46,014/A/NBP/2024
2024-01-18,2.7351,-0.07,013/A/NBP/2024
2024-01-17,2.7371,-0.61,012/A/NBP/2024
2024-01-16,2.7539,0.38,011/A/NBP/2024
2024-01-15,2.7436,0.18,010/A/NBP/2024
2024-01-12,2.7388,0.46,009/A/NBP/2024
2024-01-11,2.7263,-0.37,008/A/NBP/2024
2024-01-10,2.7365,-0.55,007/A/NBP/2024
2024-01-09,2.7517,-0.32,006/A/NBP/2024
2024-01-08,2.7605,0.59,005/A/NBP/2024
2024-01-05,2.7443,-0.51,004/A/NBP/2024
2024-01-04,2.7583,-1.41,003/A/NBP/2024
2024-01-03,2.7977,0.44,002/A/NBP/2024
2024-01-02,2.7855,0.45,001/A/NBP/2024
2023-12-29,2.773,0.1,251/A/NBP/2023
2023-12-28,2.7703,0.82,250/A/NBP/2023
2023-12-27,2.7478,-0.73,249/A/NBP/2023
2023-12-22,2.768,-0.12,248/A/NBP/2023
2023-12-21,2.7713,0.54,247/A/NBP/2023
2023-12-20,2.7563,0.62,246/A/NBP/2023
2023-12-19,2.7393,-1.5,245/A/NBP/2023
2023-12-18,2.7809,0.25,244/A/NBP/2023
2023-12-15,2.7739,-0.6,243/A/NBP/2023
2023-12-14,2.7906,1.37,242/A/NBP/2023
2023-12-13,2.7528,-0.44,241/A/NBP/2023
2023-12-12,2.7649,0.36,240/A/NBP/2023
2023-12-11,2.7551,-1.07,239/A/NBP/2023
2023-12-08,2.7848,0.35,238/A/NBP/2023
2023-12-07,2.775,1.69,237/A/NBP/2023
2023-12-06,2.7288,0.55,236/A/NBP/2023
2023-12-05,2.714,-0.15,235/A/NBP/2023
2023-12-04,2.718,0.7,234/A/NBP/2023
2023-12-01,2.6992,-0.04,233/A/NBP/2023
2023-11-30,2.7004,0.93,232/A/NBP/2023
2023-11-29,2.6754,-0.02,231/A/NBP/2023
2023-11-28,2.676,0.45,230/A/NBP/2023
2023-11-27,2.6639,-0.6,229/A/NBP/2023
2023-11-24,2.6799,0.06,228/A/NBP/2023
2023-11-23,2.6782,-0.59,227/A/NBP/2023
2023-11-22,2.6941,-0.17,226/A/NBP/2023
2023-11-21,2.6988,0.15,225/A/NBP/2023
2023-11-20,2.6948,-0.02,224/A/NBP/2023
2023-11-17,2.6953,0.89,223/A/NBP/2023
2023-11-16,2.6714,-0.68,222/A/NBP/2023
2023-11-15,2.6897,-0.99,221/A/NBP/2023
2023-11-14,2.7166,-0.59,220/A/NBP/2023
2023-11-13,2.7327,-0.09,219/A/NBP/2023
2023-11-10,2.7351,-0.49,218/A/NBP/2023
2023-11-09,2.7487,-0.87,217/A/NBP/2023
2023-11-08,2.7729,0.11,216/A/NBP/2023
2023-11-07,2.7698,-0.13,215/A/NBP/2023
2023-11-06,2.7733,-0.41,214/A/NBP/2023
2023-11-03,2.7848,-0.26,213/A/NBP/2023
2023-11-02,2.792,0.92,212/A/NBP/2023
2023-10-31,2.7665,-1.54,211/A/NBP/2023
2023-10-30,2.8097,-0.24,210/A/NBP/2023
2023-10-27,2.8164,-0.08,209/A/NBP/2023
2023-10-26,2.8187,-0.07,208/A/NBP/2023
2023-10-25,2.8206,0.7,207/A/NBP/2023
2023-10-24,2.801,-0.05,206/A/NBP/2023
2023-10-23,2.8025,-0.41,205/A/NBP/2023
2023-10-20,2.8139,-0.24,204/A/NBP/2023
2023-10-19,2.8206,0.5,203/A/NBP/2023
2023-10-18,2.8066,-0.3,202/A/NBP/2023
2023-10-17,2.815,-0.99,201/A/NBP/2023
2023-10-16,2.8432,-1.09,200/A/NBP/2023
2023-10-13,2.8746,0.47,199/A/NBP/2023
2023-10-12,2.8612,-0.13,198/A/NBP/2023
2023-10-11,2.8649,-0.8,197/A/NBP/2023
2023-10-10,2.8881,-0.84,196/A/NBP/2023
2023-10-09,2.9127,-0.53,195/A/NBP/2023
2023-10-06,2.9282,-0.31,194/A/NBP/2023
2023-10-05,2.9372,-0.89,193/A/NBP/2023
2023-10-04,2.9637,0.89,192/A/NBP/2023
2023-10-03,2.9376,0.79,191/A/NBP/2023
2023-10-02,2.9145,-0.56,190/A/NBP/2023
2023-09-29,2.931,-0.63,189/A/NBP/2023
2023-09-28,2.9497,0.8,188/A/NBP/2023
2023-09-27,2.9264,0.21,187/A/NBP/2023
2023-09-26,2.9202,0.45,186/A/NBP/2023
2023-09-25,2.9071,-0.37,185/A/NBP/2023
2023-09-22,2.918,-0.29,184/A/NBP/2023
2023-09-21,2.9264,-0.38,183/A/NBP/2023
2023-09-20,2.9375,-0.19,182/A/NBP/2023
2023-09-19,2.943,-0.09,181/A/NBP/2023
2023-09-18,2.9457,0.27,180/A/NBP/2023
2023-09-15,2.9377,0.35,179/A/NBP/2023
2023-09-14,2.9275,-0.25,178/A/NBP/2023
2023-09-13,2.9347,-1.44,177/A/NBP/2023
2023-09-12,2.9777,1.18,176/A/NBP/2023
2023-09-11,2.943,0.98,175/A/NBP/2023
2023-09-08,2.9143,0.19,174/A/NBP/2023
2023-09-07,2.9087,2.33,173/A/NBP/2023
2023-09-06,2.8425,0.34,172/A/NBP/2023
2023-09-05,2.833,0.32,171/A/NBP/2023
2023-09-04,2.8241,-0.43,170/A/NBP/2023
2023-09-01,2.8364,0.78,169/A/NBP/2023
2023-08-31,2.8144,0.11,168/A/NBP/2023
2023-08-30,2.8112,-0.37,167/A/NBP/2023
2023-08-29,2.8217,-0.12,166/A/NBP/2023
2023-08-28,2.8252,-0.39,165/A/NBP/2023
2023-08-25,2.8363,0.08,164/A/NBP/2023
2023-08-24,2.834,-0.58,163/A/NBP/2023
2023-08-23,2.8506,1.43,162/A/NBP/2023
2023-08-22,2.8103,-0.45,161/A/NBP/2023
2023-08-21,2.823,-0.46,160/A/NBP/2023
2023-08-18,2.836,0.93,159/A/NBP/2023
2023-08-17,2.81,0.15,158/A/NBP/2023
2023-08-16,2.8058,0.35,157/A/NBP/2023
2023-08-14,2.7959,-0.18,156/A/NBP/2023
2023-08-11,2.8009,-0.6,155/A/NBP/2023
2023-08-10,2.8177,-0.52,154/A/NBP/2023
2023-08-09,2.8325,0.35,153/A/NBP/2023
2023-08-08,2.8227,-0.44,152/A/NBP/2023
2023-08-07,2.8352,-0.42,151/A/NBP/2023
2023-08-04,2.8471,-0.34,150/A/NBP/2023
2023-08-03,2.8569,0.42,149/A/NBP/2023
2023-08-02,2.8449,0.82,148/A/NBP/2023
2023-08-01,2.8217,0.49,147/A/NBP/2023
2023-07-31,2.8079,-2.86,146/A/NBP/2023
2023-07-28,2.8905,1.9,145/A/NBP/2023
2023-07-27,2.8365,-0.36,144/A/NBP/2023
2023-07-26,2.8468,0.39,143/A/NBP/2023
2023-07-25,2.8356,-0.25,142/A/NBP/2023
2023-07-24,2.8428,0.89,141/A/NBP/2023
2023-07-21,2.8178,-1.04,140/A/NBP/2023
2023-07-20,2.8475,0.45,139/A/NBP/2023
2023-07-19,2.8348,-0.64,138/A/NBP/2023
2023-07-18,2.8531,-0.32,137/A/NBP/2023
2023-07-17,2.8623,-0.04,136/A/NBP/2023
2023-07-14,2.8635,-0.24,135/A/NBP/2023
2023-07-13,2.8705,-0.68,134/A/NBP/2023
2023-07-12,2.8901,0.61,133/A/NBP/2023
2023-07-11,2.8725,0.61,132/A/NBP/2023
2023-07-10,2.855,-0.9,131/A/NBP/2023
2023-07-07,2.8809,0.71,130/A/NBP/2023
2023-07-06,2.8606,1.05,129/A/NBP/2023
2023-07-05,2.831,0.59,128/A/NBP/2023
2023-07-04,2.8143,0.04,127/A/NBP/2023
2023-07-03,2.8132,-0.9,126/A/NBP/2023
2023-06-30,2.8388,0.29,125/A/NBP/2023
2023-06-29,2.8306,0.15,124/A/NBP/2023
2023-06-28,2.8264,0.34,123/A/NBP/2023
2023-06-27,2.8169,-0.85,122/A/NBP/2023
2023-06-26,2.841,-0.62,121/A/NBP/2023
2023-06-23,2.8586,0.63,120/A/NBP/2023
2023-06-22,2.8406,-0.77,119/A/NBP/2023
2023-06-21,2.8626,-0.15,118/A/NBP/2023
2023-06-20,2.867,0,117/A/NBP/2023
2023-06-19,2.8671,-0.68,116/A/NBP/2023
2023-06-16,2.8866,-1.02,115/A/NBP/2023
2023-06-15,2.9164,-1.38,114/A/NBP/2023
2023-06-14,2.9573,-0.42,113/A/NBP/2023
2023-06-13,2.9697,0.43,112/A/NBP/2023
2023-06-12,2.9571,-0.59,111/A/NBP/2023
2023-06-09,2.9748,-1.02,110/A/NBP/2023
2023-06-07,3.0055,-0.29,109/A/NBP/2023
2023-06-06,3.0143,0.83,108/A/NBP/2023
2023-06-05,2.9895,-0.96,107/A/NBP/2023
2023-06-02,3.0184,-0.48,106/A/NBP/2023
2023-06-01,3.033,-0.28,105/A/NBP/2023
2023-05-31,3.0415,0.92,104/A/NBP/2023
2023-05-30,3.0138,0.13,103/A/NBP/2023
2023-05-29,3.0099,-0.25,102/A/NBP/2023
2023-05-26,3.0175,0.23,101/A/NBP/2023
2023-05-25,3.0105,0.36,100/A/NBP/2023
2023-05-24,2.9998,-0.34,099/A/NBP/2023
2023-05-23,3.0099,-0.92,098/A/NBP/2023
2023-05-22,3.038,-0.17,097/A/NBP/2023
2023-05-19,3.0433,-0.01,096/A/NBP/2023
2023-05-18,3.0436,0.51,095/A/NBP/2023
2023-05-17,3.0283,-0.22,094/A/NBP/2023
2023-05-16,3.035,-0.44,093/A/NBP/2023
2023-05-15,3.0484,-1.34,092/A/NBP/2023
2023-05-12,3.0897,0.57,091/A/NBP/2023
2023-05-11,3.0722,0.06,090/A/NBP/2023
2023-05-10,3.0704,-0.34,089/A/NBP/2023
2023-05-09,3.081,0.48,088/A/NBP/2023
2023-05-08,3.0662,-1.13,087/A/NBP/2023
2023-05-05,3.1014,0.48,086/A/NBP/2023
2023-05-04,3.0865,1.51,085/A/NBP/2023
2023-05-02,3.0406,-1.28,084/A/NBP/2023
2023-04-28,3.08,-0.74,083/A/NBP/2023
2023-04-27,3.103,-0.29,082/A/NBP/2023
2023-04-26,3.112,0.21,081/A/NBP/2023
2023-04-25,3.1055,-0.48,080/A/NBP/2023
2023-04-24,3.1204,-0.63,079/A/NBP/2023
2023-04-21,3.1401,0.62,078/A/NBP/2023
2023-04-20,3.1206,-0.35,077/A/NBP/2023
2023-04-19,3.1315,-0.33,076/A/NBP/2023
2023-04-18,3.1419,-0.41,075/A/NBP/2023
2023-04-17,3.1547,-0.58,074/A/NBP/2023
2023-04-14,3.173,0.07,073/A/NBP/2023
2023-04-13,3.1708,-0.65,072/A/NBP/2023
2023-04-12,3.1917,-1.01,071/A/NBP/2023
2023-04-11,3.2244,-1.01,070/A/NBP/2023
2023-04-07,3.2574,-0.53,069/A/NBP/2023
2023-04-06,3.2749,0.7,068/A/NBP/2023
2023-04-05,3.2522,0.86,067/A/NBP/2023
2023-04-04,3.2244,-0.31,066/A/NBP/2023
2023-04-03,3.2345,0.57,065/A/NBP/2023
2023-03-31,3.2163,-0.96,064/A/NBP/2023
2023-03-30,3.2475,-0.89,063/A/NBP/2023
2023-03-29,3.2767,-0.82,062/A/NBP/2023
2023-03-28,3.3039,-0.5,061/A/NBP/2023
2023-03-27,3.3204,-1.48,060/A/NBP/2023
2023-03-24,3.3703,2.76,059/A/NBP/2023
2023-03-23,3.2799,0.02,058/A/NBP/2023
2023-03-22,3.2793,-0.83,057/A/NBP/2023
2023-03-21,3.3069,-1.68,056/A/NBP/2023
2023-03-20,3.3634,1.3,055/A/NBP/2023
2023-03-17,3.3203,-0.29,054/A/NBP/2023
2023-03-16,3.3301,1.5,053/A/NBP/2023
2023-03-15,3.2808,0.55,052/A/NBP/2023
2023-03-14,3.2627,-0.99,051/A/NBP/2023
2023-03-13,3.2952,1.83,050/A/NBP/2023
2023-03-10,3.236,-0.64,049/A/NBP/2023
2023-03-09,3.257,0.39,048/A/NBP/2023
2023-03-08,3.2442,0.22,047/A/NBP/2023
2023-03-07,3.2372,-0.52,046/A/NBP/2023
2023-03-06,3.254,-0.08,045/A/NBP/2023
2023-03-03,3.2566,1.01,044/A/NBP/2023
2023-03-02,3.2239,-0.67,043/A/NBP/2023
2023-03-01,3.2458,-0.21,042/A/NBP/2023
2023-02-28,3.2525,-0.75,041/A/NBP/2023
2023-02-27,3.2771,-0.76,040/A/NBP/2023
2023-02-24,3.3023,-0.75,039/A/NBP/2023
2023-02-23,3.3271,0.45,038/A/NBP/2023
2023-02-22,3.3123,0.15,037/A/NBP/2023
2023-02-21,3.3075,-0.3,036/A/NBP/2023
2023-02-20,3.3174,-0.34,035/A/NBP/2023
2023-02-17,3.3288,-0.09,034/A/NBP/2023
2023-02-16,3.3317,0.14,033/A/NBP/2023
2023-02-15,3.327,-1.21,032/A/NBP/2023
2023-02-14,3.3677,-0.38,031/A/NBP/2023
2023-02-13,3.3807,-0.67,030/A/NBP/2023
2023-02-10,3.4035,1.2,029/A/NBP/2023
2023-02-09,3.363,-0.29,028/A/NBP/2023
2023-02-08,3.3728,0.3,027/A/NBP/2023
2023-02-07,3.3628,1.22,026/A/NBP/2023
2023-02-06,3.3222,-0.51,025/A/NBP/2023
2023-02-03,3.3391,0.57,024/A/NBP/2023
2023-02-02,3.3201,-0.32,023/A/NBP/2023
2023-02-01,3.3307,-0.11,022/A/NBP/2023
2023-01-31,3.3344,0.18,021/A/NBP/2023
2023-01-30,3.3284,-0.08,020/A/NBP/2023
2023-01-27,3.3309,-0.16,019/A/NBP/2023
2023-01-26,3.3362,0.13,018/A/NBP/2023
2023-01-25,3.332,0.03,017/A/NBP/2023
2023-01-24,3.3311,0.01,016/A/NBP/2023
2023-01-23,3.3307,-0.91,015/A/NBP/2023
2023-01-20,3.3614,-0.76,014/A/NBP/2023
2023-01-19,3.3873,1.18,013/A/NBP/2023
2023-01-18,3.3479,-0.65,012/A/NBP/2023
2023-01-17,3.3697,-0.41,011/A/NBP/2023
2023-01-16,3.3837,0.52,010/A/NBP/2023
2023-01-13,3.3661,1.21,009/A/NBP/2023
2023-01-12,3.3257,0.98,008/A/NBP/2023
2023-01-11,3.2935,-0.69,007/A/NBP/2023
2023-01-10,3.3165,-0.2,006/A/NBP/2023
2023-01-09,3.323,0.17,005/A/NBP/2023
2023-01-05,3.3172,-1.67,004/A/NBP/2023
2023-01-04,3.3735,-0.84,003/A/NBP/2023
2023-01-03,3.402,1.65,002/A/NBP/2023
2023-01-02,3.3469,0.47,001/A/NBP/2023
2022-12-30,3.3312,0.99,252/A/NBP/2022
2022-12-29,3.2986,0.2,251/A/NBP/2022
2022-12-28,3.292,0.39,250/A/NBP/2022
2022-12-27,3.2793,-0.51,249/A/NBP/2022
2022-12-23,3.2962,-0.49,248/A/NBP/2022
2022-12-22,3.3125,-0.76,247/A/NBP/2022
2022-12-21,3.3377,0.17,246/A/NBP/2022
2022-12-20,3.332,2.73,245/A/NBP/2022
2022-12-19,3.2436,0.61,244/A/NBP/2022
2022-12-16,3.2239,-0.16,243/A/NBP/2022
2022-12-15,3.2291,-0.69,242/A/NBP/2022
2022-12-14,3.2516,0.54,241/A/NBP/2022
2022-12-13,3.234,-0.53,240/A/NBP/2022
2022-12-12,3.2511,-0.15,239/A/NBP/2022
2022-12-09,3.256,-0.35,238/A/NBP/2022
2022-12-08,3.2674,0.29,237/A/NBP/2022
2022-12-07,3.2578,-0.5,236/A/NBP/2022
2022-12-06,3.2741,-0.31,235/A/NBP/2022
2022-12-05,3.2842,-1.09,234/A/NBP/2022
2022-12-02,3.3203,0.8,233/A/NBP/2022
2022-12-01,3.294,1.46,232/A/NBP/2022
2022-11-30,3.2466,-0.72,231/A/NBP/2022
2022-11-29,3.2702,0.51,230/A/NBP/2022
2022-11-28,3.2537,0.54,229/A/NBP/2022
2022-11-25,3.2361,-0.57,228/A/NBP/2022
2022-11-24,3.2547,1.15,227/A/NBP/2022
2022-11-23,3.2176,-0.84,226/A/NBP/2022
2022-11-22,3.2449,0.09,225/A/NBP/2022
2022-11-21,3.242,0.08,224/A/NBP/2022
2022-11-18,3.2394,-0.34,223/A/NBP/2022
2022-11-17,3.2506,0.58,222/A/NBP/2022
2022-11-16,3.2319,-0.28,221/A/NBP/2022
2022-11-15,3.241,0.28,220/A/NBP/2022
2022-11-14,3.2321,-0.01,219/A/NBP/2022
2022-11-10,3.2323,0.64,218/A/NBP/2022
2022-11-09,3.2116,0.14,217/A/NBP/2022
2022-11-08,3.2072,0.27,216/A/NBP/2022
2022-11-07,3.1985,-1.47,215/A/NBP/2022
2022-11-04,3.2461,-0.36,214/A/NBP/2022
2022-11-03,3.2578,0.96,213/A/NBP/2022
2022-11-02,3.2269,1.17,212/A/NBP/2022
2022-10-31,3.1897,-0.93,211/A/NBP/2022
2022-10-28,3.2197,-0.48,210/A/NBP/2022
2022-10-27,3.2351,0.03,209/A/NBP/2022
2022-10-26,3.234,-0.73,208/A/NBP/2022
2022-10-25,3.2577,-0.05,207/A/NBP/2022
2022-10-24,3.2593,0.4,206/A/NBP/2022
2022-10-21,3.2463,-0.71,205/A/NBP/2022
2022-10-20,3.2695,-0.08,204/A/NBP/2022
2022-10-19,3.2721,-0.16,203/A/NBP/2022
2022-10-18,3.2774,-1.59,202/A/NBP/2022
2022-10-17,3.3302,-0.77,201/A/NBP/2022
2022-10-14,3.3561,-1.24,200/A/NBP/2022
2022-10-13,3.3983,-0.61,199/A/NBP/2022
2022-10-12,3.419,-0.72,198/A/NBP/2022
2022-10-11,3.4437,-0.26,197/A/NBP/2022
2022-10-10,3.4528,0.85,196/A/NBP/2022
2022-10-07,3.4237,1.09,195/A/NBP/2022
2022-10-06,3.3867,1.06,194/A/NBP/2022
2022-10-05,3.3512,-0.22,193/A/NBP/2022
2022-10-04,3.3587,-0.98,192/A/NBP/2022
2022-10-03,3.392,-1.18,191/A/NBP/2022
2022-09-30,3.4325,-1.25,190/A/NBP/2022
2022-09-29,3.4759,-0.16,189/A/NBP/2022
2022-09-28,3.4813,1.6,188/A/NBP/2022
2022-09-27,3.4266,0.35,187/A/NBP/2022
2022-09-26,3.4146,-0.01,186/A/NBP/2022
2022-09-23,3.4151,0.38,185/A/NBP/2022
2022-09-22,3.4021,2.08,184/A/NBP/2022
2022-09-21,3.3328,1.61,183/A/NBP/2022
2022-09-20,3.2799,-0.42,182/A/NBP/2022
2022-09-19,3.2936,-0.36,181/A/NBP/2022
2022-09-16,3.3054,0.45,180/A/NBP/2022
2022-09-15,3.2906,-0.14,179/A/NBP/2022
2022-09-14,3.2953,1.1,178/A/NBP/2022
2022-09-13,3.2593,0.61,177/A/NBP/2022
2022-09-12,3.2395,-1.32,176/A/NBP/2022
2022-09-09,3.2827,0.06,175/A/NBP/2022
2022-09-08,3.2806,-0.66,174/A/NBP/2022
2022-09-07,3.3025,-1.21,173/A/NBP/2022
2022-09-06,3.3429,-1.48,172/A/NBP/2022
2022-09-05,3.393,0.73,171/A/NBP/2022
2022-09-02,3.3684,-0.14,170/A/NBP/2022
2022-09-01,3.373,-1.3,169/A/NBP/2022
2022-08-31,3.4173,0.1,168/A/NBP/2022
2022-08-30,3.414,-0.98,167/A/NBP/2022
2022-08-29,3.4479,-0.54,166/A/NBP/2022
2022-08-26,3.4667,-0.5,165/A/NBP/2022
2022-08-25,3.4842,-1.01,164/A/NBP/2022
2022-08-24,3.5198,0.55,163/A/NBP/2022
2022-08-23,3.5005,1.07,162/A/NBP/2022
2022-08-22,3.4635,0.44,161/A/NBP/2022
2022-08-19,3.4483,0.33,160/A/NBP/2022
2022-08-18,3.4368,0.46,159/A/NBP/2022
2022-08-17,3.4209,-1.01,158/A/NBP/2022
2022-08-16,3.4558,1.29,157/A/NBP/2022
2022-08-12,3.4119,0.03,156/A/NBP/2022
2022-08-11,3.4109,-0.15,155/A/NBP/2022
2022-08-10,3.4159,0.35,154/A/NBP/2022
2022-08-09,3.4039,-0.28,153/A/NBP/2022
2022-08-08,3.4135,-1.29,152/A/NBP/2022
2022-08-05,3.4581,0.22,151/A/NBP/2022
2022-08-04,3.4505,-0.44,150/A/NBP/2022
2022-08-03,3.4658,-1.36,149/A/NBP/2022
2022-08-02,3.5135,0.47,148/A/NBP/2022
2022-08-01,3.4969,0.29,147/A/NBP/2022
2022-07-29,3.4868,0.49,146/A/NBP/2022
2022-07-28,3.4699,0.69,145/A/NBP/2022
2022-07-27,3.4461,1.8,144/A/NBP/2022
2022-07-26,3.385,0.01,143/A/NBP/2022
2022-07-25,3.3846,-0.72,142/A/NBP/2022
2022-07-22,3.4093,1.27,141/A/NBP/2022
2022-07-21,3.3667,0.05,140/A/NBP/2022
2022-07-20,3.3651,-0.54,139/A/NBP/2022
2022-07-19,3.3833,-0.91,138/A/NBP/2022
2022-07-18,3.4142,-1.19,137/A/NBP/2022
2022-07-15,3.4553,-0.45,136/A/NBP/2022
2022-07-14,3.4709,-1.27,135/A/NBP/2022
2022-07-13,3.5157,-0.1,134/A/NBP/2022
2022-07-12,3.5191,1.66,133/A/NBP/2022
2022-07-11,3.4615,-0.92,132/A/NBP/2022
2022-07-08,3.4936,1.12,131/A/NBP/2022
2022-07-07,3.4548,-0.18,130/A/NBP/2022
2022-07-06,3.461,2.33,129/A/NBP/2022
2022-07-05,3.3822,1.64,128/A/NBP/2022
2022-07-04,3.3275,-0.03,127/A/NBP/2022
2022-07-01,3.3286,1.16,126/A/NBP/2022
2022-06-30,3.2904,0.61,125/A/NBP/2022
2022-06-29,3.2704,-0.01,124/A/NBP/2022
2022-06-28,3.2706,-0.51,123/A/NBP/2022
2022-06-27,3.2873,-0.69,122/A/NBP/2022
2022-06-24,3.3103,-0.1,121/A/NBP/2022
2022-06-23,3.3137,1.83,120/A/NBP/2022
2022-06-22,3.2542,0.28,119/A/NBP/2022
2022-06-21,3.245,-1.51,118/A/NBP/2022
2022-06-20,3.2949,-0.69,117/A/NBP/2022
2022-06-17,3.3179,0.42,116/A/NBP/2022
2022-06-15,3.304,-0.32,115/A/NBP/2022
2022-06-14,3.3146,0.71,114/A/NBP/2022
2022-06-13,3.2911,1.59,113/A/NBP/2022
2022-06-10,3.2395,1.25,112/A/NBP/2022
2022-06-09,3.1996,-0.19,111/A/NBP/2022
2022-06-08,3.2056,-0.89,110/A/NBP/2022
2022-06-07,3.2345,-9.13,109/A/NBP/2022
2022-06-06,3.2635,-0.65,108/A/NBP/2022
2022-06-03,3.2847,-0.63,107/A/NBP/2022
2022-06-02,3.3055,-0.04,106/A/NBP/2022
2022-06-01,3.3069,-0.82,105/A/NBP/2022
2022-05-31,3.3341,-0.42,104/A/NBP/2022
2022-05-30,3.3481,-1,103/A/NBP/2022
2022-05-27,3.3818,-0.79,102/A/NBP/2022
2022-05-26,3.4088,0.57,101/A/NBP/2022
2022-05-25,3.3896,0.29,100/A/NBP/2022
2022-05-24,3.3799,-1.24,099/A/NBP/2022
2022-05-23,3.3999,5.11,098/A/NBP/2022
2022-05-20,3.4222,-1.08,097/A/NBP/2022
2022-05-19,3.4597,0.97,096/A/NBP/2022
2022-05-18,3.4265,-0.12,095/A/NBP/2022
2022-05-17,3.4307,-0.89,094/A/NBP/2022
2022-05-16,3.4614,-0.59,093/A/NBP/2022
2022-05-13,3.4818,-0.23,092/A/NBP/2022
2022-05-12,3.4899,2.56,091/A/NBP/2022
2022-05-11,3.4028,0.08,090/A/NBP/2022
2022-05-10,3.4002,-0.4,089/A/NBP/2022
2022-05-09,3.4137,0.07,088/A/NBP/2022
2022-05-06,3.4113,0.52,087/A/NBP/2022
2022-05-05,3.3936,-0.71,086/A/NBP/2022
2022-05-04,3.418,0.01,085/A/NBP/2022
2022-05-02,3.4177,0.91,084/A/NBP/2022
2022-04-29,3.387,-0.59,083/A/NBP/2022
2022-04-28,3.407,-1.91,082/A/NBP/2022
2022-04-27,3.4735,2.18,081/A/NBP/2022
2022-04-26,3.3994,0.85,080/A/NBP/2022
2022-04-25,3.3707,0.7,079/A/NBP/2022
2022-04-22,3.3472,0.63,078/A/NBP/2022
2022-04-21,3.3262,0.01,077/A/NBP/2022
2022-04-20,3.326,-0.48,076/A/NBP/2022
2022-04-19,3.3422,-1.39,075/A/NBP/2022
2022-04-15,3.3892,-0.2,074/A/NBP/2022
2022-04-14,3.3959,-0.16,073/A/NBP/2022
2022-04-13,3.4014,-0.45,072/A/NBP/2022
2022-04-12,3.4167,0.55,071/A/NBP/2022
2022-04-11,3.3979,-1.25,070/A/NBP/2022
2022-04-08,3.4408,-0.35,069/A/NBP/2022
2022-04-07,3.4529,0.33,068/A/NBP/2022
2022-04-06,3.4417,0.1,067/A/NBP/2022
2022-04-05,3.4383,0.22,066/A/NBP/2022
2022-04-04,3.4308,0.18,065/A/NBP/2022
2022-04-01,3.4247,0.09,064/A/NBP/2022
2022-03-31,3.4215,-0.18,063/A/NBP/2022
2022-03-30,3.4278,-1.18,062/A/NBP/2022
2022-03-29,3.4688,1.1,061/A/NBP/2022
2022-03-28,3.4311,-3.22,060/A/NBP/2022
2022-03-25,3.5454,0.3,059/A/NBP/2022
2022-03-24,3.5594,4.69,058/A/NBP/2022
2022-03-23,3.5347,-0.02,057/A/NBP/2022
2022-03-22,3.5353,-0.67,056/A/NBP/2022
2022-03-21,3.5593,-0.88,055/A/NBP/2022
2022-03-18,3.5908,0.45,054/A/NBP/2022
2022-03-17,3.5746,-1.24,053/A/NBP/2022
2022-03-16,3.6193,-0.68,052/A/NBP/2022
2022-03-15,3.6441,-0.58,051/A/NBP/2022
2022-03-14,3.6653,-1.91,050/A/NBP/2022
2022-03-11,3.7365,-0.38,049/A/NBP/2022
2022-03-10,3.7507,-1.56,048/A/NBP/2022
2022-03-09,3.8103,-2.37,047/A/NBP/2022
2022-03-08,3.9028,-1.78,046/A/NBP/2022
2022-03-07,3.9735,4.44,045/A/NBP/2022
2022-03-04,3.8044,1.83,044/A/NBP/2022
2022-03-03,3.736,-0.6,043/A/NBP/2022
2022-03-02,3.7587,2.25,042/A/NBP/2022
2022-03-01,3.6759,1.23,041/A/NBP/2022
2022-02-28,3.6313,0.46,040/A/NBP/2022
2022-02-25,3.6146,0.46,039/A/NBP/2022
2022-02-24,3.5981,3.67,038/A/NBP/2022
2022-02-23,3.4706,-0.72,037/A/NBP/2022
2022-02-22,3.4956,0.96,036/A/NBP/2022
2022-02-21,3.4623,0.18,035/A/NBP/2022
2022-02-18,3.4561,0.23,034/A/NBP/2022
2022-02-17,3.448,1.02,033/A/NBP/2022
2022-02-16,3.4132,-0.71,032/A/NBP/2022
2022-02-15,3.4375,-2.2,031/A/NBP/2022
2022-02-14,3.5149,2.84,030/A/NBP/2022
2022-02-11,3.4177,0.91,029/A/NBP/2022
2022-02-10,3.387,-1.15,028/A/NBP/2022
2022-02-09,3.4263,-0.41,027/A/NBP/2022
2022-02-08,3.4403,-0.76,026/A/NBP/2022
2022-02-07,3.4666,0.49,025/A/NBP/2022
2022-02-04,3.4497,-1.7,024/A/NBP/2022
2022-02-03,3.5092,-0.35,023/A/NBP/2022
2022-02-02,3.5214,-0.74,022/A/NBP/2022
2022-02-01,3.5475,-0.49,021/A/NBP/2022
2022-01-31,3.565,0.41,020/A/NBP/2022
2022-01-28,3.5504,0.01,019/A/NBP/2022
2022-01-27,3.5501,-0.42,018/A/NBP/2022
2022-01-26,3.5649,0.16,017/A/NBP/2022
2022-01-25,3.5592,0.97,016/A/NBP/2022
2022-01-24,3.525,0.55,015/A/NBP/2022
2022-01-21,3.5056,0.59,014/A/NBP/2022
2022-01-20,3.4852,-0.03,013/A/NBP/2022
2022-01-19,3.4864,0.63,012/A/NBP/2022
2022-01-18,3.4647,0.26,011/A/NBP/2022
2022-01-17,3.4556,-0.59,010/A/NBP/2022
2022-01-14,3.4761,0.9,009/A/NBP/2022
2022-01-13,3.4451,-0.33,008/A/NBP/2022
2022-01-12,3.4566,-0.56,007/A/NBP/2022
2022-01-11,3.476,0.36,006/A/NBP/2022
2022-01-10,3.4635,-0.39,005/A/NBP/2022
2022-01-07,3.477,-0.28,004/A/NBP/2022
2022-01-05,3.4867,-0.21,003/A/NBP/2022
2022-01-04,3.4939,-0.45,002/A/NBP/2022
2022-01-03,3.5098,-0.47,001/A/NBP/2022
2021-12-31,3.5265,-0.03,254/A/NBP/2021
2021-12-30,3.5276,-0.49,253/A/NBP/2021
2021-12-29,3.545,0.18,252/A/NBP/2021
2021-12-28,3.5388,-0.76,251/A/NBP/2021
2021-12-27,3.5658,0.02,250/A/NBP/2021
2021-12-24,3.565,-0.49,249/A/NBP/2021
2021-12-23,3.5825,-0.09,248/A/NBP/2021
2021-12-22,3.5859,-0.45,247/A/NBP/2021
2021-12-21,3.6022,-0.73,246/A/NBP/2021
2021-12-20,3.6286,0.82,245/A/NBP/2021
2021-12-17,3.5992,0.36,244/A/NBP/2021
2021-12-16,3.5864,-0.51,243/A/NBP/2021
2021-12-15,3.6047,-0.33,242/A/NBP/2021
2021-12-14,3.6167,0.29,241/A/NBP/2021
2021-12-13,3.6062,0.26,240/A/NBP/2021
2021-12-10,3.5967,0.01,239/A/NBP/2021
2021-12-09,3.5964,0.28,238/A/NBP/2021
2021-12-08,3.5863,-0.08,237/A/NBP/2021
2021-12-07,3.589,0.07,236/A/NBP/2021
2021-12-06,3.5866,-0.04,235/A/NBP/2021
2021-12-03,3.5879,-0.06,234/A/NBP/2021
2021-12-02,3.5901,-0.77,233/A/NBP/2021
2021-12-01,3.6181,-0.93,232/A/NBP/2021
2021-11-30,3.6522,-0.56,231/A/NBP/2021
2021-11-29,3.6729,0.24,230/A/NBP/2021
2021-11-26,3.6641,1.61,229/A/NBP/2021
2021-11-25,3.6062,-0.73,228/A/NBP/2021
2021-11-24,3.6326,-0.49,227/A/NBP/2021
2021-11-23,3.6504,-0.45,226/A/NBP/2021
2021-11-22,3.6668,0.84,225/A/NBP/2021
2021-11-19,3.6364,0.99,224/A/NBP/2021
2021-11-18,3.6008,0.35,223/A/NBP/2021
2021-11-17,3.5883,-0.21,222/A/NBP/2021
2021-11-16,3.5959,1.07,221/A/NBP/2021
2021-11-15,3.5579,0.03,220/A/NBP/2021
2021-11-12,3.5569,1.34,219/A/NBP/2021
2021-11-10,3.5098,-0.03,218/A/NBP/2021
2021-11-09,3.5108,0.16,217/A/NBP/2021
2021-11-08,3.5052,-0.04,216/A/NBP/2021
2021-11-05,3.5065,0.46,215/A/NBP/2021
2021-11-04,3.4905,0.15,214/A/NBP/2021
2021-11-03,3.4851,-0.51,213/A/NBP/2021
2021-11-02,3.5031,0.44,212/A/NBP/2021
2021-10-29,3.4879,-0.73,211/A/NBP/2021
2021-10-28,3.5136,0.33,210/A/NBP/2021
2021-10-27,3.5019,0.46,209/A/NBP/2021
2021-10-26,3.486,0.26,208/A/NBP/2021
2021-10-25,3.4771,0.1,207/A/NBP/2021
2021-10-22,3.4735,0.39,206/A/NBP/2021
2021-10-21,3.4601,0.42,205/A/NBP/2021
2021-10-20,3.4458,0.15,204/A/NBP/2021
2021-10-19,3.4407,-0.31,203/A/NBP/2021
2021-10-18,3.4515,0.09,202/A/NBP/2021
2021-10-15,3.4484,-0.73,201/A/NBP/2021
2021-10-14,3.4739,-0.48,200/A/NBP/2021
2021-10-13,3.4905,-0.22,199/A/NBP/2021
2021-10-12,3.4983,-0.91,198/A/NBP/2021
2021-10-11,3.5303,-0.63,197/A/NBP/2021
2021-10-08,3.5527,0.63,196/A/NBP/2021
2021-10-07,3.5303,-1.51,195/A/NBP/2021
2021-10-06,3.5843,0.4,194/A/NBP/2021
2021-10-05,3.5699,0.85,193/A/NBP/2021
2021-10-04,3.5398,-0.86,192/A/NBP/2021
2021-10-01,3.5705,0.12,191/A/NBP/2021
2021-09-30,3.5662,0.04,190/A/NBP/2021
2021-09-29,3.5648,0.32,189/A/NBP/2021
2021-09-28,3.5534,0.35,188/A/NBP/2021
2021-09-27,3.5411,-0.43,187/A/NBP/2021
2021-09-24,3.5564,-0.4,186/A/NBP/2021
2021-09-23,3.5706,-0.91,185/A/NBP/2021
2021-09-22,3.6035,0.36,184/A/NBP/2021
2021-09-21,3.5904,0.25,183/A/NBP/2021
2021-09-20,3.5816,1.32,182/A/NBP/2021
2021-09-17,3.5349,-0.47,181/A/NBP/2021
2021-09-16,3.5515,0.91,180/A/NBP/2021
2021-09-15,3.5194,0.49,179/A/NBP/2021
2021-09-14,3.5024,0.19,178/A/NBP/2021
2021-09-13,3.4958,0.04,177/A/NBP/2021
2021-09-10,3.4944,0.28,176/A/NBP/2021
2021-09-09,3.4847,0.45,175/A/NBP/2021
2021-09-08,3.4691,0.25,174/A/NBP/2021
2021-09-07,3.4604,-0.04,173/A/NBP/2021
2021-09-06,3.4617,0.18,172/A/NBP/2021
2021-09-03,3.4554,-0.1,171/A/NBP/2021
2021-09-02,3.4587,-0.19,170/A/NBP/2021
2021-09-01,3.4652,-0.79,169/A/NBP/2021
2021-08-31,3.4929,-0.91,168/A/NBP/2021
2021-08-30,3.525,-0.41,167/A/NBP/2021
2021-08-27,3.5396,0.22,166/A/NBP/2021
2021-08-26,3.5317,-0.29,165/A/NBP/2021
2021-08-25,3.5418,-0.52,164/A/NBP/2021
2021-08-24,3.5602,0.09,163/A/NBP/2021
2021-08-23,3.5571,-0.72,162/A/NBP/2021
2021-08-20,3.583,0.12,161/A/NBP/2021
2021-08-19,3.5787,0.96,160/A/NBP/2021
2021-08-18,3.5447,-0.13,159/A/NBP/2021
2021-08-17,3.5494,0.19,158/A/NBP/2021
2021-08-16,3.5428,0.35,157/A/NBP/2021
2021-08-13,3.5306,-0.29,156/A/NBP/2021
2021-08-12,3.5407,0.2,155/A/NBP/2021
2021-08-11,3.5335,0.27,154/A/NBP/2021
2021-08-10,3.524,-0.14,153/A/NBP/2021
2021-08-09,3.5291,0.59,152/A/NBP/2021
2021-08-06,3.5085,-0.07,151/A/NBP/2021
2021-08-05,3.511,-0.07,150/A/NBP/2021
2021-08-04,3.5136,0.09,149/A/NBP/2021
2021-08-03,3.5104,0.3,148/A/NBP/2021
2021-08-02,3.4999,-0.22,147/A/NBP/2021
2021-07-30,3.5077,-0.26,146/A/NBP/2021
2021-07-29,3.5168,-0.48,145/A/NBP/2021
2021-07-28,3.5336,-0.31,144/A/NBP/2021
2021-07-27,3.5447,0.4,143/A/NBP/2021
2021-07-26,3.5305,0.4,142/A/NBP/2021
2021-07-23,3.5166,-0.08,141/A/NBP/2021
2021-07-22,3.5195,-0.73,140/A/NBP/2021
2021-07-21,3.5453,-0.36,139/A/NBP/2021
2021-07-20,3.5582,0.2,138/A/NBP/2021
2021-07-19,3.551,0.73,137/A/NBP/2021
2021-07-16,3.5254,0.16,136/A/NBP/2021
2021-07-15,3.5198,-0.15,135/A/NBP/2021
2021-07-14,3.5251,0.95,134/A/NBP/2021
2021-07-13,3.4918,0.17,133/A/NBP/2021
2021-07-12,3.486,-0.12,132/A/NBP/2021
2021-07-09,3.4902,-0.19,131/A/NBP/2021
2021-07-08,3.4967,1.32,130/A/NBP/2021
2021-07-07,3.4513,0.58,129/A/NBP/2021
2021-07-06,3.4313,0.2,128/A/NBP/2021
2021-07-05,3.4246,-0.23,127/A/NBP/2021
2021-07-02,3.4325,0.24,126/A/NBP/2021
2021-07-01,3.4244,-0.53,125/A/NBP/2021
2021-06-30,3.4428,0.44,124/A/NBP/2021
2021-06-29,3.4278,0.51,123/A/NBP/2021
2021-06-28,3.4104,0.04,122/A/NBP/2021
2021-06-25,3.4092,-0.5,121/A/NBP/2021
2021-06-24,3.4263,0.32,120/A/NBP/2021
2021-06-23,3.4154,-1.04,119/A/NBP/2021
2021-06-22,3.4513,-0.69,118/A/NBP/2021
2021-06-21,3.4754,0.22,117/A/NBP/2021
2021-06-18,3.4678,1.18,116/A/NBP/2021
2021-06-17,3.4274,0.92,115/A/NBP/2021
2021-06-16,3.3962,0.14,114/A/NBP/2021
2021-06-15,3.3913,0.01,113/A/NBP/2021
2021-06-14,3.3908,1.04,112/A/NBP/2021
2021-06-11,3.3558,-0.21,111/A/NBP/2021
2021-06-10,3.363,0.75,110/A/NBP/2021
2021-06-09,3.3379,-0.38,109/A/NBP/2021
2021-06-08,3.3508,-0.03,108/A/NBP/2021
2021-06-07,3.3517,-0.05,107/A/NBP/2021
2021-06-04,3.3534,0.5,106/A/NBP/2021
2021-06-02,3.3367,-0.07,105/A/NBP/2021
2021-06-01,3.3392,-0.3,104/A/NBP/2021
2021-05-31,3.3492,0.07,103/A/NBP/2021
2021-05-28,3.3469,-1.03,102/A/NBP/2021
2021-05-27,3.3818,0.34,101/A/NBP/2021
2021-05-26,3.3704,0.27,100/A/NBP/2021
2021-05-25,3.3613,-0.5,099/A/NBP/2021
2021-05-24,3.3781,-0.22,098/A/NBP/2021
2021-05-21,3.3856,-0.54,097/A/NBP/2021
2021-05-20,3.4039,0.1,096/A/NBP/2021
2021-05-19,3.4006,-0.09,095/A/NBP/2021
2021-05-18,3.4037,-0.31,094/A/NBP/2021
2021-05-17,3.4142,-0.17,093/A/NBP/2021
2021-05-14,3.4199,-0.54,092/A/NBP/2021
2021-05-13,3.4385,-0.17,091/A/NBP/2021
2021-05-12,3.4442,-0.1,090/A/NBP/2021
2021-05-11,3.4475,0.05,089/A/NBP/2021
2021-05-10,3.4458,-0.68,088/A/NBP/2021
2021-05-07,3.4693,-0.45,087/A/NBP/2021
2021-05-06,3.4851,-0.06,086/A/NBP/2021
2021-05-05,3.4872,0.57,085/A/NBP/2021
2021-05-04,3.4673,0.05,084/A/NBP/2021
2021-04-30,3.4657,-0.05,083/A/NBP/2021
2021-04-29,3.4674,-0.45,082/A/NBP/2021
2021-04-28,3.4829,-0.23,081/A/NBP/2021
2021-04-27,3.491,-0.15,080/A/NBP/2021
2021-04-26,3.4961,-0.34,079/A/NBP/2021
2021-04-23,3.508,0.04,078/A/NBP/2021
2021-04-22,3.5067,-0.02,077/A/NBP/2021
2021-04-21,3.5073,0.83,076/A/NBP/2021
2021-04-20,3.4785,-0.58,075/A/NBP/2021
2021-04-19,3.4988,0.31,074/A/NBP/2021
2021-04-16,3.4881,-0.19,073/A/NBP/2021
2021-04-15,3.4948,0.06,072/A/NBP/2021
2021-04-14,3.4928,-0.39,071/A/NBP/2021
2021-04-13,3.5064,0.63,070/A/NBP/2021
2021-04-12,3.4846,0.01,069/A/NBP/2021
2021-04-09,3.4843,-0.59,068/A/NBP/2021
2021-04-08,3.5049,-0.28,067/A/NBP/2021
2021-04-07,3.5149,-0.43,066/A/NBP/2021
2021-04-06,3.5301,-0.05,065/A/NBP/2021
2021-04-02,3.5317,-0.78,064/A/NBP/2021
2021-04-01,3.5594,-0.85,063/A/NBP/2021
2021-03-31,3.59,-0.05,062/A/NBP/2021
2021-03-30,3.5919,-0.48,061/A/NBP/2021
2021-03-29,3.6092,0.52,060/A/NBP/2021
2021-03-26,3.5905,-0.24,059/A/NBP/2021
2021-03-25,3.5991,0,058/A/NBP/2021
2021-03-24,3.5991,0.95,057/A/NBP/2021
2021-03-23,3.5653,-0.08,056/A/NBP/2021
2021-03-22,3.5683,-0.07,055/A/NBP/2021
2021-03-19,3.5707,0.58,054/A/NBP/2021
2021-03-18,3.55,0.14,053/A/NBP/2021
2021-03-17,3.5451,0.5,052/A/NBP/2021
2021-03-16,3.5275,0.14,051/A/NBP/2021
2021-03-15,3.5227,-0.22,050/A/NBP/2021
2021-03-12,3.5304,0.02,049/A/NBP/2021
2021-03-11,3.5296,-0.16,048/A/NBP/2021
2021-03-10,3.5353,-0.22,047/A/NBP/2021
2021-03-09,3.5432,-0.51,046/A/NBP/2021
2021-03-08,3.5614,0.6,045/A/NBP/2021
2021-03-05,3.54,0.4,044/A/NBP/2021
2021-03-04,3.526,0.48,043/A/NBP/2021
2021-03-03,3.5092,-0.68,042/A/NBP/2021
2021-03-02,3.5332,0.39,041/A/NBP/2021
2021-03-01,3.5195,0.59,040/A/NBP/2021
2021-02-26,3.4987,0.44,039/A/NBP/2021
2021-02-25,3.4835,-0.8,038/A/NBP/2021
2021-02-24,3.5115,-0.4,037/A/NBP/2021
2021-02-23,3.5256,0.3,036/A/NBP/2021
2021-02-22,3.5151,0.12,035/A/NBP/2021
2021-02-19,3.5108,-0.11,034/A/NBP/2021
2021-02-18,3.5145,-0.12,033/A/NBP/2021
2021-02-17,3.5189,0.33,032/A/NBP/2021
2021-02-16,3.5072,0.03,031/A/NBP/2021
2021-02-15,3.5061,-0.97,030/A/NBP/2021
2021-02-12,3.5406,-0.16,029/A/NBP/2021
2021-02-11,3.5462,0.52,028/A/NBP/2021
2021-02-10,3.528,-0.22,027/A/NBP/2021
2021-02-09,3.5357,0.11,026/A/NBP/2021
2021-02-08,3.5319,-0.81,025/A/NBP/2021
2021-02-05,3.5608,-0.1,024/A/NBP/2021
2021-02-04,3.5644,0.27,023/A/NBP/2021
2021-02-03,3.5547,-0.04,022/A/NBP/2021
2021-02-02,3.5562,-0.08,021/A/NBP/2021
2021-02-01,3.5589,-0.36,020/A/NBP/2021
2021-01-29,3.5719,-0.81,019/A/NBP/2021
2021-01-28,3.601,-0.35,018/A/NBP/2021
2021-01-27,3.6136,-0.01,017/A/NBP/2021
2021-01-26,3.6139,0.29,016/A/NBP/2021
2021-01-25,3.6035,0.26,015/A/NBP/2021
2021-01-22,3.594,-0.39,014/A/NBP/2021
2021-01-21,3.6079,0.39,013/A/NBP/2021
2021-01-20,3.5939,-0.09,012/A/NBP/2021
2021-01-19,3.5971,-0.94,011/A/NBP/2021
2021-01-18,3.6314,0.47,010/A/NBP/2021
2021-01-15,3.6143,0.69,009/A/NBP/2021
2021-01-14,3.5895,0.36,008/A/NBP/2021
2021-01-13,3.5766,0.18,007/A/NBP/2021
2021-01-12,3.5703,-0.26,006/A/NBP/2021
2021-01-11,3.5797,0.65,005/A/NBP/2021
2021-01-08,3.5565,0.49,004/A/NBP/2021
2021-01-07,3.5392,-1.72,003/A/NBP/2021
2021-01-05,3.6013,0.01,002/A/NBP/2021
2021-01-04,3.6011,-1.3,001/A/NBP/2021
2020-12-31,3.6484,2.07,255/A/NBP/2020
2020-12-30,3.5744,0.8,254/A/NBP/2020
2020-12-29,3.5462,0.14,253/A/NBP/2020
2020-12-28,3.5412,-0.74,252/A/NBP/2020
2020-12-24,3.5675,-0.04,251/A/NBP/2020
2020-12-23,3.5688,-0.05,250/A/NBP/2020
2020-12-22,3.5707,-0.11,249/A/NBP/2020
2020-12-21,3.5747,1.92,248/A/NBP/2020
2020-12-18,3.5075,-0.28,247/A/NBP/2020
2020-12-17,3.5173,-0.01,246/A/NBP/2020
2020-12-16,3.5175,0.14,245/A/NBP/2020
2020-12-15,3.5127,-0.28,244/A/NBP/2020
2020-12-14,3.5224,0.04,243/A/NBP/2020
2020-12-11,3.5209,0.56,242/A/NBP/2020
2020-12-10,3.5013,-0.58,241/A/NBP/2020
2020-12-09,3.5217,-0.77,240/A/NBP/2020
2020-12-08,3.549,0.03,239/A/NBP/2020
2020-12-07,3.5478,0.31,238/A/NBP/2020
2020-12-04,3.5367,-0.27,237/A/NBP/2020
2020-12-03,3.5464,0.25,236/A/NBP/2020
2020-12-02,3.5377,-1.27,235/A/NBP/2020
2020-12-01,3.5832,-0.23,234/A/NBP/2020
2020-11-30,3.5914,-0.65,233/A/NBP/2020
2020-11-27,3.6149,0.27,232/A/NBP/2020
2020-11-26,3.605,0.16,231/A/NBP/2020
2020-11-25,3.5991,-0.32,230/A/NBP/2020
2020-11-24,3.6105,-0.38,229/A/NBP/2020
2020-11-23,3.6243,-0.14,228/A/NBP/2020
2020-11-20,3.6295,-0.27,227/A/NBP/2020
2020-11-19,3.6392,0.45,226/A/NBP/2020
2020-11-18,3.623,-0.24,225/A/NBP/2020
2020-11-17,3.6317,0.49,224/A/NBP/2020
2020-11-16,3.6139,-0.15,223/A/NBP/2020
2020-11-13,3.6195,0.4,222/A/NBP/2020
2020-11-12,3.6049,-0.52,221/A/NBP/2020
2020-11-10,3.6237,-0.53,220/A/NBP/2020
2020-11-09,3.6431,-1.39,219/A/NBP/2020
2020-11-06,3.6944,0.42,218/A/NBP/2020
2020-11-05,3.679,-1.05,217/A/NBP/2020
2020-11-04,3.7181,-0.36,216/A/NBP/2020
2020-11-03,3.7314,-1.14,215/A/NBP/2020
2020-11-02,3.7744,-0.38,214/A/NBP/2020
2020-10-30,3.7887,-0.16,213/A/NBP/2020
2020-10-29,3.7946,0.59,212/A/NBP/2020
2020-10-28,3.7724,1.55,211/A/NBP/2020
2020-10-27,3.715,0.52,210/A/NBP/2020
2020-10-26,3.6959,0.01,209/A/NBP/2020
2020-10-23,3.6956,-0.12,208/A/NBP/2020
2020-10-22,3.7002,0.32,207/A/NBP/2020
2020-10-21,3.6884,-0.01,206/A/NBP/2020
2020-10-20,3.6887,0.25,205/A/NBP/2020
2020-10-19,3.6796,-0.66,204/A/NBP/2020
2020-10-16,3.7041,0.26,203/A/NBP/2020
2020-10-15,3.6944,1.64,202/A/NBP/2020
2020-10-14,3.6347,1.03,201/A/NBP/2020
2020-10-13,3.5977,0.17,200/A/NBP/2020
2020-10-12,3.5916,0.29,199/A/NBP/2020
2020-10-09,3.5813,-0.59,198/A/NBP/2020
2020-10-08,3.6024,0.14,197/A/NBP/2020
2020-10-07,3.5974,-0.54,196/A/NBP/2020
2020-10-06,3.617,-0.11,195/A/NBP/2020
2020-10-05,3.621,-0.72,194/A/NBP/2020
2020-10-02,3.6473,0,193/A/NBP/2020
2020-10-01,3.6473,-0.31,192/A/NBP/2020
2020-09-30,3.6586,-1.45,191/A/NBP/2020
2020-09-29,3.7123,0.05,190/A/NBP/2020
2020-09-28,3.7104,0.27,189/A/NBP/2020
2020-09-25,3.7003,0.37,188/A/NBP/2020
2020-09-24,3.6866,0.88,187/A/NBP/2020
2020-09-23,3.6546,-0.39,186/A/NBP/2020
2020-09-22,3.6688,0.62,185/A/NBP/2020
2020-09-21,3.6461,1.36,184/A/NBP/2020
2020-09-18,3.5973,-0.08,183/A/NBP/2020
2020-09-17,3.6003,0.93,182/A/NBP/2020
2020-09-16,3.5672,0.79,181/A/NBP/2020
2020-09-15,3.5394,-0.02,180/A/NBP/2020
2020-09-14,3.5401,0.2,179/A/NBP/2020
2020-09-11,3.5332,-0.34,178/A/NBP/2020
2020-09-10,3.5454,-0.78,177/A/NBP/2020
2020-09-09,3.5731,0.88,176/A/NBP/2020
2020-09-08,3.5421,-0.13,175/A/NBP/2020
2020-09-07,3.5467,0.37,174/A/NBP/2020
2020-09-04,3.5336,0.56,173/A/NBP/2020
2020-09-03,3.514,0.34,172/A/NBP/2020
2020-09-02,3.502,0.9,171/A/NBP/2020
2020-09-01,3.4706,-0.47,170/A/NBP/2020
2020-08-31,3.4871,-0.18,169/A/NBP/2020
2020-08-28,3.4935,-0.63,168/A/NBP/2020
2020-08-27,3.5157,0.2,167/A/NBP/2020
2020-08-26,3.5087,0.46,166/A/NBP/2020
2020-08-25,3.4925,-0.83,165/A/NBP/2020
2020-08-24,3.5217,-0.01,164/A/NBP/2020
2020-08-21,3.522,0.4,163/A/NBP/2020
2020-08-20,3.5081,0.64,162/A/NBP/2020
2020-08-19,3.4857,-0.27,161/A/NBP/2020
2020-08-18,3.4951,0.38,160/A/NBP/2020
2020-08-17,3.4818,-0.19,159/A/NBP/2020
2020-08-14,3.4883,0.17,158/A/NBP/2020
2020-08-13,3.4824,-0.96,157/A/NBP/2020
2020-08-12,3.5161,-0.22,156/A/NBP/2020
2020-08-11,3.5237,-0.16,155/A/NBP/2020
2020-08-10,3.5295,-0.08,154/A/NBP/2020
2020-08-07,3.5324,0.25,153/A/NBP/2020
2020-08-06,3.5237,0.26,152/A/NBP/2020
2020-08-05,3.5144,-0.34,151/A/NBP/2020
2020-08-04,3.5265,-0.69,150/A/NBP/2020
2020-08-03,3.5509,0.02,149/A/NBP/2020
2020-07-31,3.5502,-0.63,148/A/NBP/2020
2020-07-30,3.5728,-0.33,147/A/NBP/2020
2020-07-29,3.5848,0.69,146/A/NBP/2020
2020-07-28,3.5603,-0.19,145/A/NBP/2020
2020-07-27,3.5671,-0.18,144/A/NBP/2020
2020-07-24,3.5737,0.6,143/A/NBP/2020
2020-07-23,3.5524,-1.33,142/A/NBP/2020
2020-07-22,3.6002,-0.47,141/A/NBP/2020
2020-07-21,3.6173,-0.56,140/A/NBP/2020
2020-07-20,3.6376,-0.74,139/A/NBP/2020
2020-07-17,3.6649,-0.48,138/A/NBP/2020
2020-07-16,3.6824,0.64,137/A/NBP/2020
2020-07-15,3.659,-0.77,136/A/NBP/2020
2020-07-14,3.6874,-0.22,135/A/NBP/2020
2020-07-13,3.6955,-0.48,134/A/NBP/2020
2020-07-10,3.7134,0.89,133/A/NBP/2020
2020-07-09,3.6805,-0.19,132/A/NBP/2020
2020-07-08,3.6874,0.04,131/A/NBP/2020
2020-07-07,3.6859,0.15,130/A/NBP/2020
2020-07-06,3.6803,-0.54,129/A/NBP/2020
2020-07-03,3.7004,0.51,128/A/NBP/2020
2020-07-02,3.6817,0,127/A/NBP/2020
2020-07-01,3.6818,-0.4,126/A/NBP/2020
2020-06-30,3.6967,-0.07,125/A/NBP/2020
2020-06-29,3.6992,-0.41,124/A/NBP/2020
2020-06-26,3.7146,0.51,123/A/NBP/2020
2020-06-25,3.6958,-0.06,122/A/NBP/2020
2020-06-24,3.6982,0.69,121/A/NBP/2020
2020-06-23,3.6727,-1.01,120/A/NBP/2020
2020-06-22,3.7103,-0.16,119/A/NBP/2020
2020-06-19,3.7163,0.48,118/A/NBP/2020
2020-06-18,3.6985,0.51,117/A/NBP/2020
2020-06-17,3.6796,1.24,116/A/NBP/2020
2020-06-16,3.6344,-1.04,115/A/NBP/2020
2020-06-15,3.6727,0.27,114/A/NBP/2020
2020-06-12,3.6627,0.33,113/A/NBP/2020
2020-06-10,3.6508,-0.16,112/A/NBP/2020
2020-06-09,3.6568,2.16,111/A/NBP/2020
2020-06-08,3.5795,-0.29,110/A/NBP/2020
2020-06-05,3.5899,-1.06,109/A/NBP/2020
2020-06-04,3.6283,0.9,108/A/NBP/2020
2020-06-03,3.5959,-1.39,107/A/NBP/2020
2020-06-02,3.6466,-1.29,106/A/NBP/2020
2020-06-01,3.6943,-1.04,105/A/NBP/2020
2020-05-29,3.7332,0.03,104/A/NBP/2020
2020-05-28,3.7322,-0.84,103/A/NBP/2020
2020-05-27,3.764,-0.81,102/A/NBP/2020
2020-05-26,3.7947,-1.31,101/A/NBP/2020
2020-05-25,3.8451,-0.37,100/A/NBP/2020
2020-05-22,3.8594,0.6,099/A/NBP/2020
2020-05-21,3.8364,-0.78,098/A/NBP/2020
2020-05-20,3.8665,-0.21,097/A/NBP/2020
2020-05-19,3.8748,-1.54,096/A/NBP/2020
2020-05-18,3.9355,0,095/A/NBP/2020
2020-05-15,3.9354,-0.53,094/A/NBP/2020
2020-05-14,3.9563,0.57,093/A/NBP/2020
2020-05-13,3.9337,0.5,092/A/NBP/2020
2020-05-12,3.9142,-0.37,091/A/NBP/2020
2020-05-11,3.9286,-0.67,090/A/NBP/2020
2020-05-08,3.9551,-0.19,089/A/NBP/2020
2020-05-07,3.9626,0.3,088/A/NBP/2020
2020-05-06,3.9506,0.61,087/A/NBP/2020
2020-05-05,3.9266,0.65,086/A/NBP/2020
2020-05-04,3.9011,-0.27,085/A/NBP/2020
2020-04-30,3.9118,-0.34,084/A/NBP/2020
2020-04-29,3.9253,0.43,083/A/NBP/2020
2020-04-28,3.9085,0.48,082/A/NBP/2020
2020-04-27,3.8898,-0.6,081/A/NBP/2020
2020-04-24,3.9133,0.07,080/A/NBP/2020
2020-04-23,3.9107,0.81,079/A/NBP/2020
2020-04-22,3.8794,-0.31,078/A/NBP/2020
2020-04-21,3.8914,0.92,077/A/NBP/2020
2020-04-20,3.8558,-0.8,076/A/NBP/2020
2020-04-17,3.8868,0.57,075/A/NBP/2020
2020-04-16,3.8649,0.03,074/A/NBP/2020
2020-04-15,3.8637,-0.26,073/A/NBP/2020
2020-04-14,3.8737,1,072/A/NBP/2020
2020-04-10,3.8354,0.07,071/A/NBP/2020
2020-04-09,3.8327,-0.16,070/A/NBP/2020
2020-04-08,3.8389,0.18,069/A/NBP/2020
2020-04-07,3.832,-0.99,068/A/NBP/2020
2020-04-06,3.8703,-1.18,067/A/NBP/2020
2020-04-03,3.9167,0.27,066/A/NBP/2020
2020-04-02,3.9062,0.67,065/A/NBP/2020
2020-04-01,3.8803,1.56,064/A/NBP/2020
2020-03-31,3.8208,0.47,063/A/NBP/2020
2020-03-30,3.8029,0.69,062/A/NBP/2020
2020-03-27,3.777,-1,061/A/NBP/2020
2020-03-26,3.8152,0.69,060/A/NBP/2020
2020-03-25,3.7889,-1.37,059/A/NBP/2020
2020-03-24,3.8415,-0.49,058/A/NBP/2020
2020-03-23,3.8603,0.4,057/A/NBP/2020
2020-03-20,3.8448,-1.06,056/A/NBP/2020
2020-03-19,3.886,2.38,055/A/NBP/2020
2020-03-18,3.7958,-0.01,054/A/NBP/2020
2020-03-17,3.7962,2.51,053/A/NBP/2020
2020-03-16,3.7034,0.74,052/A/NBP/2020
2020-03-13,3.6762,-1.21,051/A/NBP/2020
2020-03-12,3.7211,2.37,050/A/NBP/2020
2020-03-11,3.635,-0.07,049/A/NBP/2020
2020-03-10,3.6374,-1.6,048/A/NBP/2020
2020-03-09,3.6967,1.69,047/A/NBP/2020
2020-03-06,3.6351,1.04,046/A/NBP/2020
2020-03-05,3.5978,0.3,045/A/NBP/2020
2020-03-04,3.5872,-0.18,044/A/NBP/2020
2020-03-03,3.5936,-0.69,043/A/NBP/2020
2020-03-02,3.6186,0.19,042/A/NBP/2020
2020-02-28,3.6117,0.96,041/A/NBP/2020
2020-02-27,3.5774,-0.29,040/A/NBP/2020
2020-02-26,3.5878,-0.06,039/A/NBP/2020
2020-02-25,3.5899,0.48,038/A/NBP/2020
2020-02-24,3.5728,0.74,037/A/NBP/2020
2020-02-21,3.5466,0.24,036/A/NBP/2020
2020-02-20,3.538,-1.38,035/A/NBP/2020
2020-02-19,3.5875,-0.21,034/A/NBP/2020
2020-02-18,3.5952,0.81,033/A/NBP/2020
2020-02-17,3.5664,0.17,032/A/NBP/2020
2020-02-14,3.5605,-0.08,031/A/NBP/2020
2020-02-13,3.5635,0.49,030/A/NBP/2020
2020-02-12,3.5462,-0.2,029/A/NBP/2020
2020-02-11,3.5534,-0.01,028/A/NBP/2020
2020-02-10,3.5537,0.18,027/A/NBP/2020
2020-02-07,3.5474,0.78,026/A/NBP/2020
2020-02-06,3.5199,-0.11,025/A/NBP/2020
2020-02-05,3.5238,-0.86,024/A/NBP/2020
2020-02-04,3.5542,-0.77,023/A/NBP/2020
2020-02-03,3.5817,0.08,022/A/NBP/2020
2020-01-31,3.5788,0.31,021/A/NBP/2020
2020-01-30,3.5676,0.07,020/A/NBP/2020
2020-01-29,3.5652,-0.12,019/A/NBP/2020
2020-01-28,3.5694,0.37,018/A/NBP/2020
2020-01-27,3.5561,1.27,017/A/NBP/2020
2020-01-24,3.5114,0.4,016/A/NBP/2020
2020-01-23,3.4975,0.67,015/A/NBP/2020
2020-01-22,3.4741,-0.22,014/A/NBP/2020
2020-01-21,3.4817,0.21,013/A/NBP/2020
2020-01-20,3.4744,0.61,012/A/NBP/2020
2020-01-17,3.4534,0.05,011/A/NBP/2020
2020-01-16,3.4516,-0.19,010/A/NBP/2020
2020-01-15,3.458,0.06,009/A/NBP/2020
2020-01-14,3.4558,-0.37,008/A/NBP/2020
2020-01-13,3.4687,-0.61,007/A/NBP/2020
2020-01-10,3.4901,-0.15,006/A/NBP/2020
2020-01-09,3.4954,-0.57,005/A/NBP/2020
2020-01-08,3.5155,0.72,004/A/NBP/2020
2020-01-07,3.4905,-1.28,003/A/NBP/2020
2020-01-03,3.5358,1.28,002/A/NBP/2020
2020-01-02,3.491,-0.14,001/A/NBP/2020
2019-12-31,3.4959,0.36,251/A/NBP/2019
2019-12-30,3.4835,-0.25,250/A/NBP/2019
2019-12-27,3.4923,-0.75,249/A/NBP/2019
2019-12-24,3.5186,0.23,248/A/NBP/2019
2019-12-23,3.5105,0.19,247/A/NBP/2019
2019-12-20,3.5038,0.3,246/A/NBP/2019
2019-12-19,3.4934,-0.19,245/A/NBP/2019
2019-12-18,3.5001,0.42,244/A/NBP/2019
2019-12-17,3.4856,-0.45,243/A/NBP/2019
2019-12-16,3.5015,0.41,242/A/NBP/2019
2019-12-13,3.4871,-1.57,241/A/NBP/2019
2019-12-12,3.5426,-0.4,240/A/NBP/2019
2019-12-11,3.557,-0.22,239/A/NBP/2019
2019-12-10,3.5647,-0.08,238/A/NBP/2019
2019-12-09,3.5674,0.64,237/A/NBP/2019
2019-12-06,3.5446,0.15,236/A/NBP/2019
2019-12-05,3.5394,-0.41,235/A/NBP/2019
2019-12-04,3.554,0.12,234/A/NBP/2019
2019-12-03,3.5499,-0.31,233/A/NBP/2019
2019-12-02,3.5611,-0.69,232/A/NBP/2019
2019-11-29,3.5857,-0.04,231/A/NBP/2019
2019-11-28,3.587,0.01,230/A/NBP/2019
2019-11-27,3.5866,0.1,229/A/NBP/2019
2019-11-26,3.583,-0.08,228/A/NBP/2019
2019-11-25,3.5858,0.17,227/A/NBP/2019
2019-11-22,3.5796,0.29,226/A/NBP/2019
2019-11-21,3.5693,-0.23,225/A/NBP/2019
2019-11-20,3.5775,0.34,224/A/NBP/2019
2019-11-19,3.5654,0.25,223/A/NBP/2019
2019-11-18,3.5565,-0.5,222/A/NBP/2019
2019-11-15,3.5744,-0.49,221/A/NBP/2019
2019-11-14,3.592,0.56,220/A/NBP/2019
2019-11-13,3.5719,0.56,219/A/NBP/2019
2019-11-12,3.5521,0.56,218/A/NBP/2019
2019-11-08,3.5324,0.06,217/A/NBP/2019
2019-11-07,3.5303,-0.08,216/A/NBP/2019
2019-11-06,3.5332,0.41,215/A/NBP/2019
2019-11-05,3.5189,0.09,214/A/NBP/2019
2019-11-04,3.5156,-0.26,213/A/NBP/2019
2019-10-31,3.5247,-0.05,212/A/NBP/2019
2019-10-30,3.5264,-0.54,211/A/NBP/2019
2019-10-29,3.5455,0.03,210/A/NBP/2019
2019-10-28,3.5446,0.1,209/A/NBP/2019
2019-10-25,3.5412,0.12,208/A/NBP/2019
2019-10-24,3.537,-0.37,207/A/NBP/2019
2019-10-23,3.55,0.34,206/A/NBP/2019
2019-10-22,3.538,0.33,205/A/NBP/2019
2019-10-21,3.5265,-0.44,204/A/NBP/2019
2019-10-18,3.542,-0.24,203/A/NBP/2019
2019-10-17,3.5506,-0.86,202/A/NBP/2019
2019-10-16,3.5813,-0.39,201/A/NBP/2019
2019-10-15,3.5953,-0.09,200/A/NBP/2019
2019-10-14,3.5984,-0.72,199/A/NBP/2019
2019-10-11,3.6246,-0.75,198/A/NBP/2019
2019-10-10,3.6519,-0.52,197/A/NBP/2019
2019-10-09,3.6711,-0.17,196/A/NBP/2019
2019-10-08,3.6772,-0.5,195/A/NBP/2019
2019-10-07,3.6957,0,194/A/NBP/2019
2019-10-04,3.6958,-0.18,193/A/NBP/2019
2019-10-03,3.7024,-0.73,192/A/NBP/2019
2019-10-02,3.7298,0.72,191/A/NBP/2019
2019-10-01,3.7033,-0.1,190/A/NBP/2019
2019-09-30,3.7071,-0.37,189/A/NBP/2019
2019-09-27,3.7209,-0.13,188/A/NBP/2019
2019-09-26,3.7257,0.33,187/A/NBP/2019
2019-09-25,3.7134,0.34,186/A/NBP/2019
2019-09-24,3.701,-0.62,185/A/NBP/2019
2019-09-23,3.7242,2.25,184/A/NBP/2019
2019-09-20,3.6424,0.19,183/A/NBP/2019
2019-09-19,3.6354,0.05,182/A/NBP/2019
2019-09-18,3.6335,-0.26,181/A/NBP/2019
2019-09-17,3.6428,0.4,180/A/NBP/2019
2019-09-16,3.6284,0.16,179/A/NBP/2019
2019-09-13,3.6227,-0.71,178/A/NBP/2019
2019-09-12,3.6486,-0.01,177/A/NBP/2019
2019-09-11,3.6491,-0.3,176/A/NBP/2019
2019-09-10,3.6601,-0.39,175/A/NBP/2019
2019-09-09,3.6744,0.05,174/A/NBP/2019
2019-09-06,3.6726,-0.5,173/A/NBP/2019
2019-09-05,3.6909,-0.54,172/A/NBP/2019
2019-09-04,3.7111,-1.31,171/A/NBP/2019
2019-09-03,3.7605,0.37,170/A/NBP/2019
2019-09-02,3.7468,0.38,169/A/NBP/2019
2019-08-30,3.7325,0.21,168/A/NBP/2019
2019-08-29,3.7247,-0.39,167/A/NBP/2019
2019-08-28,3.7392,0.63,166/A/NBP/2019
2019-08-27,3.7159,0.05,165/A/NBP/2019
2019-08-26,3.714,0.59,164/A/NBP/2019
2019-08-23,3.6922,-0.14,163/A/NBP/2019
2019-08-22,3.6973,0.46,162/A/NBP/2019
2019-08-21,3.6805,-0.59,161/A/NBP/2019
2019-08-20,3.7023,0.67,160/A/NBP/2019
2019-08-19,3.6778,-0.47,159/A/NBP/2019
2019-08-16,3.6953,1.14,158/A/NBP/2019
2019-08-14,3.6536,-0.62,157/A/NBP/2019
2019-08-13,3.6765,-0.01,156/A/NBP/2019
2019-08-12,3.6769,0.86,155/A/NBP/2019
2019-08-09,3.6454,0.4,154/A/NBP/2019
2019-08-08,3.631,-0.06,153/A/NBP/2019
2019-08-07,3.6333,0.48,152/A/NBP/2019
2019-08-06,3.616,-1.1,151/A/NBP/2019
2019-08-05,3.6564,0.71,150/A/NBP/2019
2019-08-02,3.6308,1.92,149/A/NBP/2019
2019-08-01,3.5623,0.45,148/A/NBP/2019
2019-07-31,3.5465,0.04,147/A/NBP/2019
2019-07-30,3.5452,0.17,146/A/NBP/2019
2019-07-29,3.5393,0.44,145/A/NBP/2019
2019-07-26,3.5238,-0.29,144/A/NBP/2019
2019-07-25,3.5341,-0.1,143/A/NBP/2019
2019-07-24,3.5377,0.72,142/A/NBP/2019
2019-07-23,3.5123,0.04,141/A/NBP/2019
2019-07-22,3.5109,-0.15,140/A/NBP/2019
2019-07-19,3.5162,-0.13,139/A/NBP/2019
2019-07-18,3.5209,0.21,138/A/NBP/2019
2019-07-17,3.5134,0.23,137/A/NBP/2019
2019-07-16,3.5053,-0.09,136/A/NBP/2019
2019-07-15,3.5084,0.34,135/A/NBP/2019
2019-07-12,3.4965,-0.2,134/A/NBP/2019
2019-07-11,3.5036,0.28,133/A/NBP/2019
2019-07-10,3.4939,-0.06,132/A/NBP/2019
2019-07-09,3.4961,0.09,131/A/NBP/2019
,,,
,,,
�r�d�o: Bankier.pl,,,
