Srednie kursy SEK Narodowego Banku Polskiego,,,
,,,
Data,Kurs,Zmiana,Nazwa Tabeli
2024-04-26,0.3703,-0.32,083/A/NBP/2024
2024-04-25,0.3715,-0.13,082/A/NBP/2024
2024-04-24,0.372,-0.32,081/A/NBP/2024
2024-04-23,0.3732,0.48,080/A/NBP/2024
2024-04-22,0.3714,0.22,079/A/NBP/2024
2024-04-19,0.3706,-0.56,078/A/NBP/2024
2024-04-18,0.3727,-0.03,077/A/NBP/2024
2024-04-17,0.3728,0.32,076/A/NBP/2024
2024-04-16,0.3716,0.38,075/A/NBP/2024
2024-04-15,0.3702,0,074/A/NBP/2024
2024-04-12,0.3702,0,073/A/NBP/2024
2024-04-11,0.3702,-0.64,072/A/NBP/2024
2024-04-10,0.3726,0.16,071/A/NBP/2024
2024-04-09,0.372,-0.13,070/A/NBP/2024
2024-04-08,0.3725,0.27,069/A/NBP/2024
2024-04-05,0.3715,-0.3,068/A/NBP/2024
2024-04-04,0.3726,0.32,067/A/NBP/2024
2024-04-03,0.3714,0.11,066/A/NBP/2024
2024-04-02,0.371,-0.4,065/A/NBP/2024
2024-03-29,0.3725,-0.43,064/A/NBP/2024
2024-03-28,0.3741,-0.51,063/A/NBP/2024
2024-03-27,0.376,-0.13,062/A/NBP/2024
2024-03-26,0.3765,0.05,061/A/NBP/2024
2024-03-25,0.3763,-0.5,060/A/NBP/2024
2024-03-22,0.3782,-0.32,059/A/NBP/2024
2024-03-21,0.3794,-0.26,058/A/NBP/2024
2024-03-20,0.3804,0.16,057/A/NBP/2024
2024-03-19,0.3798,-0.26,056/A/NBP/2024
2024-03-18,0.3808,-0.08,055/A/NBP/2024
2024-03-15,0.3811,-0.39,054/A/NBP/2024
2024-03-14,0.3826,-0.08,053/A/NBP/2024
2024-03-13,0.3829,-0.08,052/A/NBP/2024
2024-03-12,0.3832,-0.1,051/A/NBP/2024
2024-03-11,0.3836,-0.6,050/A/NBP/2024
2024-03-08,0.3859,0.47,049/A/NBP/2024
2024-03-07,0.3841,0.42,048/A/NBP/2024
2024-03-06,0.3825,-0.26,047/A/NBP/2024
2024-03-05,0.3835,-0.57,046/A/NBP/2024
2024-03-04,0.3857,-0.08,045/A/NBP/2024
2024-03-01,0.386,0.13,044/A/NBP/2024
2024-02-29,0.3855,0.21,043/A/NBP/2024
2024-02-28,0.3847,-0.23,042/A/NBP/2024
2024-02-27,0.3856,-0.13,041/A/NBP/2024
2024-02-26,0.3861,-0.28,040/A/NBP/2024
2024-02-23,0.3872,0.03,039/A/NBP/2024
2024-02-22,0.3871,0.62,038/A/NBP/2024
2024-02-21,0.3847,-0.1,037/A/NBP/2024
2024-02-20,0.3851,-0.23,036/A/NBP/2024
2024-02-19,0.386,0.03,035/A/NBP/2024
2024-02-16,0.3859,0.08,034/A/NBP/2024
2024-02-15,0.3856,0.44,033/A/NBP/2024
2024-02-14,0.3839,-0.16,032/A/NBP/2024
2024-02-13,0.3845,-0.05,031/A/NBP/2024
2024-02-12,0.3847,0.5,030/A/NBP/2024
2024-02-09,0.3828,-0.65,029/A/NBP/2024
2024-02-08,0.3853,0.08,028/A/NBP/2024
2024-02-07,0.385,0.89,027/A/NBP/2024
2024-02-06,0.3816,0.1,026/A/NBP/2024
2024-02-05,0.3812,-0.39,025/A/NBP/2024
2024-02-02,0.3827,-0.23,024/A/NBP/2024
2024-02-01,0.3836,-0.47,023/A/NBP/2024
2024-01-31,0.3854,-0.41,022/A/NBP/2024
2024-01-30,0.387,0.57,021/A/NBP/2024
2024-01-29,0.3848,-0.54,020/A/NBP/2024
2024-01-26,0.3869,0.18,019/A/NBP/2024
2024-01-25,0.3862,0.26,018/A/NBP/2024
2024-01-24,0.3852,0.21,017/A/NBP/2024
2024-01-23,0.3844,0.37,016/A/NBP/2024
2024-01-22,0.383,-0.55,015/A/NBP/2024
2024-01-19,0.3851,-0.52,014/A/NBP/2024
2024-01-18,0.3871,0.05,013/A/NBP/2024
2024-01-17,0.3869,-0.18,012/A/NBP/2024
2024-01-16,0.3876,-0.28,011/A/NBP/2024
2024-01-15,0.3887,0.34,010/A/NBP/2024
2024-01-12,0.3874,-0.26,009/A/NBP/2024
2024-01-11,0.3884,0.26,008/A/NBP/2024
2024-01-10,0.3874,0.13,007/A/NBP/2024
2024-01-09,0.3869,-0.1,006/A/NBP/2024
2024-01-08,0.3873,-0.18,005/A/NBP/2024
2024-01-05,0.388,-0.13,004/A/NBP/2024
2024-01-04,0.3885,-0.36,003/A/NBP/2024
2024-01-03,0.3899,-0.31,002/A/NBP/2024
2024-01-02,0.3911,-0.2,001/A/NBP/2024
2023-12-29,0.3919,-0.15,251/A/NBP/2023
2023-12-28,0.3925,-0.13,250/A/NBP/2023
2023-12-27,0.393,0.61,249/A/NBP/2023
2023-12-22,0.3906,0.26,248/A/NBP/2023
2023-12-21,0.3896,0.08,247/A/NBP/2023
2023-12-20,0.3893,0.31,246/A/NBP/2023
2023-12-19,0.3881,0.21,245/A/NBP/2023
2023-12-18,0.3873,0.86,244/A/NBP/2023
2023-12-15,0.384,-0.05,243/A/NBP/2023
2023-12-14,0.3842,0.05,242/A/NBP/2023
2023-12-13,0.384,-0.08,241/A/NBP/2023
2023-12-12,0.3843,-0.16,240/A/NBP/2023
2023-12-11,0.3849,-0.18,239/A/NBP/2023
2023-12-08,0.3856,0.29,238/A/NBP/2023
2023-12-07,0.3845,0.37,237/A/NBP/2023
2023-12-06,0.3831,0.21,236/A/NBP/2023
2023-12-05,0.3823,-0.21,235/A/NBP/2023
2023-12-04,0.3831,0.16,234/A/NBP/2023
2023-12-01,0.3825,0.37,233/A/NBP/2023
2023-11-30,0.3811,-0.05,232/A/NBP/2023
2023-11-29,0.3813,0,231/A/NBP/2023
2023-11-28,0.3813,-0.21,230/A/NBP/2023
2023-11-27,0.3821,0.03,229/A/NBP/2023
2023-11-24,0.382,0.16,228/A/NBP/2023
2023-11-23,0.3814,-0.63,227/A/NBP/2023
2023-11-22,0.3838,0.26,226/A/NBP/2023
2023-11-21,0.3828,0.34,225/A/NBP/2023
2023-11-20,0.3815,-0.03,224/A/NBP/2023
2023-11-17,0.3816,-0.31,223/A/NBP/2023
2023-11-16,0.3828,0.03,222/A/NBP/2023
2023-11-15,0.3827,0.74,221/A/NBP/2023
2023-11-14,0.3799,-0.26,220/A/NBP/2023
2023-11-13,0.3809,0.34,219/A/NBP/2023
2023-11-10,0.3796,-0.55,218/A/NBP/2023
2023-11-09,0.3817,0.1,217/A/NBP/2023
2023-11-08,0.3813,0.29,216/A/NBP/2023
2023-11-07,0.3802,-0.39,215/A/NBP/2023
2023-11-06,0.3817,0.82,214/A/NBP/2023
2023-11-03,0.3786,0.29,213/A/NBP/2023
2023-11-02,0.3775,0.4,212/A/NBP/2023
2023-10-31,0.376,-0.24,211/A/NBP/2023
2023-10-30,0.3769,-0.48,210/A/NBP/2023
2023-10-27,0.3787,-0.11,209/A/NBP/2023
2023-10-26,0.3791,0,208/A/NBP/2023
2023-10-25,0.3791,-0.52,207/A/NBP/2023
2023-10-24,0.3811,-0.13,206/A/NBP/2023
2023-10-23,0.3816,-0.7,205/A/NBP/2023
2023-10-20,0.3843,0.52,204/A/NBP/2023
2023-10-19,0.3823,-0.73,203/A/NBP/2023
2023-10-18,0.3851,0.21,202/A/NBP/2023
2023-10-17,0.3843,-0.95,201/A/NBP/2023
2023-10-16,0.388,-1.37,200/A/NBP/2023
2023-10-13,0.3934,0.33,199/A/NBP/2023
2023-10-12,0.3921,0.26,198/A/NBP/2023
2023-10-11,0.3911,-0.66,197/A/NBP/2023
2023-10-10,0.3937,-0.1,196/A/NBP/2023
2023-10-09,0.3941,-0.4,195/A/NBP/2023
2023-10-06,0.3957,0.03,194/A/NBP/2023
2023-10-05,0.3956,-0.75,193/A/NBP/2023
2023-10-04,0.3986,-0.05,192/A/NBP/2023
2023-10-03,0.3988,0.18,191/A/NBP/2023
2023-10-02,0.3981,-1.29,190/A/NBP/2023
2023-09-29,0.4033,1.05,189/A/NBP/2023
2023-09-28,0.3991,0.43,188/A/NBP/2023
2023-09-27,0.3974,1.17,187/A/NBP/2023
2023-09-26,0.3928,0.98,186/A/NBP/2023
2023-09-25,0.389,0.49,185/A/NBP/2023
2023-09-22,0.3871,-0.13,184/A/NBP/2023
2023-09-21,0.3876,-0.95,183/A/NBP/2023
2023-09-20,0.3913,0.08,182/A/NBP/2023
2023-09-19,0.391,0.77,181/A/NBP/2023
2023-09-18,0.388,-0.1,180/A/NBP/2023
2023-09-15,0.3884,0.23,179/A/NBP/2023
2023-09-14,0.3875,-0.39,178/A/NBP/2023
2023-09-13,0.389,-1.24,177/A/NBP/2023
2023-09-12,0.3939,1.18,176/A/NBP/2023
2023-09-11,0.3893,0.78,175/A/NBP/2023
2023-09-08,0.3863,0.1,174/A/NBP/2023
2023-09-07,0.3859,2.31,173/A/NBP/2023
2023-09-06,0.3772,0.43,172/A/NBP/2023
2023-09-05,0.3756,0.05,171/A/NBP/2023
2023-09-04,0.3754,-0.27,170/A/NBP/2023
2023-09-01,0.3764,0.05,169/A/NBP/2023
2023-08-31,0.3762,-0.37,168/A/NBP/2023
2023-08-30,0.3776,0.4,167/A/NBP/2023
2023-08-29,0.3761,0.37,166/A/NBP/2023
2023-08-28,0.3747,-0.4,165/A/NBP/2023
2023-08-25,0.3762,-0.03,164/A/NBP/2023
2023-08-24,0.3763,-0.32,163/A/NBP/2023
2023-08-23,0.3775,0.53,162/A/NBP/2023
2023-08-22,0.3755,0.08,161/A/NBP/2023
2023-08-21,0.3752,-0.32,160/A/NBP/2023
2023-08-18,0.3764,0.08,159/A/NBP/2023
2023-08-17,0.3761,-0.21,158/A/NBP/2023
2023-08-16,0.3769,0.78,157/A/NBP/2023
2023-08-14,0.374,-1.16,156/A/NBP/2023
2023-08-11,0.3784,-0.58,155/A/NBP/2023
2023-08-10,0.3806,-0.1,154/A/NBP/2023
2023-08-09,0.381,0.29,153/A/NBP/2023
2023-08-08,0.3799,0.11,152/A/NBP/2023
2023-08-07,0.3795,0,151/A/NBP/2023
2023-08-04,0.3795,-0.08,150/A/NBP/2023
2023-08-03,0.3798,-0.29,149/A/NBP/2023
2023-08-02,0.3809,0.21,148/A/NBP/2023
2023-08-01,0.3801,-0.13,147/A/NBP/2023
2023-07-31,0.3806,-0.44,146/A/NBP/2023
2023-07-28,0.3823,-0.7,145/A/NBP/2023
2023-07-27,0.385,0.03,144/A/NBP/2023
2023-07-26,0.3849,-0.28,143/A/NBP/2023
2023-07-25,0.386,0.03,142/A/NBP/2023
2023-07-24,0.3859,0.34,141/A/NBP/2023
2023-07-21,0.3846,-0.77,140/A/NBP/2023
2023-07-20,0.3876,0.34,139/A/NBP/2023
2023-07-19,0.3863,0.03,138/A/NBP/2023
2023-07-18,0.3862,-0.49,137/A/NBP/2023
2023-07-17,0.3881,0.21,136/A/NBP/2023
2023-07-14,0.3873,0.91,135/A/NBP/2023
2023-07-13,0.3838,1.4,134/A/NBP/2023
2023-07-12,0.3785,0.48,133/A/NBP/2023
2023-07-11,0.3767,0.27,132/A/NBP/2023
2023-07-10,0.3757,-0.24,131/A/NBP/2023
2023-07-07,0.3766,0.19,130/A/NBP/2023
2023-07-06,0.3759,-0.19,129/A/NBP/2023
2023-07-05,0.3766,0.45,128/A/NBP/2023
2023-07-04,0.3749,-0.13,127/A/NBP/2023
2023-07-03,0.3754,-0.37,126/A/NBP/2023
2023-06-30,0.3768,-0.69,125/A/NBP/2023
2023-06-29,0.3794,0.05,124/A/NBP/2023
2023-06-28,0.3792,0.24,123/A/NBP/2023
2023-06-27,0.3783,-0.24,122/A/NBP/2023
2023-06-26,0.3792,-0.03,121/A/NBP/2023
2023-06-23,0.3793,0.58,120/A/NBP/2023
2023-06-22,0.3771,0.05,119/A/NBP/2023
2023-06-21,0.3769,-0.42,118/A/NBP/2023
2023-06-20,0.3785,-0.55,117/A/NBP/2023
2023-06-19,0.3806,-0.78,116/A/NBP/2023
2023-06-16,0.3836,-0.23,115/A/NBP/2023
2023-06-15,0.3845,-0.52,114/A/NBP/2023
2023-06-14,0.3865,0.26,113/A/NBP/2023
2023-06-13,0.3855,0.84,112/A/NBP/2023
2023-06-12,0.3823,-0.13,111/A/NBP/2023
2023-06-09,0.3828,-0.44,110/A/NBP/2023
2023-06-07,0.3845,-0.72,109/A/NBP/2023
2023-06-06,0.3873,0.36,108/A/NBP/2023
2023-06-05,0.3859,-1.2,107/A/NBP/2023
2023-06-02,0.3906,0.15,106/A/NBP/2023
2023-06-01,0.39,0.33,105/A/NBP/2023
2023-05-31,0.3887,-0.15,104/A/NBP/2023
2023-05-30,0.3893,-0.18,103/A/NBP/2023
2023-05-29,0.39,-0.38,102/A/NBP/2023
2023-05-26,0.3915,0.33,101/A/NBP/2023
2023-05-25,0.3902,0.18,100/A/NBP/2023
2023-05-24,0.3895,-1.02,099/A/NBP/2023
2023-05-23,0.3935,-1.21,098/A/NBP/2023
2023-05-22,0.3983,-0.23,097/A/NBP/2023
2023-05-19,0.3992,-0.1,096/A/NBP/2023
2023-05-18,0.3996,0.58,095/A/NBP/2023
2023-05-17,0.3973,-0.3,094/A/NBP/2023
2023-05-16,0.3985,-0.08,093/A/NBP/2023
2023-05-15,0.3988,-1.34,092/A/NBP/2023
2023-05-12,0.4042,0.42,091/A/NBP/2023
2023-05-11,0.4025,-0.96,090/A/NBP/2023
2023-05-10,0.4064,-0.64,089/A/NBP/2023
2023-05-09,0.409,0.47,088/A/NBP/2023
2023-05-08,0.4071,-0.17,087/A/NBP/2023
2023-05-05,0.4078,0.74,086/A/NBP/2023
2023-05-04,0.4048,-0.22,085/A/NBP/2023
2023-05-02,0.4057,0.4,084/A/NBP/2023
2023-04-28,0.4041,0.4,083/A/NBP/2023
2023-04-27,0.4025,0,082/A/NBP/2023
2023-04-26,0.4025,-0.84,081/A/NBP/2023
2023-04-25,0.4059,-0.34,080/A/NBP/2023
2023-04-24,0.4073,0.07,079/A/NBP/2023
2023-04-21,0.407,0.1,078/A/NBP/2023
2023-04-20,0.4066,-0.51,077/A/NBP/2023
2023-04-19,0.4087,-0.24,076/A/NBP/2023
2023-04-18,0.4097,0.29,075/A/NBP/2023
2023-04-17,0.4085,-0.34,074/A/NBP/2023
2023-04-14,0.4099,0.42,073/A/NBP/2023
2023-04-13,0.4082,-0.66,072/A/NBP/2023
2023-04-12,0.4109,0.05,071/A/NBP/2023
2023-04-11,0.4107,-0.19,070/A/NBP/2023
2023-04-07,0.4115,-0.31,069/A/NBP/2023
2023-04-06,0.4128,-0.29,068/A/NBP/2023
2023-04-05,0.414,0.05,067/A/NBP/2023
2023-04-04,0.4138,-0.43,066/A/NBP/2023
2023-04-03,0.4156,0.1,065/A/NBP/2023
2023-03-31,0.4152,0.31,064/A/NBP/2023
2023-03-30,0.4139,-0.34,063/A/NBP/2023
2023-03-29,0.4153,-0.57,062/A/NBP/2023
2023-03-28,0.4177,-0.19,061/A/NBP/2023
2023-03-27,0.4185,-0.17,060/A/NBP/2023
2023-03-24,0.4192,0.1,059/A/NBP/2023
2023-03-23,0.4188,-0.62,058/A/NBP/2023
2023-03-22,0.4214,-0.4,057/A/NBP/2023
2023-03-21,0.4231,0.62,056/A/NBP/2023
2023-03-20,0.4205,-0.33,055/A/NBP/2023
2023-03-17,0.4219,0.67,054/A/NBP/2023
2023-03-16,0.4191,0.07,053/A/NBP/2023
2023-03-15,0.4188,1.33,052/A/NBP/2023
2023-03-14,0.4133,1.1,051/A/NBP/2023
2023-03-13,0.4088,-0.66,050/A/NBP/2023
2023-03-10,0.4115,-0.72,049/A/NBP/2023
2023-03-09,0.4145,-0.26,048/A/NBP/2023
2023-03-08,0.4156,-0.79,047/A/NBP/2023
2023-03-07,0.4189,-0.71,046/A/NBP/2023
2023-03-06,0.4219,-0.07,045/A/NBP/2023
2023-03-03,0.4222,0.6,044/A/NBP/2023
2023-03-02,0.4197,-0.87,043/A/NBP/2023
2023-03-01,0.4234,-0.75,042/A/NBP/2023
2023-02-28,0.4266,0.05,041/A/NBP/2023
2023-02-27,0.4264,-0.56,040/A/NBP/2023
2023-02-24,0.4288,-0.35,039/A/NBP/2023
2023-02-23,0.4303,-0.12,038/A/NBP/2023
2023-02-22,0.4308,-0.16,037/A/NBP/2023
2023-02-21,0.4315,0.89,036/A/NBP/2023
2023-02-20,0.4277,0.35,035/A/NBP/2023
2023-02-17,0.4262,-0.42,034/A/NBP/2023
2023-02-16,0.428,0.09,033/A/NBP/2023
2023-02-15,0.4276,-0.86,032/A/NBP/2023
2023-02-14,0.4313,0.49,031/A/NBP/2023
2023-02-13,0.4292,0.16,030/A/NBP/2023
2023-02-10,0.4285,1.25,029/A/NBP/2023
2023-02-09,0.4232,1.15,028/A/NBP/2023
2023-02-08,0.4184,0.34,027/A/NBP/2023
2023-02-07,0.417,0.8,026/A/NBP/2023
2023-02-06,0.4137,-0.1,025/A/NBP/2023
2023-02-03,0.4141,-0.19,024/A/NBP/2023
2023-02-02,0.4149,-0.02,023/A/NBP/2023
2023-02-01,0.415,-0.1,022/A/NBP/2023
2023-01-31,0.4154,-1,021/A/NBP/2023
2023-01-30,0.4196,-0.17,020/A/NBP/2023
2023-01-27,0.4203,-0.71,019/A/NBP/2023
2023-01-26,0.4233,0.12,018/A/NBP/2023
2023-01-25,0.4228,-0.38,017/A/NBP/2023
2023-01-24,0.4244,0.21,016/A/NBP/2023
2023-01-23,0.4235,0.33,015/A/NBP/2023
2023-01-20,0.4221,-0.4,014/A/NBP/2023
2023-01-19,0.4238,0.67,013/A/NBP/2023
2023-01-18,0.421,1.18,012/A/NBP/2023
2023-01-17,0.4161,-0.24,011/A/NBP/2023
2023-01-16,0.4171,0.24,010/A/NBP/2023
2023-01-13,0.4161,0.24,009/A/NBP/2023
2023-01-12,0.4151,-0.55,008/A/NBP/2023
2023-01-11,0.4174,-0.69,007/A/NBP/2023
2023-01-10,0.4203,0.07,006/A/NBP/2023
2023-01-09,0.42,0.43,005/A/NBP/2023
2023-01-05,0.4182,0.17,004/A/NBP/2023
2023-01-04,0.4175,-0.78,003/A/NBP/2023
2023-01-03,0.4208,0.5,002/A/NBP/2023
2023-01-02,0.4187,-0.62,001/A/NBP/2023
2022-12-30,0.4213,-0.07,252/A/NBP/2022
2022-12-29,0.4216,-0.05,251/A/NBP/2022
2022-12-28,0.4218,0.81,250/A/NBP/2022
2022-12-27,0.4184,0.17,249/A/NBP/2022
2022-12-23,0.4177,-1.14,248/A/NBP/2022
2022-12-22,0.4225,0.26,247/A/NBP/2022
2022-12-21,0.4214,-0.59,246/A/NBP/2022
2022-12-20,0.4239,-0.63,245/A/NBP/2022
2022-12-19,0.4266,0.19,244/A/NBP/2022
2022-12-16,0.4258,-0.84,243/A/NBP/2022
2022-12-15,0.4294,-0.49,242/A/NBP/2022
2022-12-14,0.4315,0.07,241/A/NBP/2022
2022-12-13,0.4312,0.16,240/A/NBP/2022
2022-12-12,0.4305,0.3,239/A/NBP/2022
2022-12-09,0.4292,-0.21,238/A/NBP/2022
2022-12-08,0.4301,-0.07,237/A/NBP/2022
2022-12-07,0.4304,-0.32,236/A/NBP/2022
2022-12-06,0.4318,0.14,235/A/NBP/2022
2022-12-05,0.4312,-0.07,234/A/NBP/2022
2022-12-02,0.4315,0.56,233/A/NBP/2022
2022-12-01,0.4291,0.44,232/A/NBP/2022
2022-11-30,0.4272,-0.51,231/A/NBP/2022
2022-11-29,0.4294,-0.44,230/A/NBP/2022
2022-11-28,0.4313,-0.28,229/A/NBP/2022
2022-11-25,0.4325,0.28,228/A/NBP/2022
2022-11-24,0.4313,0.42,227/A/NBP/2022
2022-11-23,0.4295,-0.12,226/A/NBP/2022
2022-11-22,0.43,0.47,225/A/NBP/2022
2022-11-21,0.428,0.02,224/A/NBP/2022
2022-11-18,0.4279,-0.6,223/A/NBP/2022
2022-11-17,0.4305,-0.37,222/A/NBP/2022
2022-11-16,0.4321,-0.58,221/A/NBP/2022
2022-11-15,0.4346,-0.18,220/A/NBP/2022
2022-11-14,0.4354,0.48,219/A/NBP/2022
2022-11-10,0.4333,-0.16,218/A/NBP/2022
2022-11-09,0.434,0.28,217/A/NBP/2022
2022-11-08,0.4328,-0.09,216/A/NBP/2022
2022-11-07,0.4332,0.46,215/A/NBP/2022
2022-11-04,0.4312,0.12,214/A/NBP/2022
2022-11-03,0.4307,-0.16,213/A/NBP/2022
2022-11-02,0.4314,0.02,212/A/NBP/2022
2022-10-31,0.4313,0.09,211/A/NBP/2022
2022-10-28,0.4309,-0.85,210/A/NBP/2022
2022-10-27,0.4346,-0.48,209/A/NBP/2022
2022-10-26,0.4367,0.32,208/A/NBP/2022
2022-10-25,0.4353,0.62,207/A/NBP/2022
2022-10-24,0.4326,-0.02,206/A/NBP/2022
2022-10-21,0.4327,-0.98,205/A/NBP/2022
2022-10-20,0.437,-0.36,204/A/NBP/2022
2022-10-19,0.4386,-0.45,203/A/NBP/2022
2022-10-18,0.4406,0.46,202/A/NBP/2022
2022-10-17,0.4386,-0.09,201/A/NBP/2022
2022-10-14,0.439,-0.2,200/A/NBP/2022
2022-10-13,0.4399,-0.16,199/A/NBP/2022
2022-10-12,0.4406,-0.65,198/A/NBP/2022
2022-10-11,0.4435,-0.05,197/A/NBP/2022
2022-10-10,0.4437,-0.49,196/A/NBP/2022
2022-10-07,0.4459,0,195/A/NBP/2022
2022-10-06,0.4459,0.45,194/A/NBP/2022
2022-10-05,0.4439,-0.31,193/A/NBP/2022
2022-10-04,0.4453,0.47,192/A/NBP/2022
2022-10-03,0.4432,-0.74,191/A/NBP/2022
2022-09-30,0.4465,0.59,190/A/NBP/2022
2022-09-29,0.4439,0.89,189/A/NBP/2022
2022-09-28,0.44,0.34,188/A/NBP/2022
2022-09-27,0.4385,0.6,187/A/NBP/2022
2022-09-26,0.4359,-0.18,186/A/NBP/2022
2022-09-23,0.4367,-0.59,185/A/NBP/2022
2022-09-22,0.4393,0.97,184/A/NBP/2022
2022-09-21,0.4351,-0.21,183/A/NBP/2022
2022-09-20,0.436,-0.14,182/A/NBP/2022
2022-09-19,0.4366,-0.48,181/A/NBP/2022
2022-09-16,0.4387,-0.57,180/A/NBP/2022
2022-09-15,0.4412,-0.5,179/A/NBP/2022
2022-09-14,0.4434,-0.07,178/A/NBP/2022
2022-09-13,0.4437,0.27,177/A/NBP/2022
2022-09-12,0.4425,-0.05,176/A/NBP/2022
2022-09-09,0.4427,0.34,175/A/NBP/2022
2022-09-08,0.4412,0.14,174/A/NBP/2022
2022-09-07,0.4406,-0.11,173/A/NBP/2022
2022-09-06,0.4411,0.32,172/A/NBP/2022
2022-09-05,0.4397,0.25,171/A/NBP/2022
2022-09-02,0.4386,-0.07,170/A/NBP/2022
2022-09-01,0.4389,-0.81,169/A/NBP/2022
2022-08-31,0.4425,-0.41,168/A/NBP/2022
2022-08-30,0.4443,-0.54,167/A/NBP/2022
2022-08-29,0.4467,-0.29,166/A/NBP/2022
2022-08-26,0.448,-0.6,165/A/NBP/2022
2022-08-25,0.4507,-0.02,164/A/NBP/2022
2022-08-24,0.4508,0.27,163/A/NBP/2022
2022-08-23,0.4496,0.83,162/A/NBP/2022
2022-08-22,0.4459,-0.13,161/A/NBP/2022
2022-08-19,0.4465,0.13,160/A/NBP/2022
2022-08-18,0.4459,0.2,159/A/NBP/2022
2022-08-17,0.445,-0.25,158/A/NBP/2022
2022-08-16,0.4461,-0.73,157/A/NBP/2022
2022-08-12,0.4494,-0.38,156/A/NBP/2022
2022-08-11,0.4511,-0.64,155/A/NBP/2022
2022-08-10,0.454,0.22,154/A/NBP/2022
2022-08-09,0.453,0.04,153/A/NBP/2022
2022-08-08,0.4528,-0.15,152/A/NBP/2022
2022-08-05,0.4535,-0.31,151/A/NBP/2022
2022-08-04,0.4549,0.75,150/A/NBP/2022
2022-08-03,0.4515,-0.24,149/A/NBP/2022
2022-08-02,0.4526,-0.85,148/A/NBP/2022
2022-08-01,0.4565,0.15,147/A/NBP/2022
2022-07-29,0.4558,-0.81,146/A/NBP/2022
2022-07-28,0.4595,0.39,145/A/NBP/2022
2022-07-27,0.4577,1.24,144/A/NBP/2022
2022-07-26,0.4521,-0.37,143/A/NBP/2022
2022-07-25,0.4538,-0.74,142/A/NBP/2022
2022-07-22,0.4572,0.24,141/A/NBP/2022
2022-07-21,0.4561,0.31,140/A/NBP/2022
2022-07-20,0.4547,0.15,139/A/NBP/2022
2022-07-19,0.454,0.31,138/A/NBP/2022
2022-07-18,0.4526,-0.26,137/A/NBP/2022
2022-07-15,0.4538,-0.33,136/A/NBP/2022
2022-07-14,0.4553,-0.09,135/A/NBP/2022
2022-07-13,0.4557,0.4,134/A/NBP/2022
2022-07-12,0.4539,1.25,133/A/NBP/2022
2022-07-11,0.4483,0.09,132/A/NBP/2022
2022-07-08,0.4479,0.25,131/A/NBP/2022
2022-07-07,0.4468,0.25,130/A/NBP/2022
2022-07-06,0.4457,1.62,129/A/NBP/2022
2022-07-05,0.4386,0.5,128/A/NBP/2022
2022-07-04,0.4364,-0.41,127/A/NBP/2022
2022-07-01,0.4382,0.21,126/A/NBP/2022
2022-06-30,0.4373,-0.16,125/A/NBP/2022
2022-06-29,0.438,-0.88,124/A/NBP/2022
2022-06-28,0.4419,0.36,123/A/NBP/2022
2022-06-27,0.4403,-0.02,122/A/NBP/2022
2022-06-24,0.4404,0.14,121/A/NBP/2022
2022-06-23,0.4398,0.71,120/A/NBP/2022
2022-06-22,0.4367,-0.05,119/A/NBP/2022
2022-06-21,0.4369,-0.11,118/A/NBP/2022
2022-06-20,0.4374,-0.41,117/A/NBP/2022
2022-06-17,0.4392,-0.09,116/A/NBP/2022
2022-06-15,0.4396,0.25,115/A/NBP/2022
2022-06-14,0.4385,0.25,114/A/NBP/2022
2022-06-13,0.4374,-0.02,113/A/NBP/2022
2022-06-10,0.4375,0.23,112/A/NBP/2022
2022-06-09,0.4365,-0.14,111/A/NBP/2022
2022-06-08,0.4371,0.14,110/A/NBP/2022
2022-06-07,0.4365,-5.15,109/A/NBP/2022
2022-06-06,0.4387,-0.25,108/A/NBP/2022
2022-06-03,0.4398,0.43,107/A/NBP/2022
2022-06-02,0.4379,0.14,106/A/NBP/2022
2022-06-01,0.4373,0.48,105/A/NBP/2022
2022-05-31,0.4352,-0.16,104/A/NBP/2022
2022-05-30,0.4359,-0.21,103/A/NBP/2022
2022-05-27,0.4368,0.21,102/A/NBP/2022
2022-05-26,0.4359,-0.32,101/A/NBP/2022
2022-05-25,0.4373,-0.43,100/A/NBP/2022
2022-05-24,0.4392,-0.68,099/A/NBP/2022
2022-05-23,0.4396,0.71,098/A/NBP/2022
2022-05-20,0.4422,0.02,097/A/NBP/2022
2022-05-19,0.4421,-0.54,096/A/NBP/2022
2022-05-18,0.4445,-0.47,095/A/NBP/2022
2022-05-17,0.4466,0.34,094/A/NBP/2022
2022-05-16,0.4451,0.16,093/A/NBP/2022
2022-05-13,0.4444,0.45,092/A/NBP/2022
2022-05-12,0.4424,-0.16,091/A/NBP/2022
2022-05-11,0.4431,0.29,090/A/NBP/2022
2022-05-10,0.4418,-1.07,089/A/NBP/2022
2022-05-09,0.4466,-0.16,088/A/NBP/2022
2022-05-06,0.4473,-0.78,087/A/NBP/2022
2022-05-05,0.4508,0.18,086/A/NBP/2022
2022-05-04,0.45,0.22,085/A/NBP/2022
2022-05-02,0.449,-0.38,084/A/NBP/2022
2022-04-29,0.4507,-1.16,083/A/NBP/2022
2022-04-28,0.456,1.15,082/A/NBP/2022
2022-04-27,0.4508,0.85,081/A/NBP/2022
2022-04-26,0.447,-0.36,080/A/NBP/2022
2022-04-25,0.4486,-0.38,079/A/NBP/2022
2022-04-22,0.4503,-0.75,078/A/NBP/2022
2022-04-21,0.4537,0.49,077/A/NBP/2022
2022-04-20,0.4515,0.62,076/A/NBP/2022
2022-04-19,0.4487,-0.18,075/A/NBP/2022
2022-04-15,0.4495,-0.35,074/A/NBP/2022
2022-04-14,0.4511,0.29,073/A/NBP/2022
2022-04-13,0.4498,-0.29,072/A/NBP/2022
2022-04-12,0.4511,0.11,071/A/NBP/2022
2022-04-11,0.4506,-0.2,070/A/NBP/2022
2022-04-08,0.4515,0.16,069/A/NBP/2022
2022-04-07,0.4508,-0.6,068/A/NBP/2022
2022-04-06,0.4535,0.91,067/A/NBP/2022
2022-04-05,0.4494,0.42,066/A/NBP/2022
2022-04-04,0.4475,-0.27,065/A/NBP/2022
2022-04-01,0.4487,-0.38,064/A/NBP/2022
2022-03-31,0.4504,0.02,063/A/NBP/2022
2022-03-30,0.4503,-0.97,062/A/NBP/2022
2022-03-29,0.4547,0.58,061/A/NBP/2022
2022-03-28,0.4521,-1.5,060/A/NBP/2022
2022-03-25,0.459,1.26,059/A/NBP/2022
2022-03-24,0.4602,4.69,058/A/NBP/2022
2022-03-23,0.4533,0.51,057/A/NBP/2022
2022-03-22,0.451,0.22,056/A/NBP/2022
2022-03-21,0.45,-0.57,055/A/NBP/2022
2022-03-18,0.4526,0.67,054/A/NBP/2022
2022-03-17,0.4496,0.07,053/A/NBP/2022
2022-03-16,0.4493,0,052/A/NBP/2022
2022-03-15,0.4493,-0.27,051/A/NBP/2022
2022-03-14,0.4505,0.22,050/A/NBP/2022
2022-03-11,0.4495,0.63,049/A/NBP/2022
2022-03-10,0.4467,-0.64,048/A/NBP/2022
2022-03-09,0.4496,-0.88,047/A/NBP/2022
2022-03-08,0.4536,-0.7,046/A/NBP/2022
2022-03-07,0.4568,1.99,045/A/NBP/2022
2022-03-04,0.4479,0.49,044/A/NBP/2022
2022-03-03,0.4457,0.27,043/A/NBP/2022
2022-03-02,0.4445,0.59,042/A/NBP/2022
2022-03-01,0.4419,0.18,041/A/NBP/2022
2022-02-28,0.4411,0.71,040/A/NBP/2022
2022-02-25,0.438,1.39,039/A/NBP/2022
2022-02-24,0.432,0.84,038/A/NBP/2022
2022-02-23,0.4284,0.26,037/A/NBP/2022
2022-02-22,0.4273,0.52,036/A/NBP/2022
2022-02-21,0.4251,-0.61,035/A/NBP/2022
2022-02-18,0.4277,0.47,034/A/NBP/2022
2022-02-17,0.4257,-0.07,033/A/NBP/2022
2022-02-16,0.426,-0.16,032/A/NBP/2022
2022-02-15,0.4267,-0.58,031/A/NBP/2022
2022-02-14,0.4292,0.75,030/A/NBP/2022
2022-02-11,0.426,-0.56,029/A/NBP/2022
2022-02-10,0.4284,-1.18,028/A/NBP/2022
2022-02-09,0.4335,-0.28,027/A/NBP/2022
2022-02-08,0.4347,-0.18,026/A/NBP/2022
2022-02-07,0.4355,0.11,025/A/NBP/2022
2022-02-04,0.435,-0.39,024/A/NBP/2022
2022-02-03,0.4367,-0.02,023/A/NBP/2022
2022-02-02,0.4368,-0.32,022/A/NBP/2022
2022-02-01,0.4382,-0.16,021/A/NBP/2022
2022-01-31,0.4389,0.92,020/A/NBP/2022
2022-01-28,0.4349,-0.53,019/A/NBP/2022
2022-01-27,0.4372,-0.59,018/A/NBP/2022
2022-01-26,0.4398,0.55,017/A/NBP/2022
2022-01-25,0.4374,0.55,016/A/NBP/2022
2022-01-24,0.435,-0.21,015/A/NBP/2022
2022-01-21,0.4359,-0.3,014/A/NBP/2022
2022-01-20,0.4372,-0.02,013/A/NBP/2022
2022-01-19,0.4373,-0.25,012/A/NBP/2022
2022-01-18,0.4384,0.05,011/A/NBP/2022
2022-01-17,0.4382,-0.9,010/A/NBP/2022
2022-01-14,0.4422,0,009/A/NBP/2022
2022-01-13,0.4422,0.23,008/A/NBP/2022
2022-01-12,0.4412,0.02,007/A/NBP/2022
2022-01-11,0.4411,0.09,006/A/NBP/2022
2022-01-10,0.4407,-0.23,005/A/NBP/2022
2022-01-07,0.4417,-0.79,004/A/NBP/2022
2022-01-05,0.4452,0.02,003/A/NBP/2022
2022-01-04,0.4451,-0.25,002/A/NBP/2022
2022-01-03,0.4462,-0.54,001/A/NBP/2022
2021-12-31,0.4486,0.04,254/A/NBP/2021
2021-12-30,0.4484,-0.07,253/A/NBP/2021
2021-12-29,0.4487,0.16,252/A/NBP/2021
2021-12-28,0.448,-0.07,251/A/NBP/2021
2021-12-27,0.4483,-0.33,250/A/NBP/2021
2021-12-24,0.4498,0.02,249/A/NBP/2021
2021-12-23,0.4497,0.2,248/A/NBP/2021
2021-12-22,0.4488,0.07,247/A/NBP/2021
2021-12-21,0.4485,-0.51,246/A/NBP/2021
2021-12-20,0.4508,-0.33,245/A/NBP/2021
2021-12-17,0.4523,0.04,244/A/NBP/2021
2021-12-16,0.4521,0.6,243/A/NBP/2021
2021-12-15,0.4494,-0.38,242/A/NBP/2021
2021-12-14,0.4511,0.04,241/A/NBP/2021
2021-12-13,0.4509,0.04,240/A/NBP/2021
2021-12-10,0.4507,-0.07,239/A/NBP/2021
2021-12-09,0.451,0.67,238/A/NBP/2021
2021-12-08,0.448,-0.29,237/A/NBP/2021
2021-12-07,0.4493,0.72,236/A/NBP/2021
2021-12-06,0.4461,-0.04,235/A/NBP/2021
2021-12-03,0.4463,-0.29,234/A/NBP/2021
2021-12-02,0.4476,-1.63,233/A/NBP/2021
2021-12-01,0.455,-0.2,232/A/NBP/2021
2021-11-30,0.4559,0.09,231/A/NBP/2021
2021-11-29,0.4555,-0.28,230/A/NBP/2021
2021-11-26,0.4568,-0.33,229/A/NBP/2021
2021-11-25,0.4583,-0.43,228/A/NBP/2021
2021-11-24,0.4603,-1.31,227/A/NBP/2021
2021-11-23,0.4664,0.02,226/A/NBP/2021
2021-11-22,0.4663,0.47,225/A/NBP/2021
2021-11-19,0.4641,0.06,224/A/NBP/2021
2021-11-18,0.4638,-0.19,223/A/NBP/2021
2021-11-17,0.4647,-0.21,222/A/NBP/2021
2021-11-16,0.4657,0.67,221/A/NBP/2021
2021-11-15,0.4626,-0.22,220/A/NBP/2021
2021-11-12,0.4636,0.35,219/A/NBP/2021
2021-11-10,0.462,-0.37,218/A/NBP/2021
2021-11-09,0.4637,0.32,217/A/NBP/2021
2021-11-08,0.4622,-0.58,216/A/NBP/2021
2021-11-05,0.4649,0.06,215/A/NBP/2021
2021-11-04,0.4646,0.15,214/A/NBP/2021
2021-11-03,0.4639,-0.69,213/A/NBP/2021
2021-11-02,0.4671,0.56,212/A/NBP/2021
2021-10-29,0.4645,-0.04,211/A/NBP/2021
2021-10-28,0.4647,0.61,210/A/NBP/2021
2021-10-27,0.4619,0.15,209/A/NBP/2021
2021-10-26,0.4612,0.22,208/A/NBP/2021
2021-10-25,0.4602,-0.32,207/A/NBP/2021
2021-10-22,0.4617,0.54,206/A/NBP/2021
2021-10-21,0.4592,0.42,205/A/NBP/2021
2021-10-20,0.4573,0.26,204/A/NBP/2021
2021-10-19,0.4561,0.02,203/A/NBP/2021
2021-10-18,0.456,-0.07,202/A/NBP/2021
2021-10-15,0.4563,-0.09,201/A/NBP/2021
2021-10-14,0.4567,0.95,200/A/NBP/2021
2021-10-13,0.4524,-0.2,199/A/NBP/2021
2021-10-12,0.4533,-0.5,198/A/NBP/2021
2021-10-11,0.4556,0.69,197/A/NBP/2021
2021-10-08,0.4525,1.07,196/A/NBP/2021
2021-10-07,0.4477,-1.39,195/A/NBP/2021
2021-10-06,0.454,-0.13,194/A/NBP/2021
2021-10-05,0.4546,0.87,193/A/NBP/2021
2021-10-04,0.4507,-0.29,192/A/NBP/2021
2021-10-01,0.452,-0.51,191/A/NBP/2021
2021-09-30,0.4543,0.13,190/A/NBP/2021
2021-09-29,0.4537,0.13,189/A/NBP/2021
2021-09-28,0.4531,0.33,188/A/NBP/2021
2021-09-27,0.4516,-0.73,187/A/NBP/2021
2021-09-24,0.4549,0.26,186/A/NBP/2021
2021-09-23,0.4537,-0.26,185/A/NBP/2021
2021-09-22,0.4549,0.15,184/A/NBP/2021
2021-09-21,0.4542,0.96,183/A/NBP/2021
2021-09-20,0.4499,-0.33,182/A/NBP/2021
2021-09-17,0.4514,0.2,181/A/NBP/2021
2021-09-16,0.4505,0.54,180/A/NBP/2021
2021-09-15,0.4481,-0.31,179/A/NBP/2021
2021-09-14,0.4495,0.92,178/A/NBP/2021
2021-09-13,0.4454,-0.22,177/A/NBP/2021
2021-09-10,0.4464,0.54,176/A/NBP/2021
2021-09-09,0.444,0.23,175/A/NBP/2021
2021-09-08,0.443,-0.49,174/A/NBP/2021
2021-09-07,0.4452,0.27,173/A/NBP/2021
2021-09-06,0.444,0.18,172/A/NBP/2021
2021-09-03,0.4432,0.23,171/A/NBP/2021
2021-09-02,0.4422,-0.23,170/A/NBP/2021
2021-09-01,0.4432,-0.69,169/A/NBP/2021
2021-08-31,0.4463,-0.34,168/A/NBP/2021
2021-08-30,0.4478,0.18,167/A/NBP/2021
2021-08-27,0.447,0.02,166/A/NBP/2021
2021-08-26,0.4469,-0.07,165/A/NBP/2021
2021-08-25,0.4472,-0.36,164/A/NBP/2021
2021-08-24,0.4488,0.43,163/A/NBP/2021
2021-08-23,0.4469,0.49,162/A/NBP/2021
2021-08-20,0.4447,-0.45,161/A/NBP/2021
2021-08-19,0.4467,0.45,160/A/NBP/2021
2021-08-18,0.4447,-0.8,159/A/NBP/2021
2021-08-17,0.4483,0.25,158/A/NBP/2021
2021-08-16,0.4472,-0.27,157/A/NBP/2021
2021-08-13,0.4484,-0.6,156/A/NBP/2021
2021-08-12,0.4511,0.51,155/A/NBP/2021
2021-08-11,0.4488,0.38,154/A/NBP/2021
2021-08-10,0.4471,-0.16,153/A/NBP/2021
2021-08-09,0.4478,0.25,152/A/NBP/2021
2021-08-06,0.4467,-0.07,151/A/NBP/2021
2021-08-05,0.447,0.25,150/A/NBP/2021
2021-08-04,0.4459,-0.22,149/A/NBP/2021
2021-08-03,0.4469,0.09,148/A/NBP/2021
2021-08-02,0.4465,-0.67,147/A/NBP/2021
2021-07-30,0.4495,-0.18,146/A/NBP/2021
2021-07-29,0.4503,-0.09,145/A/NBP/2021
2021-07-28,0.4507,-0.13,144/A/NBP/2021
2021-07-27,0.4513,0.71,143/A/NBP/2021
2021-07-26,0.4481,0.11,142/A/NBP/2021
2021-07-23,0.4476,0.09,141/A/NBP/2021
2021-07-22,0.4472,-0.42,140/A/NBP/2021
2021-07-21,0.4491,0.11,139/A/NBP/2021
2021-07-20,0.4486,0.38,138/A/NBP/2021
2021-07-19,0.4469,-0.27,137/A/NBP/2021
2021-07-16,0.4481,0.04,136/A/NBP/2021
2021-07-15,0.4479,-0.38,135/A/NBP/2021
2021-07-14,0.4496,0.22,134/A/NBP/2021
2021-07-13,0.4486,0.36,133/A/NBP/2021
2021-07-12,0.447,0.16,132/A/NBP/2021
2021-07-09,0.4463,0.09,131/A/NBP/2021
2021-07-08,0.4459,0.04,130/A/NBP/2021
2021-07-07,0.4457,0.25,129/A/NBP/2021
2021-07-06,0.4446,0.07,128/A/NBP/2021
2021-07-05,0.4443,-0.16,127/A/NBP/2021
2021-07-02,0.445,0.04,126/A/NBP/2021
2021-07-01,0.4448,-0.4,125/A/NBP/2021
2021-06-30,0.4466,0.52,124/A/NBP/2021
2021-06-29,0.4443,-0.43,123/A/NBP/2021
2021-06-28,0.4462,0.04,122/A/NBP/2021
2021-06-25,0.446,-0.49,121/A/NBP/2021
2021-06-24,0.4482,0.31,120/A/NBP/2021
2021-06-23,0.4468,0.13,119/A/NBP/2021
2021-06-22,0.4462,0.4,118/A/NBP/2021
2021-06-21,0.4444,-0.34,117/A/NBP/2021
2021-06-18,0.4459,0.2,116/A/NBP/2021
2021-06-17,0.445,-0.58,115/A/NBP/2021
2021-06-16,0.4476,-0.42,114/A/NBP/2021
2021-06-15,0.4495,0.67,113/A/NBP/2021
2021-06-14,0.4465,0.38,112/A/NBP/2021
2021-06-11,0.4448,0.02,111/A/NBP/2021
2021-06-10,0.4447,0.57,110/A/NBP/2021
2021-06-09,0.4422,-0.18,109/A/NBP/2021
2021-06-08,0.443,-0.09,108/A/NBP/2021
2021-06-07,0.4434,0.29,107/A/NBP/2021
2021-06-04,0.4421,-0.09,106/A/NBP/2021
2021-06-02,0.4425,-0.11,105/A/NBP/2021
2021-06-01,0.443,0.09,104/A/NBP/2021
2021-05-31,0.4426,-0.14,103/A/NBP/2021
2021-05-28,0.4432,-0.16,102/A/NBP/2021
2021-05-27,0.4439,0.32,101/A/NBP/2021
2021-05-26,0.4425,-0.09,100/A/NBP/2021
2021-05-25,0.4429,0.2,099/A/NBP/2021
2021-05-24,0.442,-0.38,098/A/NBP/2021
2021-05-21,0.4437,-0.11,097/A/NBP/2021
2021-05-20,0.4442,-0.4,096/A/NBP/2021
2021-05-19,0.446,-0.11,095/A/NBP/2021
2021-05-18,0.4465,-0.07,094/A/NBP/2021
2021-05-17,0.4468,0.07,093/A/NBP/2021
2021-05-14,0.4465,0.11,092/A/NBP/2021
2021-05-13,0.446,-0.76,091/A/NBP/2021
2021-05-12,0.4494,-0.4,090/A/NBP/2021
2021-05-11,0.4512,0.04,089/A/NBP/2021
2021-05-10,0.451,-0.07,088/A/NBP/2021
2021-05-07,0.4513,0.36,087/A/NBP/2021
2021-05-06,0.4497,0.22,086/A/NBP/2021
2021-05-05,0.4487,0.22,085/A/NBP/2021
2021-05-04,0.4477,-0.33,084/A/NBP/2021
2021-04-30,0.4492,-0.73,083/A/NBP/2021
2021-04-29,0.4525,-0.09,082/A/NBP/2021
2021-04-28,0.4529,0.78,081/A/NBP/2021
2021-04-27,0.4494,-0.09,080/A/NBP/2021
2021-04-26,0.4498,-0.09,079/A/NBP/2021
2021-04-23,0.4502,0.04,078/A/NBP/2021
2021-04-22,0.45,0.36,077/A/NBP/2021
2021-04-21,0.4484,-0.38,076/A/NBP/2021
2021-04-20,0.4501,-0.16,075/A/NBP/2021
2021-04-19,0.4508,0.16,074/A/NBP/2021
2021-04-16,0.4501,0.13,073/A/NBP/2021
2021-04-15,0.4495,0.18,072/A/NBP/2021
2021-04-14,0.4487,0.13,071/A/NBP/2021
2021-04-13,0.4481,0.67,070/A/NBP/2021
2021-04-12,0.4451,-0.34,069/A/NBP/2021
2021-04-09,0.4466,-0.02,068/A/NBP/2021
2021-04-08,0.4467,-0.31,067/A/NBP/2021
2021-04-07,0.4481,0.09,066/A/NBP/2021
2021-04-06,0.4477,0.07,065/A/NBP/2021
2021-04-02,0.4474,-0.71,064/A/NBP/2021
2021-04-01,0.4506,-1.1,063/A/NBP/2021
2021-03-31,0.4556,0.33,062/A/NBP/2021
2021-03-30,0.4541,-0.24,061/A/NBP/2021
2021-03-29,0.4552,0,060/A/NBP/2021
2021-03-26,0.4552,0,059/A/NBP/2021
2021-03-25,0.4552,0.2,058/A/NBP/2021
2021-03-24,0.4543,0.42,057/A/NBP/2021
2021-03-23,0.4524,-0.33,056/A/NBP/2021
2021-03-22,0.4539,-0.22,055/A/NBP/2021
2021-03-19,0.4549,-0.11,054/A/NBP/2021
2021-03-18,0.4554,0.22,053/A/NBP/2021
2021-03-17,0.4544,0.29,052/A/NBP/2021
2021-03-16,0.4531,0.62,051/A/NBP/2021
2021-03-15,0.4503,-0.42,050/A/NBP/2021
2021-03-12,0.4522,-0.18,049/A/NBP/2021
2021-03-11,0.453,0.42,048/A/NBP/2021
2021-03-10,0.4511,-0.13,047/A/NBP/2021
2021-03-09,0.4517,0.2,046/A/NBP/2021
2021-03-08,0.4508,0.2,045/A/NBP/2021
2021-03-05,0.4499,0.45,044/A/NBP/2021
2021-03-04,0.4479,-0.11,043/A/NBP/2021
2021-03-03,0.4484,0.31,042/A/NBP/2021
2021-03-02,0.447,0.63,041/A/NBP/2021
2021-03-01,0.4442,-0.6,040/A/NBP/2021
2021-02-26,0.4469,-0.51,039/A/NBP/2021
2021-02-25,0.4492,0.27,038/A/NBP/2021
2021-02-24,0.448,0.22,037/A/NBP/2021
2021-02-23,0.447,-0.25,036/A/NBP/2021
2021-02-22,0.4481,0.27,035/A/NBP/2021
2021-02-19,0.4469,0,034/A/NBP/2021
2021-02-18,0.4469,-0.27,033/A/NBP/2021
2021-02-17,0.4481,0.18,032/A/NBP/2021
2021-02-16,0.4473,0.22,031/A/NBP/2021
2021-02-15,0.4463,-0.07,030/A/NBP/2021
2021-02-12,0.4466,0.09,029/A/NBP/2021
2021-02-11,0.4462,0.25,028/A/NBP/2021
2021-02-10,0.4451,0.59,027/A/NBP/2021
2021-02-09,0.4425,-0.38,026/A/NBP/2021
2021-02-08,0.4442,-0.16,025/A/NBP/2021
2021-02-05,0.4449,0.23,024/A/NBP/2021
2021-02-04,0.4439,0.16,023/A/NBP/2021
2021-02-03,0.4432,0.02,022/A/NBP/2021
2021-02-02,0.4431,-0.36,021/A/NBP/2021
2021-02-01,0.4447,-0.76,020/A/NBP/2021
2021-01-29,0.4481,-0.02,019/A/NBP/2021
2021-01-28,0.4482,-0.44,018/A/NBP/2021
2021-01-27,0.4502,-0.24,017/A/NBP/2021
2021-01-26,0.4513,-0.04,016/A/NBP/2021
2021-01-25,0.4515,0.44,015/A/NBP/2021
2021-01-22,0.4495,0.18,014/A/NBP/2021
2021-01-21,0.4487,0.56,013/A/NBP/2021
2021-01-20,0.4462,-0.47,012/A/NBP/2021
2021-01-19,0.4483,0.2,011/A/NBP/2021
2021-01-18,0.4474,-0.4,010/A/NBP/2021
2021-01-15,0.4492,0.04,009/A/NBP/2021
2021-01-14,0.449,0.11,008/A/NBP/2021
2021-01-13,0.4485,-0.11,007/A/NBP/2021
2021-01-12,0.449,-0.27,006/A/NBP/2021
2021-01-11,0.4502,0.2,005/A/NBP/2021
2021-01-08,0.4493,0.6,004/A/NBP/2021
2021-01-07,0.4466,-0.98,003/A/NBP/2021
2021-01-05,0.451,-0.38,002/A/NBP/2021
2021-01-04,0.4527,-1.54,001/A/NBP/2021
2020-12-31,0.4598,1.88,255/A/NBP/2020
2020-12-30,0.4513,0.96,254/A/NBP/2020
2020-12-29,0.447,0.56,253/A/NBP/2020
2020-12-28,0.4445,-0.54,252/A/NBP/2020
2020-12-24,0.4469,0.38,251/A/NBP/2020
2020-12-23,0.4452,-0.16,250/A/NBP/2020
2020-12-22,0.4459,0.61,249/A/NBP/2020
2020-12-21,0.4432,0.84,248/A/NBP/2020
2020-12-18,0.4395,0.78,247/A/NBP/2020
2020-12-17,0.4361,0.02,246/A/NBP/2020
2020-12-16,0.436,0.18,245/A/NBP/2020
2020-12-15,0.4352,0.37,244/A/NBP/2020
2020-12-14,0.4336,0.25,243/A/NBP/2020
2020-12-11,0.4325,0.21,242/A/NBP/2020
2020-12-10,0.4316,-0.42,241/A/NBP/2020
2020-12-09,0.4334,-1.32,240/A/NBP/2020
2020-12-08,0.4392,0.8,239/A/NBP/2020
2020-12-07,0.4357,0.02,238/A/NBP/2020
2020-12-04,0.4356,0.05,237/A/NBP/2020
2020-12-03,0.4354,-0.02,236/A/NBP/2020
2020-12-02,0.4355,-0.71,235/A/NBP/2020
2020-12-01,0.4386,-0.57,234/A/NBP/2020
2020-11-30,0.4411,-0.02,233/A/NBP/2020
2020-11-27,0.4412,0.3,232/A/NBP/2020
2020-11-26,0.4399,-0.14,231/A/NBP/2020
2020-11-25,0.4405,0.43,230/A/NBP/2020
2020-11-24,0.4386,0.23,229/A/NBP/2020
2020-11-23,0.4376,0.14,228/A/NBP/2020
2020-11-20,0.437,-0.23,227/A/NBP/2020
2020-11-19,0.438,0,226/A/NBP/2020
2020-11-18,0.438,-0.48,225/A/NBP/2020
2020-11-17,0.4401,0.89,224/A/NBP/2020
2020-11-16,0.4362,-0.64,223/A/NBP/2020
2020-11-13,0.439,-0.45,222/A/NBP/2020
2020-11-12,0.441,-0.16,221/A/NBP/2020
2020-11-10,0.4417,0.87,220/A/NBP/2020
2020-11-09,0.4379,-0.41,219/A/NBP/2020
2020-11-06,0.4397,0.11,218/A/NBP/2020
2020-11-05,0.4392,0.02,217/A/NBP/2020
2020-11-04,0.4391,-0.32,216/A/NBP/2020
2020-11-03,0.4405,-1.06,215/A/NBP/2020
2020-11-02,0.4452,0.02,214/A/NBP/2020
2020-10-30,0.4451,-0.13,213/A/NBP/2020
2020-10-29,0.4457,-0.31,212/A/NBP/2020
2020-10-28,0.4471,0.65,211/A/NBP/2020
2020-10-27,0.4442,0.43,210/A/NBP/2020
2020-10-26,0.4423,0.23,209/A/NBP/2020
2020-10-23,0.4413,-0.18,208/A/NBP/2020
2020-10-22,0.4421,-0.05,207/A/NBP/2020
2020-10-21,0.4423,0.18,206/A/NBP/2020
2020-10-20,0.4415,0.46,205/A/NBP/2020
2020-10-19,0.4395,-0.16,204/A/NBP/2020
2020-10-16,0.4402,0.59,203/A/NBP/2020
2020-10-15,0.4376,0.81,202/A/NBP/2020
2020-10-14,0.4341,0.56,201/A/NBP/2020
2020-10-13,0.4317,0.16,200/A/NBP/2020
2020-10-12,0.431,0.61,199/A/NBP/2020
2020-10-09,0.4284,-0.35,198/A/NBP/2020
2020-10-08,0.4299,0.8,197/A/NBP/2020
2020-10-07,0.4265,-0.47,196/A/NBP/2020
2020-10-06,0.4285,-0.23,195/A/NBP/2020
2020-10-05,0.4295,-0.35,194/A/NBP/2020
2020-10-02,0.431,0.19,193/A/NBP/2020
2020-10-01,0.4302,0.14,192/A/NBP/2020
2020-09-30,0.4296,-1.1,191/A/NBP/2020
2020-09-29,0.4344,1.16,190/A/NBP/2020
2020-09-28,0.4294,0.28,189/A/NBP/2020
2020-09-25,0.4282,0,188/A/NBP/2020
2020-09-24,0.4282,-0.51,187/A/NBP/2020
2020-09-23,0.4304,-0.58,186/A/NBP/2020
2020-09-22,0.4329,0.6,185/A/NBP/2020
2020-09-21,0.4303,0.54,184/A/NBP/2020
2020-09-18,0.428,0.19,183/A/NBP/2020
2020-09-17,0.4272,-0.16,182/A/NBP/2020
2020-09-16,0.4279,0,181/A/NBP/2020
2020-09-15,0.4279,0.02,180/A/NBP/2020
2020-09-14,0.4278,-0.28,179/A/NBP/2020
2020-09-11,0.429,-0.23,178/A/NBP/2020
2020-09-10,0.43,0.21,177/A/NBP/2020
2020-09-09,0.4291,0.14,176/A/NBP/2020
2020-09-08,0.4285,-0.44,175/A/NBP/2020
2020-09-07,0.4304,0.16,174/A/NBP/2020
2020-09-04,0.4297,0.49,173/A/NBP/2020
2020-09-03,0.4276,-0.07,172/A/NBP/2020
2020-09-02,0.4279,0.59,171/A/NBP/2020
2020-09-01,0.4254,-0.47,170/A/NBP/2020
2020-08-31,0.4274,-0.26,169/A/NBP/2020
2020-08-28,0.4285,0.14,168/A/NBP/2020
2020-08-27,0.4279,0.54,167/A/NBP/2020
2020-08-26,0.4256,0.4,166/A/NBP/2020
2020-08-25,0.4239,-0.38,165/A/NBP/2020
2020-08-24,0.4255,0.28,164/A/NBP/2020
2020-08-21,0.4243,-0.35,163/A/NBP/2020
2020-08-20,0.4258,0.14,162/A/NBP/2020
2020-08-19,0.4252,-0.09,161/A/NBP/2020
2020-08-18,0.4256,-0.21,160/A/NBP/2020
2020-08-17,0.4265,-0.19,159/A/NBP/2020
2020-08-14,0.4273,-0.28,158/A/NBP/2020
2020-08-13,0.4285,-0.26,157/A/NBP/2020
2020-08-12,0.4296,0.3,156/A/NBP/2020
2020-08-11,0.4283,0.16,155/A/NBP/2020
2020-08-10,0.4276,-0.09,154/A/NBP/2020
2020-08-07,0.428,0.05,153/A/NBP/2020
2020-08-06,0.4278,0.19,152/A/NBP/2020
2020-08-05,0.427,-0.26,151/A/NBP/2020
2020-08-04,0.4281,-0.05,150/A/NBP/2020
2020-08-03,0.4283,0,149/A/NBP/2020
2020-07-31,0.4283,0.14,148/A/NBP/2020
2020-07-30,0.4277,-0.56,147/A/NBP/2020
2020-07-29,0.4301,0.56,146/A/NBP/2020
2020-07-28,0.4277,-0.26,145/A/NBP/2020
2020-07-27,0.4288,0.02,144/A/NBP/2020
2020-07-24,0.4287,-0.42,143/A/NBP/2020
2020-07-23,0.4305,-0.6,142/A/NBP/2020
2020-07-22,0.4331,-0.05,141/A/NBP/2020
2020-07-21,0.4333,-0.05,140/A/NBP/2020
2020-07-20,0.4335,-0.07,139/A/NBP/2020
2020-07-17,0.4338,0.14,138/A/NBP/2020
2020-07-16,0.4332,0.28,137/A/NBP/2020
2020-07-15,0.432,0.16,136/A/NBP/2020
2020-07-14,0.4313,0.23,135/A/NBP/2020
2020-07-13,0.4303,0.02,134/A/NBP/2020
2020-07-10,0.4302,0.09,133/A/NBP/2020
2020-07-09,0.4298,0.19,132/A/NBP/2020
2020-07-08,0.429,0.59,131/A/NBP/2020
2020-07-07,0.4265,-0.07,130/A/NBP/2020
2020-07-06,0.4268,-0.02,129/A/NBP/2020
2020-07-03,0.4269,-0.16,128/A/NBP/2020
2020-07-02,0.4276,0.68,127/A/NBP/2020
2020-07-01,0.4247,-0.05,126/A/NBP/2020
2020-06-30,0.4249,-0.05,125/A/NBP/2020
2020-06-29,0.4251,-0.23,124/A/NBP/2020
2020-06-26,0.4261,0.47,123/A/NBP/2020
2020-06-25,0.4241,0.17,122/A/NBP/2020
2020-06-24,0.4234,0.33,121/A/NBP/2020
2020-06-23,0.422,-0.05,120/A/NBP/2020
2020-06-22,0.4222,0.09,119/A/NBP/2020
2020-06-19,0.4218,-0.52,118/A/NBP/2020
2020-06-18,0.424,0.24,117/A/NBP/2020
2020-06-17,0.423,0.57,116/A/NBP/2020
2020-06-16,0.4206,-0.28,115/A/NBP/2020
2020-06-15,0.4218,-0.64,114/A/NBP/2020
2020-06-12,0.4245,-0.56,113/A/NBP/2020
2020-06-10,0.4269,0.4,112/A/NBP/2020
2020-06-09,0.4252,-0.23,111/A/NBP/2020
2020-06-08,0.4262,-0.21,110/A/NBP/2020
2020-06-05,0.4271,0.71,109/A/NBP/2020
2020-06-04,0.4241,0.76,108/A/NBP/2020
2020-06-03,0.4209,0.14,107/A/NBP/2020
2020-06-02,0.4203,-0.57,106/A/NBP/2020
2020-06-01,0.4227,-0.14,105/A/NBP/2020
2020-05-29,0.4233,1.05,104/A/NBP/2020
2020-05-28,0.4189,-0.36,103/A/NBP/2020
2020-05-27,0.4204,-0.94,102/A/NBP/2020
2020-05-26,0.4244,-0.86,101/A/NBP/2020
2020-05-25,0.4281,-0.09,100/A/NBP/2020
2020-05-22,0.4285,-0.46,099/A/NBP/2020
2020-05-21,0.4305,-0.07,098/A/NBP/2020
2020-05-20,0.4308,-0.07,097/A/NBP/2020
2020-05-19,0.4311,0.49,096/A/NBP/2020
2020-05-18,0.429,-0.09,095/A/NBP/2020
2020-05-15,0.4294,-0.05,094/A/NBP/2020
2020-05-14,0.4296,-0.12,093/A/NBP/2020
2020-05-13,0.4301,0.42,092/A/NBP/2020
2020-05-12,0.4283,-0.28,091/A/NBP/2020
2020-05-11,0.4295,-0.07,090/A/NBP/2020
2020-05-08,0.4298,0.23,089/A/NBP/2020
2020-05-07,0.4288,0.56,088/A/NBP/2020
2020-05-06,0.4264,0.47,087/A/NBP/2020
2020-05-05,0.4244,0.93,086/A/NBP/2020
2020-05-04,0.4205,-0.99,085/A/NBP/2020
2020-04-30,0.4247,0.28,084/A/NBP/2020
2020-04-29,0.4235,0.71,083/A/NBP/2020
2020-04-28,0.4205,0.94,082/A/NBP/2020
2020-04-27,0.4166,-0.31,081/A/NBP/2020
2020-04-24,0.4179,0.24,080/A/NBP/2020
2020-04-23,0.4169,0.51,079/A/NBP/2020
2020-04-22,0.4148,-0.26,078/A/NBP/2020
2020-04-21,0.4159,0.1,077/A/NBP/2020
2020-04-20,0.4155,-0.46,076/A/NBP/2020
2020-04-17,0.4174,0.55,075/A/NBP/2020
2020-04-16,0.4151,-0.14,074/A/NBP/2020
2020-04-15,0.4157,-0.65,073/A/NBP/2020
2020-04-14,0.4184,-0.05,072/A/NBP/2020
2020-04-10,0.4186,0.75,071/A/NBP/2020
2020-04-09,0.4155,0.53,070/A/NBP/2020
2020-04-08,0.4133,-0.67,069/A/NBP/2020
2020-04-07,0.4161,0.19,068/A/NBP/2020
2020-04-06,0.4153,-0.88,067/A/NBP/2020
2020-04-03,0.419,0.1,066/A/NBP/2020
2020-04-02,0.4186,0.29,065/A/NBP/2020
2020-04-01,0.4174,1.46,064/A/NBP/2020
2020-03-31,0.4114,0.05,063/A/NBP/2020
2020-03-30,0.4112,-0.15,062/A/NBP/2020
2020-03-27,0.4118,-1.25,061/A/NBP/2020
2020-03-26,0.417,-0.48,060/A/NBP/2020
2020-03-25,0.419,0.65,059/A/NBP/2020
2020-03-24,0.4163,1.86,058/A/NBP/2020
2020-03-23,0.4087,-1.14,057/A/NBP/2020
2020-03-20,0.4134,1.62,056/A/NBP/2020
2020-03-19,0.4068,-0.73,055/A/NBP/2020
2020-03-18,0.4098,0,054/A/NBP/2020
2020-03-17,0.4098,1.16,053/A/NBP/2020
2020-03-16,0.4051,0.8,052/A/NBP/2020
2020-03-13,0.4019,0,051/A/NBP/2020
2020-03-12,0.4019,0,050/A/NBP/2020
2020-03-11,0.4019,-0.27,049/A/NBP/2020
2020-03-10,0.403,-0.22,048/A/NBP/2020
2020-03-09,0.4039,-0.79,047/A/NBP/2020
2020-03-06,0.4071,0.05,046/A/NBP/2020
2020-03-05,0.4069,-0.12,045/A/NBP/2020
2020-03-04,0.4074,-0.42,044/A/NBP/2020
2020-03-03,0.4091,0,043/A/NBP/2020
2020-03-02,0.4091,0.59,042/A/NBP/2020
2020-02-28,0.4067,-0.32,041/A/NBP/2020
2020-02-27,0.408,0.3,040/A/NBP/2020
2020-02-26,0.4068,-0.05,039/A/NBP/2020
2020-02-25,0.407,0.1,038/A/NBP/2020
2020-02-24,0.4066,0.52,037/A/NBP/2020
2020-02-21,0.4045,0.1,036/A/NBP/2020
2020-02-20,0.4041,0.12,035/A/NBP/2020
2020-02-19,0.4036,-0.35,034/A/NBP/2020
2020-02-18,0.405,0.4,033/A/NBP/2020
2020-02-17,0.4034,-0.02,032/A/NBP/2020
2020-02-14,0.4035,-0.62,031/A/NBP/2020
2020-02-13,0.406,0.15,030/A/NBP/2020
2020-02-12,0.4054,0.25,029/A/NBP/2020
2020-02-11,0.4044,0.22,028/A/NBP/2020
2020-02-10,0.4035,-0.1,027/A/NBP/2020
2020-02-07,0.4039,0.22,026/A/NBP/2020
2020-02-06,0.403,-0.25,025/A/NBP/2020
2020-02-05,0.404,0.32,024/A/NBP/2020
2020-02-04,0.4027,-0.1,023/A/NBP/2020
2020-02-03,0.4031,-0.02,022/A/NBP/2020
2020-01-31,0.4032,0.12,021/A/NBP/2020
2020-01-30,0.4027,-0.47,020/A/NBP/2020
2020-01-29,0.4046,0.32,019/A/NBP/2020
2020-01-28,0.4033,-0.1,018/A/NBP/2020
2020-01-27,0.4037,0.2,017/A/NBP/2020
2020-01-24,0.4029,-0.02,016/A/NBP/2020
2020-01-23,0.403,0.3,015/A/NBP/2020
2020-01-22,0.4018,-0.05,014/A/NBP/2020
2020-01-21,0.402,0.07,013/A/NBP/2020
2020-01-20,0.4017,0.12,012/A/NBP/2020
2020-01-17,0.4012,0,011/A/NBP/2020
2020-01-16,0.4012,0.15,010/A/NBP/2020
2020-01-15,0.4006,-0.17,009/A/NBP/2020
2020-01-14,0.4013,0.17,008/A/NBP/2020
2020-01-13,0.4006,-0.52,007/A/NBP/2020
2020-01-10,0.4027,-0.2,006/A/NBP/2020
2020-01-09,0.4035,-0.05,005/A/NBP/2020
2020-01-08,0.4037,0.3,004/A/NBP/2020
2020-01-07,0.4025,-0.49,003/A/NBP/2020
2020-01-03,0.4045,-0.34,002/A/NBP/2020
2020-01-02,0.4059,-0.34,001/A/NBP/2020
2019-12-31,0.4073,-0.1,251/A/NBP/2019
2019-12-30,0.4077,-0.12,250/A/NBP/2019
2019-12-27,0.4082,-0.05,249/A/NBP/2019
2019-12-24,0.4084,0.15,248/A/NBP/2019
2019-12-23,0.4078,0.05,247/A/NBP/2019
2019-12-20,0.4076,0.02,246/A/NBP/2019
2019-12-19,0.4075,0.02,245/A/NBP/2019
2019-12-18,0.4074,0,244/A/NBP/2019
2019-12-17,0.4074,-0.34,243/A/NBP/2019
2019-12-16,0.4088,0,242/A/NBP/2019
2019-12-13,0.4088,-0.27,241/A/NBP/2019
2019-12-12,0.4099,0.07,240/A/NBP/2019
2019-12-11,0.4096,0.91,239/A/NBP/2019
2019-12-10,0.4059,-0.15,238/A/NBP/2019
2019-12-09,0.4065,0.1,237/A/NBP/2019
2019-12-06,0.4061,-0.02,236/A/NBP/2019
2019-12-05,0.4062,0.37,235/A/NBP/2019
2019-12-04,0.4047,-0.66,234/A/NBP/2019
2019-12-03,0.4074,-0.22,233/A/NBP/2019
2019-12-02,0.4083,-0.78,232/A/NBP/2019
2019-11-29,0.4115,0.54,231/A/NBP/2019
2019-11-28,0.4093,0.27,230/A/NBP/2019
2019-11-27,0.4082,0.42,229/A/NBP/2019
2019-11-26,0.4065,0.1,228/A/NBP/2019
2019-11-25,0.4061,0.59,227/A/NBP/2019
2019-11-22,0.4037,0.1,226/A/NBP/2019
2019-11-21,0.4033,0.82,225/A/NBP/2019
2019-11-20,0.4,-0.72,224/A/NBP/2019
2019-11-19,0.4029,0.12,223/A/NBP/2019
2019-11-18,0.4024,0.22,222/A/NBP/2019
2019-11-15,0.4015,0.05,221/A/NBP/2019
2019-11-14,0.4013,0.55,220/A/NBP/2019
2019-11-13,0.3991,-0.18,219/A/NBP/2019
2019-11-12,0.3998,0.18,218/A/NBP/2019
2019-11-08,0.3991,-0.47,217/A/NBP/2019
2019-11-07,0.401,0.28,216/A/NBP/2019
2019-11-06,0.3999,0.2,215/A/NBP/2019
2019-11-05,0.3991,0.05,214/A/NBP/2019
2019-11-04,0.3989,0.83,213/A/NBP/2019
2019-10-31,0.3956,0.28,212/A/NBP/2019
2019-10-30,0.3945,-0.55,211/A/NBP/2019
2019-10-29,0.3967,-0.23,210/A/NBP/2019
2019-10-28,0.3976,-0.1,209/A/NBP/2019
2019-10-25,0.398,-0.62,208/A/NBP/2019
2019-10-24,0.4005,0.38,207/A/NBP/2019
2019-10-23,0.399,0.13,206/A/NBP/2019
2019-10-22,0.3985,0.15,205/A/NBP/2019
2019-10-21,0.3979,0.1,204/A/NBP/2019
2019-10-18,0.3975,0.38,203/A/NBP/2019
2019-10-17,0.396,-0.38,202/A/NBP/2019
2019-10-16,0.3975,0.25,201/A/NBP/2019
2019-10-15,0.3965,0.18,200/A/NBP/2019
2019-10-14,0.3958,-0.68,199/A/NBP/2019
2019-10-11,0.3985,0.2,198/A/NBP/2019
2019-10-10,0.3977,0.3,197/A/NBP/2019
2019-10-09,0.3965,-0.55,196/A/NBP/2019
2019-10-08,0.3987,-0.15,195/A/NBP/2019
2019-10-07,0.3993,-0.37,194/A/NBP/2019
2019-10-04,0.4008,-0.02,193/A/NBP/2019
2019-10-03,0.4009,-1.01,192/A/NBP/2019
2019-10-02,0.405,-0.15,191/A/NBP/2019
2019-10-01,0.4056,-0.52,190/A/NBP/2019
2019-09-30,0.4077,-0.73,189/A/NBP/2019
2019-09-27,0.4107,-0.22,188/A/NBP/2019
2019-09-26,0.4116,0.17,187/A/NBP/2019
2019-09-25,0.4109,0.32,186/A/NBP/2019
2019-09-24,0.4096,-0.05,185/A/NBP/2019
2019-09-23,0.4098,0.91,184/A/NBP/2019
2019-09-20,0.4061,0.3,183/A/NBP/2019
2019-09-19,0.4049,0.12,182/A/NBP/2019
2019-09-18,0.4044,-0.37,181/A/NBP/2019
2019-09-17,0.4059,0.02,180/A/NBP/2019
2019-09-16,0.4058,-0.51,179/A/NBP/2019
2019-09-13,0.4079,0.05,178/A/NBP/2019
2019-09-12,0.4077,0.27,177/A/NBP/2019
2019-09-11,0.4066,0.94,176/A/NBP/2019
2019-09-10,0.4028,-1.23,175/A/NBP/2019
2019-09-09,0.4078,0.25,174/A/NBP/2019
2019-09-06,0.4068,0.1,173/A/NBP/2019
2019-09-05,0.4064,0.69,172/A/NBP/2019
2019-09-04,0.4036,-0.05,171/A/NBP/2019
2019-09-03,0.4038,-0.49,170/A/NBP/2019
2019-09-02,0.4058,0.25,169/A/NBP/2019
2019-08-30,0.4048,-0.54,168/A/NBP/2019
2019-08-29,0.407,-0.39,167/A/NBP/2019
2019-08-28,0.4086,0.25,166/A/NBP/2019
2019-08-27,0.4076,0,165/A/NBP/2019
2019-08-26,0.4076,0.22,164/A/NBP/2019
2019-08-23,0.4067,-0.22,163/A/NBP/2019
2019-08-22,0.4076,0.44,162/A/NBP/2019
2019-08-21,0.4058,-0.12,161/A/NBP/2019
2019-08-20,0.4063,0.17,160/A/NBP/2019
2019-08-19,0.4056,-0.05,159/A/NBP/2019
2019-08-16,0.4058,-0.2,158/A/NBP/2019
2019-08-14,0.4066,0.49,157/A/NBP/2019
2019-08-13,0.4046,0.25,156/A/NBP/2019
2019-08-12,0.4036,0.1,155/A/NBP/2019
2019-08-09,0.4032,0.6,154/A/NBP/2019
2019-08-08,0.4008,-0.22,153/A/NBP/2019
2019-08-07,0.4017,0.25,152/A/NBP/2019
2019-08-06,0.4007,-0.3,151/A/NBP/2019
2019-08-05,0.4019,0.05,150/A/NBP/2019
2019-08-02,0.4017,-0.1,149/A/NBP/2019
2019-08-01,0.4021,-0.07,148/A/NBP/2019
2019-07-31,0.4024,-0.17,147/A/NBP/2019
