ï¿½rednie kursy USD Narodowego Banku Polskiego,,,
,,,
Data,Kurs,Zmiana,Nazwa Tabeli
2024-03-25,3.9833,-0.24,060/A/NBP/2024
2024-03-22,3.9928,1.26,059/A/NBP/2024
2024-03-21,3.9431,-1.16,058/A/NBP/2024
2024-03-20,3.9895,0.07,057/A/NBP/2024
2024-03-19,3.9866,0.86,056/A/NBP/2024
2024-03-18,3.9528,0.35,055/A/NBP/2024
2024-03-15,3.9392,0.53,054/A/NBP/2024
2024-03-14,3.9183,-0.22,053/A/NBP/2024
2024-03-13,3.9269,0.27,052/A/NBP/2024
2024-03-12,3.9162,-0.25,051/A/NBP/2024
2024-03-11,3.9262,-0.33,050/A/NBP/2024
2024-03-08,3.9392,-0.24,049/A/NBP/2024
2024-03-07,3.9485,-0.37,048/A/NBP/2024
2024-03-06,3.963,-0.52,047/A/NBP/2024
2024-03-05,3.9838,0.05,046/A/NBP/2024
2024-03-04,3.982,-0.26,045/A/NBP/2024
2024-03-01,3.9922,0.3,044/A/NBP/2024
2024-02-29,3.9803,-0.3,043/A/NBP/2024
2024-02-28,3.9922,0.6,042/A/NBP/2024
2024-02-27,3.9682,-0.24,041/A/NBP/2024
2024-02-26,3.9776,-0.68,040/A/NBP/2024
2024-02-23,4.005,0.62,039/A/NBP/2024
2024-02-22,3.9804,-0.41,038/A/NBP/2024
2024-02-21,3.9966,-0.07,037/A/NBP/2024
2024-02-20,3.9994,-0.68,036/A/NBP/2024
2024-02-19,4.0269,-0.14,035/A/NBP/2024
2024-02-16,4.0325,-0.42,034/A/NBP/2024
2024-02-15,4.0495,-0.24,033/A/NBP/2024
2024-02-14,4.0593,1.14,032/A/NBP/2024
2024-02-13,4.0136,-0.13,031/A/NBP/2024
2024-02-12,4.0189,0.23,030/A/NBP/2024
2024-02-09,4.0096,-0.49,029/A/NBP/2024
2024-02-08,4.0292,-0.17,028/A/NBP/2024
2024-02-07,4.0362,-0.3,027/A/NBP/2024
2024-02-06,4.0484,0.6,026/A/NBP/2024
2024-02-05,4.0244,1.52,025/A/NBP/2024
2024-02-02,3.9641,-1.01,024/A/NBP/2024
2024-02-01,4.0047,-0.22,023/A/NBP/2024
2024-01-31,4.0135,-0.41,022/A/NBP/2024
2024-01-30,4.0301,-0.06,021/A/NBP/2024
2024-01-29,4.0326,-0.17,020/A/NBP/2024
2024-01-26,4.0393,0.51,019/A/NBP/2024
2024-01-25,4.0189,0.14,018/A/NBP/2024
2024-01-24,4.0131,0,017/A/NBP/2024
2024-01-23,4.0133,0.4,016/A/NBP/2024
2024-01-22,3.9972,-0.79,015/A/NBP/2024
2024-01-19,4.0289,-0.37,014/A/NBP/2024
2024-01-18,4.0437,0.01,013/A/NBP/2024
2024-01-17,4.0434,0.19,012/A/NBP/2024
2024-01-16,4.0358,0.99,011/A/NBP/2024
2024-01-15,3.9963,0.55,010/A/NBP/2024
2024-01-12,3.9746,0.17,009/A/NBP/2024
2024-01-11,3.968,0.06,008/A/NBP/2024
2024-01-10,3.9656,0.11,007/A/NBP/2024
2024-01-09,3.9612,-0.5,006/A/NBP/2024
2024-01-08,3.9812,-0.1,005/A/NBP/2024
2024-01-05,3.985,0.42,004/A/NBP/2024
2024-01-04,3.9684,-0.56,003/A/NBP/2024
2024-01-03,3.9909,1.21,002/A/NBP/2024
2024-01-02,3.9432,0.21,001/A/NBP/2024
2023-12-29,3.935,0.92,251/A/NBP/2023
2023-12-28,3.899,-0.48,250/A/NBP/2023
2023-12-27,3.9178,-0.41,249/A/NBP/2023
2023-12-22,3.9338,-0.77,248/A/NBP/2023
2023-12-21,3.9645,0.3,247/A/NBP/2023
2023-12-20,3.9527,-0.16,246/A/NBP/2023
2023-12-19,3.9591,-0.09,245/A/NBP/2023
2023-12-18,3.9625,0.76,244/A/NBP/2023
2023-12-15,3.9326,-0.4,243/A/NBP/2023
2023-12-14,3.9484,-1.66,242/A/NBP/2023
2023-12-13,4.0149,-0.14,241/A/NBP/2023
2023-12-12,4.0204,-0.18,240/A/NBP/2023
2023-12-11,4.0277,0.24,239/A/NBP/2023
2023-12-08,4.0181,-0.04,238/A/NBP/2023
2023-12-07,4.0199,-0.01,237/A/NBP/2023
2023-12-06,4.0202,0.73,236/A/NBP/2023
2023-12-05,3.991,0.15,235/A/NBP/2023
2023-12-04,3.985,-0.15,234/A/NBP/2023
2023-12-01,3.991,0.25,233/A/NBP/2023
2023-11-30,3.981,0.84,232/A/NBP/2023
2023-11-29,3.9478,-0.68,231/A/NBP/2023
2023-11-28,3.975,-0.05,230/A/NBP/2023
2023-11-27,3.9769,-0.83,229/A/NBP/2023
2023-11-24,4.0103,0.34,228/A/NBP/2023
2023-11-23,3.9969,-0.53,227/A/NBP/2023
2023-11-22,4.018,0.75,226/A/NBP/2023
2023-11-21,3.9882,-0.14,225/A/NBP/2023
2023-11-20,3.9938,-0.96,224/A/NBP/2023
2023-11-17,4.0327,-0.22,223/A/NBP/2023
2023-11-16,4.0415,-0.09,222/A/NBP/2023
2023-11-15,4.0453,-1.84,221/A/NBP/2023
2023-11-14,4.121,-0.64,220/A/NBP/2023
2023-11-13,4.1474,0.12,219/A/NBP/2023
2023-11-10,4.1423,-0.22,218/A/NBP/2023
2023-11-09,4.1513,-0.7,217/A/NBP/2023
2023-11-08,4.1804,0.33,216/A/NBP/2023
2023-11-07,4.1667,0.37,215/A/NBP/2023
2023-11-06,4.1512,-0.82,214/A/NBP/2023
2023-11-03,4.1857,-0.25,213/A/NBP/2023
2023-11-02,4.1963,0.67,212/A/NBP/2023
2023-10-31,4.1684,-0.85,211/A/NBP/2023
2023-10-30,4.204,-0.54,210/A/NBP/2023
2023-10-27,4.2267,-0.3,209/A/NBP/2023
2023-10-26,4.2395,0.26,208/A/NBP/2023
2023-10-25,4.2284,0.96,207/A/NBP/2023
2023-10-24,4.1884,-0.33,206/A/NBP/2023
2023-10-23,4.2022,-0.41,205/A/NBP/2023
2023-10-20,4.2194,-0.17,204/A/NBP/2023
2023-10-19,4.2264,0.54,203/A/NBP/2023
2023-10-18,4.2035,-0.23,202/A/NBP/2023
2023-10-17,4.2131,-0.88,201/A/NBP/2023
2023-10-16,4.2505,-1.23,200/A/NBP/2023
2023-10-13,4.3033,0.88,199/A/NBP/2023
2023-10-12,4.2659,0.16,198/A/NBP/2023
2023-10-11,4.2589,-0.92,197/A/NBP/2023
2023-10-10,4.2985,-1.05,196/A/NBP/2023
2023-10-09,4.3439,-0.39,195/A/NBP/2023
2023-10-06,4.3608,-0.37,194/A/NBP/2023
2023-10-05,4.3768,-0.88,193/A/NBP/2023
2023-10-04,4.4155,0.32,192/A/NBP/2023
2023-10-03,4.4012,0.87,191/A/NBP/2023
2023-10-02,4.3634,-0.14,190/A/NBP/2023
2023-09-29,4.3697,-0.83,189/A/NBP/2023
2023-09-28,4.4062,1.01,188/A/NBP/2023
2023-09-27,4.3622,0.32,187/A/NBP/2023
2023-09-26,4.3485,0.69,186/A/NBP/2023
2023-09-25,4.3188,-0.19,185/A/NBP/2023
2023-09-22,4.3269,-0.22,184/A/NBP/2023
2023-09-21,4.3365,-0.31,183/A/NBP/2023
2023-09-20,4.3501,0.07,182/A/NBP/2023
2023-09-19,4.3472,-0.04,181/A/NBP/2023
2023-09-18,4.3489,0.16,180/A/NBP/2023
2023-09-15,4.3418,0.69,179/A/NBP/2023
2023-09-14,4.312,-0.24,178/A/NBP/2023
2023-09-13,4.3225,-1.11,177/A/NBP/2023
2023-09-12,4.3711,1.47,176/A/NBP/2023
2023-09-11,4.3077,0.28,175/A/NBP/2023
2023-09-08,4.2958,0.16,174/A/NBP/2023
2023-09-07,4.289,2.37,173/A/NBP/2023
2023-09-06,4.1895,0.61,172/A/NBP/2023
2023-09-05,4.1643,0.7,171/A/NBP/2023
2023-09-04,4.1353,0.22,170/A/NBP/2023
2023-09-01,4.1263,0.46,169/A/NBP/2023
2023-08-31,4.1074,-0.23,168/A/NBP/2023
2023-08-30,4.1167,-0.42,167/A/NBP/2023
2023-08-29,4.1341,-0.14,166/A/NBP/2023
2023-08-28,4.14,-0.05,165/A/NBP/2023
2023-08-25,4.1419,0.58,164/A/NBP/2023
2023-08-24,4.118,-0.62,163/A/NBP/2023
2023-08-23,4.1438,1.26,162/A/NBP/2023
2023-08-22,4.0924,-0.49,161/A/NBP/2023
2023-08-21,4.1124,-0.39,160/A/NBP/2023
2023-08-18,4.1285,0.46,159/A/NBP/2023
2023-08-17,4.1094,0.64,158/A/NBP/2023
2023-08-16,4.0832,0.76,157/A/NBP/2023
2023-08-14,4.0525,0.06,156/A/NBP/2023
2023-08-11,4.0501,-0.05,155/A/NBP/2023
2023-08-10,4.0521,-0.17,154/A/NBP/2023
2023-08-09,4.0592,0.49,153/A/NBP/2023
2023-08-08,4.0396,0.12,152/A/NBP/2023
2023-08-07,4.0347,-0.67,151/A/NBP/2023
2023-08-04,4.062,-0.47,150/A/NBP/2023
2023-08-03,4.081,0.77,149/A/NBP/2023
2023-08-02,4.0497,0.58,148/A/NBP/2023
2023-08-01,4.0262,0.67,147/A/NBP/2023
2023-07-31,3.9995,-0.95,146/A/NBP/2023
2023-07-28,4.0377,1.7,145/A/NBP/2023
2023-07-27,3.9702,-0.62,144/A/NBP/2023
2023-07-26,3.9949,-0.33,143/A/NBP/2023
2023-07-25,4.008,-0.32,142/A/NBP/2023
2023-07-24,4.021,0.55,141/A/NBP/2023
2023-07-21,3.999,0.71,140/A/NBP/2023
2023-07-20,3.971,0.25,139/A/NBP/2023
2023-07-19,3.9612,0.41,138/A/NBP/2023
2023-07-18,3.9451,-0.42,137/A/NBP/2023
2023-07-17,3.9616,0,136/A/NBP/2023
2023-07-14,3.9617,-0.27,135/A/NBP/2023
2023-07-13,3.9724,-1.54,134/A/NBP/2023
2023-07-12,4.0347,-0.07,133/A/NBP/2023
2023-07-11,4.0374,-0.63,132/A/NBP/2023
2023-07-10,4.0632,-1.35,131/A/NBP/2023
2023-07-07,4.1189,0,130/A/NBP/2023
2023-07-06,4.1191,0.79,129/A/NBP/2023
2023-07-05,4.0869,0.57,128/A/NBP/2023
2023-07-04,4.0636,-0.19,127/A/NBP/2023
2023-07-03,4.0714,-0.86,126/A/NBP/2023
2023-06-30,4.1066,0.57,125/A/NBP/2023
2023-06-29,4.0832,0.28,124/A/NBP/2023
2023-06-28,4.0719,0.59,123/A/NBP/2023
2023-06-27,4.0481,-0.46,122/A/NBP/2023
2023-06-26,4.0669,-0.55,121/A/NBP/2023
2023-06-23,4.0893,1.4,120/A/NBP/2023
2023-06-22,4.033,-0.78,119/A/NBP/2023
2023-06-21,4.0648,0.17,118/A/NBP/2023
2023-06-20,4.058,-0.25,117/A/NBP/2023
2023-06-19,4.068,-0.09,116/A/NBP/2023
2023-06-16,4.0715,-1.18,115/A/NBP/2023
2023-06-15,4.1203,-0.46,114/A/NBP/2023
2023-06-14,4.1393,-0.11,113/A/NBP/2023
2023-06-13,4.1439,0.66,112/A/NBP/2023
2023-06-12,4.1169,-0.91,111/A/NBP/2023
2023-06-09,4.1545,-0.82,110/A/NBP/2023
2023-06-07,4.1887,-0.18,109/A/NBP/2023
2023-06-06,4.1964,0.07,108/A/NBP/2023
2023-06-05,4.1933,0.07,107/A/NBP/2023
2023-06-02,4.1903,-1.17,106/A/NBP/2023
2023-06-01,4.2399,-0.38,105/A/NBP/2023
2023-05-31,4.2559,0.75,104/A/NBP/2023
2023-05-30,4.2242,0.02,103/A/NBP/2023
2023-05-29,4.2234,0.19,102/A/NBP/2023
2023-05-26,4.2156,0.39,101/A/NBP/2023
2023-05-25,4.1994,1.01,100/A/NBP/2023
2023-05-24,4.1573,-0.15,099/A/NBP/2023
2023-05-23,4.1634,-0.59,098/A/NBP/2023
2023-05-22,4.1881,-0.41,097/A/NBP/2023
2023-05-19,4.2053,0.3,096/A/NBP/2023
2023-05-18,4.1929,1.02,095/A/NBP/2023
2023-05-17,4.1504,0.67,094/A/NBP/2023
2023-05-16,4.1228,-0.63,093/A/NBP/2023
2023-05-15,4.149,-0.36,092/A/NBP/2023
2023-05-12,4.1638,0.54,091/A/NBP/2023
2023-05-11,4.1414,-0.28,090/A/NBP/2023
2023-05-10,4.1532,-0.19,089/A/NBP/2023
2023-05-09,4.1609,0.54,088/A/NBP/2023
2023-05-08,4.1384,-0.55,087/A/NBP/2023
2023-05-05,4.1612,0.16,086/A/NBP/2023
2023-05-04,4.1547,-0.66,085/A/NBP/2023
2023-05-02,4.1823,0.17,084/A/NBP/2023
2023-04-28,4.1753,0.51,083/A/NBP/2023
2023-04-27,4.1541,-0.04,082/A/NBP/2023
2023-04-26,4.1557,-0.22,081/A/NBP/2023
2023-04-25,4.1649,-0.61,080/A/NBP/2023
2023-04-24,4.1905,-0.24,079/A/NBP/2023
2023-04-21,4.2006,-0.04,078/A/NBP/2023
2023-04-20,4.2024,-0.52,077/A/NBP/2023
2023-04-19,4.2244,0.22,076/A/NBP/2023
2023-04-18,4.2151,-0.26,075/A/NBP/2023
2023-04-17,4.2261,0.52,074/A/NBP/2023
2023-04-14,4.2042,-0.43,073/A/NBP/2023
2023-04-13,4.2225,-1.14,072/A/NBP/2023
2023-04-12,4.2713,-0.48,071/A/NBP/2023
2023-04-11,4.2917,-0.03,070/A/NBP/2023
2023-04-07,4.2932,-0.23,069/A/NBP/2023
2023-04-06,4.3033,0.69,068/A/NBP/2023
2023-04-05,4.2739,-0.27,067/A/NBP/2023
2023-04-04,4.2855,-0.73,066/A/NBP/2023
2023-04-03,4.3168,0.55,065/A/NBP/2023
2023-03-31,4.2934,-0.25,064/A/NBP/2023
2023-03-30,4.3043,-0.47,063/A/NBP/2023
2023-03-29,4.3247,-0.12,062/A/NBP/2023
2023-03-28,4.33,-0.5,061/A/NBP/2023
2023-03-27,4.3518,-0.51,060/A/NBP/2023
2023-03-24,4.3742,1.7,059/A/NBP/2023
2023-03-23,4.3011,-1.05,058/A/NBP/2023
2023-03-22,4.3467,-0.57,057/A/NBP/2023
2023-03-21,4.3715,-0.94,056/A/NBP/2023
2023-03-20,4.413,-0.16,055/A/NBP/2023
2023-03-17,4.4202,-0.1,054/A/NBP/2023
2023-03-16,4.4248,0.5,053/A/NBP/2023
2023-03-15,4.403,0.54,052/A/NBP/2023
2023-03-14,4.3793,-0.26,051/A/NBP/2023
2023-03-13,4.3906,-0.81,050/A/NBP/2023
2023-03-10,4.4266,-0.2,049/A/NBP/2023
2023-03-09,4.4356,-0.61,048/A/NBP/2023
2023-03-08,4.4626,1.47,047/A/NBP/2023
2023-03-07,4.3981,-0.7,046/A/NBP/2023
2023-03-06,4.4289,-0.12,045/A/NBP/2023
2023-03-03,4.4341,0.77,044/A/NBP/2023
2023-03-02,4.4002,-0.21,043/A/NBP/2023
2023-03-01,4.4094,-0.86,042/A/NBP/2023
2023-02-28,4.4475,-0.5,041/A/NBP/2023
2023-02-27,4.4697,0.15,040/A/NBP/2023
2023-02-24,4.463,-0.54,039/A/NBP/2023
2023-02-23,4.4873,0.42,038/A/NBP/2023
2023-02-22,4.4687,0.37,037/A/NBP/2023
2023-02-21,4.4524,0.02,036/A/NBP/2023
2023-02-20,4.4515,-0.83,035/A/NBP/2023
2023-02-17,4.4888,0.64,034/A/NBP/2023
2023-02-16,4.4601,0.52,033/A/NBP/2023
2023-02-15,4.4372,-0.2,032/A/NBP/2023
2023-02-14,4.4463,-0.88,031/A/NBP/2023
2023-02-13,4.4856,0.65,030/A/NBP/2023
2023-02-10,4.4565,1.28,029/A/NBP/2023
2023-02-09,4.4003,-0.16,028/A/NBP/2023
2023-02-08,4.4074,-0.57,027/A/NBP/2023
2023-02-07,4.4325,1.12,026/A/NBP/2023
2023-02-06,4.3833,2.11,025/A/NBP/2023
2023-02-03,4.2928,0.29,024/A/NBP/2023
2023-02-02,4.2803,-1.04,023/A/NBP/2023
2023-02-01,4.3254,-0.52,022/A/NBP/2023
2023-01-31,4.348,0.51,021/A/NBP/2023
2023-01-30,4.3258,0.01,020/A/NBP/2023
2023-01-27,4.3252,-0.24,019/A/NBP/2023
2023-01-26,4.3354,0.21,018/A/NBP/2023
2023-01-25,4.3265,-0.18,017/A/NBP/2023
2023-01-24,4.3341,0.23,016/A/NBP/2023
2023-01-23,4.3242,-0.64,015/A/NBP/2023
2023-01-20,4.352,0.12,014/A/NBP/2023
2023-01-19,4.3469,0.34,013/A/NBP/2023
2023-01-18,4.3322,-0.18,012/A/NBP/2023
2023-01-17,4.3398,-0.09,011/A/NBP/2023
2023-01-16,4.3436,0.38,010/A/NBP/2023
2023-01-13,4.3272,-0.65,009/A/NBP/2023
2023-01-12,4.3556,-0.19,008/A/NBP/2023
2023-01-11,4.3639,-0.19,007/A/NBP/2023
2023-01-10,4.372,-0.66,006/A/NBP/2023
2023-01-09,4.401,0.09,005/A/NBP/2023
2023-01-05,4.397,-0.06,004/A/NBP/2023
2023-01-04,4.3998,-0.85,003/A/NBP/2023
2023-01-03,4.4373,1.28,002/A/NBP/2023
2023-01-02,4.3811,-0.47,001/A/NBP/2023
2022-12-30,4.4018,-0.14,252/A/NBP/2022
2022-12-29,4.4078,-0.11,251/A/NBP/2022
2022-12-28,4.4127,1.04,250/A/NBP/2022
2022-12-27,4.3671,-0.07,249/A/NBP/2022
2022-12-23,4.37,-0.06,248/A/NBP/2022
2022-12-22,4.3726,-0.5,247/A/NBP/2022
2022-12-21,4.3947,-0.12,246/A/NBP/2022
2022-12-20,4.4001,-0.34,245/A/NBP/2022
2022-12-19,4.4153,-0.17,244/A/NBP/2022
2022-12-16,4.4227,0.29,243/A/NBP/2022
2022-12-15,4.41,0.29,242/A/NBP/2022
2022-12-14,4.3973,-1.24,241/A/NBP/2022
2022-12-13,4.4527,0.23,240/A/NBP/2022
2022-12-12,4.4424,0.16,239/A/NBP/2022
2022-12-09,4.4351,-0.91,238/A/NBP/2022
2022-12-08,4.476,-0.17,237/A/NBP/2022
2022-12-07,4.4834,0.1,236/A/NBP/2022
2022-12-06,4.4787,0.84,235/A/NBP/2022
2022-12-05,4.4415,-0.17,234/A/NBP/2022
2022-12-02,4.4492,-0.93,233/A/NBP/2022
2022-12-01,4.4911,-0.34,232/A/NBP/2022
2022-11-30,4.5066,-0.22,231/A/NBP/2022
2022-11-29,4.5164,0.75,230/A/NBP/2022
2022-11-28,4.4827,-0.63,229/A/NBP/2022
2022-11-25,4.5111,0.02,228/A/NBP/2022
2022-11-24,4.5101,-0.83,227/A/NBP/2022
2022-11-23,4.548,-0.79,226/A/NBP/2022
2022-11-22,4.5844,-0.32,225/A/NBP/2022
2022-11-21,4.5991,1.44,224/A/NBP/2022
2022-11-18,4.5337,-0.11,223/A/NBP/2022
2022-11-17,4.5387,0.75,222/A/NBP/2022
2022-11-16,4.505,-0.21,221/A/NBP/2022
2022-11-15,4.5143,-0.53,220/A/NBP/2022
2022-11-14,4.5383,-4.11,219/A/NBP/2022
2022-11-10,4.7328,1.09,218/A/NBP/2022
2022-11-09,4.6817,-0.16,217/A/NBP/2022
2022-11-08,4.6893,-0.07,216/A/NBP/2022
2022-11-07,4.6926,-2.19,215/A/NBP/2022
2022-11-04,4.7975,-0.65,214/A/NBP/2022
2022-11-03,4.8291,1.7,213/A/NBP/2022
2022-11-02,4.7485,0.31,212/A/NBP/2022
2022-10-31,4.734,-0.29,211/A/NBP/2022
2022-10-28,4.7477,0.55,210/A/NBP/2022
2022-10-27,4.7216,-0.68,209/A/NBP/2022
2022-10-26,4.7538,-1.98,208/A/NBP/2022
2022-10-25,4.8499,-0.35,207/A/NBP/2022
2022-10-24,4.8669,-0.68,206/A/NBP/2022
2022-10-21,4.9,-0.05,205/A/NBP/2022
2022-10-20,4.9024,0.27,204/A/NBP/2022
2022-10-19,4.8892,-0.08,203/A/NBP/2022
2022-10-18,4.8929,-1.2,202/A/NBP/2022
2022-10-17,4.9522,-0.09,201/A/NBP/2022
2022-10-14,4.9569,-0.67,200/A/NBP/2022
2022-10-13,4.9905,-0.22,199/A/NBP/2022
2022-10-12,5.0014,-0.31,198/A/NBP/2022
2022-10-11,5.0171,-0.14,197/A/NBP/2022
2022-10-10,5.0239,1.31,196/A/NBP/2022
2022-10-07,4.9588,1.22,195/A/NBP/2022
2022-10-06,4.8989,1.26,194/A/NBP/2022
2022-10-05,4.838,-0.48,193/A/NBP/2022
2022-10-04,4.8615,-1.2,192/A/NBP/2022
2022-10-03,4.9207,-0.66,191/A/NBP/2022
2022-09-30,4.9533,-1.58,190/A/NBP/2022
2022-09-29,5.0328,-0.11,189/A/NBP/2022
2022-09-28,5.0381,1.83,188/A/NBP/2022
2022-09-27,4.9476,0.74,187/A/NBP/2022
2022-09-26,4.9113,0.65,186/A/NBP/2022
2022-09-23,4.8796,0.94,185/A/NBP/2022
2022-09-22,4.8343,0.88,184/A/NBP/2022
2022-09-21,4.7919,1.7,183/A/NBP/2022
2022-09-20,4.7118,-0.29,182/A/NBP/2022
2022-09-19,4.7255,-0.27,181/A/NBP/2022
2022-09-16,4.7384,0.39,180/A/NBP/2022
2022-09-15,4.7202,-0.07,179/A/NBP/2022
2022-09-14,4.7233,1.88,178/A/NBP/2022
2022-09-13,4.6363,0.3,177/A/NBP/2022
2022-09-12,4.6225,-0.8,176/A/NBP/2022
2022-09-09,4.6599,-1.42,175/A/NBP/2022
2022-09-08,4.7268,-0.66,174/A/NBP/2022
2022-09-07,4.7584,0.46,173/A/NBP/2022
2022-09-06,4.7367,-0.68,172/A/NBP/2022
2022-09-05,4.769,0.88,171/A/NBP/2022
2022-09-02,4.7276,0.68,170/A/NBP/2022
2022-09-01,4.6959,-0.85,169/A/NBP/2022
2022-08-31,4.736,0.32,168/A/NBP/2022
2022-08-30,4.721,-1.28,167/A/NBP/2022
2022-08-29,4.7821,0.75,166/A/NBP/2022
2022-08-26,4.7465,-0.17,165/A/NBP/2022
2022-08-25,4.7546,-1.01,164/A/NBP/2022
2022-08-24,4.8029,0,163/A/NBP/2022
2022-08-23,4.803,1.27,162/A/NBP/2022
2022-08-22,4.7427,0.78,161/A/NBP/2022
2022-08-19,4.7061,1.28,160/A/NBP/2022
2022-08-18,4.6468,0.76,159/A/NBP/2022
2022-08-17,4.6119,-0.35,158/A/NBP/2022
2022-08-16,4.6282,1.81,157/A/NBP/2022
2022-08-12,4.5459,0.56,156/A/NBP/2022
2022-08-11,4.5206,-1.96,155/A/NBP/2022
2022-08-10,4.6112,0.42,154/A/NBP/2022
2022-08-09,4.5919,-0.45,153/A/NBP/2022
2022-08-08,4.6127,0.22,152/A/NBP/2022
2022-08-05,4.6024,-0.68,151/A/NBP/2022
2022-08-04,4.634,0.38,150/A/NBP/2022
2022-08-03,4.6164,0.39,149/A/NBP/2022
2022-08-02,4.5984,-0.66,148/A/NBP/2022
2022-08-01,4.629,-0.16,147/A/NBP/2022
2022-07-29,4.6365,-1.25,146/A/NBP/2022
2022-07-28,4.6952,-0.4,145/A/NBP/2022
2022-07-27,4.7142,1.99,144/A/NBP/2022
2022-07-26,4.6222,0.11,143/A/NBP/2022
2022-07-25,4.6171,-1.6,142/A/NBP/2022
2022-07-22,4.692,0.51,141/A/NBP/2022
2022-07-21,4.6682,0.34,140/A/NBP/2022
2022-07-20,4.6524,-0.15,139/A/NBP/2022
2022-07-19,4.6594,-1.18,138/A/NBP/2022
2022-07-18,4.7152,-1.7,137/A/NBP/2022
2022-07-15,4.7966,-0.64,136/A/NBP/2022
2022-07-14,4.8274,0.11,135/A/NBP/2022
2022-07-13,4.8221,-0.13,134/A/NBP/2022
2022-07-12,4.8284,1.83,133/A/NBP/2022
2022-07-11,4.7416,0,132/A/NBP/2022
2022-07-08,4.7417,0.82,131/A/NBP/2022
2022-07-07,4.7029,0.5,130/A/NBP/2022
2022-07-06,4.6796,1.85,129/A/NBP/2022
2022-07-05,4.5947,2.03,128/A/NBP/2022
2022-07-04,4.5032,-0.16,127/A/NBP/2022
2022-07-01,4.5106,0.63,126/A/NBP/2022
2022-06-30,4.4825,0.66,125/A/NBP/2022
2022-06-29,4.4533,0.35,124/A/NBP/2022
2022-06-28,4.4377,0.02,123/A/NBP/2022
2022-06-27,4.4369,-0.64,122/A/NBP/2022
2022-06-24,4.4656,-0.5,121/A/NBP/2022
2022-06-23,4.4881,1.22,120/A/NBP/2022
2022-06-22,4.4338,0.96,119/A/NBP/2022
2022-06-21,4.3917,-1.09,118/A/NBP/2022
2022-06-20,4.44,-0.52,117/A/NBP/2022
2022-06-17,4.463,0.39,116/A/NBP/2022
2022-06-15,4.4455,-0.05,115/A/NBP/2022
2022-06-14,4.4478,0.61,114/A/NBP/2022
2022-06-13,4.4209,1.95,113/A/NBP/2022
2022-06-10,4.3363,1.4,112/A/NBP/2022
2022-06-09,4.2764,-0.33,111/A/NBP/2022
2022-06-08,4.2904,-0.07,110/A/NBP/2022
2022-06-07,4.2935,-0.87,109/A/NBP/2022
2022-06-06,4.2675,-0.03,108/A/NBP/2022
2022-06-03,4.2689,-0.56,107/A/NBP/2022
2022-06-02,4.2931,0.27,106/A/NBP/2022
2022-06-01,4.2817,0.39,105/A/NBP/2022
2022-05-31,4.2651,0.08,104/A/NBP/2022
2022-05-30,4.2617,-0.81,103/A/NBP/2022
2022-05-27,4.2966,-0.52,102/A/NBP/2022
2022-05-26,4.3189,0.28,101/A/NBP/2022
2022-05-25,4.3069,0,100/A/NBP/2022
2022-05-24,4.3071,-1.74,099/A/NBP/2022
2022-05-23,4.3369,-1.01,098/A/NBP/2022
2022-05-20,4.3832,-0.9,097/A/NBP/2022
2022-05-19,4.4231,-0.11,096/A/NBP/2022
2022-05-18,4.4279,-0.23,095/A/NBP/2022
2022-05-17,4.4379,-0.91,094/A/NBP/2022
2022-05-16,4.4785,-0.14,093/A/NBP/2022
2022-05-13,4.4849,-0.03,092/A/NBP/2022
2022-05-12,4.4863,1.52,091/A/NBP/2022
2022-05-11,4.419,-0.07,090/A/NBP/2022
2022-05-10,4.4223,-1.25,089/A/NBP/2022
2022-05-09,4.4784,0.63,088/A/NBP/2022
2022-05-06,4.4502,1.1,087/A/NBP/2022
2022-05-05,4.4017,-0.99,086/A/NBP/2022
2022-05-04,4.4456,0,085/A/NBP/2022
2022-05-02,4.4454,0.87,084/A/NBP/2022
2022-04-29,4.4072,-1.21,083/A/NBP/2022
2022-04-28,4.4613,0.36,082/A/NBP/2022
2022-04-27,4.4453,2.26,081/A/NBP/2022
2022-04-26,4.3469,0.65,080/A/NBP/2022
2022-04-25,4.3188,0.59,079/A/NBP/2022
2022-04-22,4.2935,0.8,078/A/NBP/2022
2022-04-21,4.2596,-0.26,077/A/NBP/2022
2022-04-20,4.2708,-0.42,076/A/NBP/2022
2022-04-19,4.2887,0.05,075/A/NBP/2022
2022-04-15,4.2865,0.67,074/A/NBP/2022
2022-04-14,4.2581,-0.68,073/A/NBP/2022
2022-04-13,4.2872,-0.13,072/A/NBP/2022
2022-04-12,4.2926,0.8,071/A/NBP/2022
2022-04-11,4.2586,-0.27,070/A/NBP/2022
2022-04-08,4.2703,-0.06,069/A/NBP/2022
2022-04-07,4.2727,0.28,068/A/NBP/2022
2022-04-06,4.2606,0.88,067/A/NBP/2022
2022-04-05,4.2233,0.38,066/A/NBP/2022
2022-04-04,4.2073,0.23,065/A/NBP/2022
2022-04-01,4.1978,0.42,064/A/NBP/2022
2022-03-31,4.1801,0.27,063/A/NBP/2022
2022-03-30,4.1688,-2.86,062/A/NBP/2022
2022-03-29,4.2917,0.31,061/A/NBP/2022
2022-03-28,4.2784,-0.79,060/A/NBP/2022
2022-03-25,4.3125,0.83,059/A/NBP/2022
2022-03-24,4.331,-0.14,058/A/NBP/2022
2022-03-23,4.2772,0.12,057/A/NBP/2022
2022-03-22,4.272,0.65,056/A/NBP/2022
2022-03-21,4.2444,-0.62,055/A/NBP/2022
2022-03-18,4.2707,0.72,054/A/NBP/2022
2022-03-17,4.2403,-0.99,053/A/NBP/2022
2022-03-16,4.2828,-0.38,052/A/NBP/2022
2022-03-15,4.2992,-0.53,051/A/NBP/2022
2022-03-14,4.3221,-1.08,050/A/NBP/2022
2022-03-11,4.3694,0.49,049/A/NBP/2022
2022-03-10,4.3482,-1.51,048/A/NBP/2022
2022-03-09,4.4147,-2.15,047/A/NBP/2022
2022-03-08,4.5115,-1.33,046/A/NBP/2022
2022-03-07,4.5722,4.13,045/A/NBP/2022
2022-03-04,4.391,1.51,044/A/NBP/2022
2022-03-03,4.3257,-0.1,043/A/NBP/2022
2022-03-02,4.3302,2.63,042/A/NBP/2022
2022-03-01,4.2193,0.54,041/A/NBP/2022
2022-02-28,4.1965,0.68,040/A/NBP/2022
2022-02-25,4.1683,0.97,039/A/NBP/2022
2022-02-24,4.1281,3.37,038/A/NBP/2022
2022-02-23,3.9937,-0.46,037/A/NBP/2022
2022-02-22,4.012,0.88,036/A/NBP/2022
2022-02-21,3.9769,-0.07,035/A/NBP/2022
2022-02-18,3.9798,0.28,034/A/NBP/2022
2022-02-17,3.9687,0.53,033/A/NBP/2022
2022-02-16,3.9478,-0.66,032/A/NBP/2022
2022-02-15,3.974,-1.73,031/A/NBP/2022
2022-02-14,4.0439,1.95,030/A/NBP/2022
2022-02-11,3.9665,1.14,029/A/NBP/2022
2022-02-10,3.9218,-0.79,028/A/NBP/2022
2022-02-09,3.953,-0.41,027/A/NBP/2022
2022-02-08,3.9693,-0.45,026/A/NBP/2022
2022-02-07,3.9872,0.54,025/A/NBP/2022
2022-02-04,3.9657,-1.51,024/A/NBP/2022
2022-02-03,4.0267,-0.04,023/A/NBP/2022
2022-02-02,4.0283,-1,022/A/NBP/2022
2022-02-01,4.0689,-1.11,021/A/NBP/2022
2022-01-31,4.1147,0.24,020/A/NBP/2022
2022-01-28,4.1048,0.53,019/A/NBP/2022
2022-01-27,4.083,0.36,018/A/NBP/2022
2022-01-26,4.0684,0.22,017/A/NBP/2022
2022-01-25,4.0593,1.36,016/A/NBP/2022
2022-01-24,4.0049,0.24,015/A/NBP/2022
2022-01-21,3.9953,0.3,014/A/NBP/2022
2022-01-20,3.9833,-0.24,013/A/NBP/2022
2022-01-19,3.993,0.49,012/A/NBP/2022
2022-01-18,3.9734,0.42,011/A/NBP/2022
2022-01-17,3.9567,-0.08,010/A/NBP/2022
2022-01-14,3.9597,0.34,009/A/NBP/2022
2022-01-13,3.9463,-1.04,008/A/NBP/2022
2022-01-12,3.9879,-0.57,007/A/NBP/2022
2022-01-11,4.0106,0.1,006/A/NBP/2022
2022-01-10,4.0064,-0.53,005/A/NBP/2022
2022-01-07,4.0279,-0.29,004/A/NBP/2022
2022-01-05,4.0396,-0.18,003/A/NBP/2022
2022-01-04,4.0468,0.11,002/A/NBP/2022
2022-01-03,4.0424,-0.43,001/A/NBP/2022
2021-12-31,4.06,-0.08,254/A/NBP/2021
2021-12-30,4.0631,-0.36,253/A/NBP/2021
2021-12-29,4.0779,0.39,252/A/NBP/2021
2021-12-28,4.062,-0.66,251/A/NBP/2021
2021-12-27,4.0889,0.26,250/A/NBP/2021
2021-12-24,4.0785,-0.4,249/A/NBP/2021
2021-12-23,4.095,-0.08,248/A/NBP/2021
2021-12-22,4.0984,0.11,247/A/NBP/2021
2021-12-21,4.0937,-0.59,246/A/NBP/2021
2021-12-20,4.1182,0.73,245/A/NBP/2021
2021-12-17,4.0882,-0.14,244/A/NBP/2021
2021-12-16,4.0938,-0.15,243/A/NBP/2021
2021-12-15,4.0999,-0.22,242/A/NBP/2021
2021-12-14,4.1088,0.21,241/A/NBP/2021
2021-12-13,4.1003,0.28,240/A/NBP/2021
2021-12-10,4.0887,0.12,239/A/NBP/2021
2021-12-09,4.0837,0.31,238/A/NBP/2021
2021-12-08,4.071,-0.19,237/A/NBP/2021
2021-12-07,4.0788,0.42,236/A/NBP/2021
2021-12-06,4.0619,-0.08,235/A/NBP/2021
2021-12-03,4.0653,0.07,234/A/NBP/2021
2021-12-02,4.0625,-1.04,233/A/NBP/2021
2021-12-01,4.1051,-0.4,232/A/NBP/2021
2021-11-30,4.1214,-0.99,231/A/NBP/2021
2021-11-29,4.1627,-0.3,230/A/NBP/2021
2021-11-26,4.1754,0.37,229/A/NBP/2021
2021-11-25,4.16,-0.39,228/A/NBP/2021
2021-11-24,4.1764,-0.31,227/A/NBP/2021
2021-11-23,4.1893,0.09,226/A/NBP/2021
2021-11-22,4.1855,0.96,225/A/NBP/2021
2021-11-19,4.1457,0.83,224/A/NBP/2021
2021-11-18,4.1114,-0.22,223/A/NBP/2021
2021-11-17,4.1204,0.35,222/A/NBP/2021
2021-11-16,4.1061,1.39,221/A/NBP/2021
2021-11-15,4.0497,-0.15,220/A/NBP/2021
2021-11-12,4.0559,2.07,219/A/NBP/2021
2021-11-10,3.9737,0.29,218/A/NBP/2021
2021-11-09,3.9622,-0.31,217/A/NBP/2021
2021-11-08,3.9747,-0.41,216/A/NBP/2021
2021-11-05,3.9911,0.26,215/A/NBP/2021
2021-11-04,3.9807,0.32,214/A/NBP/2021
2021-11-03,3.9681,-0.23,213/A/NBP/2021
2021-11-02,3.9772,0.27,212/A/NBP/2021
2021-10-29,3.9664,-0.69,211/A/NBP/2021
2021-10-28,3.9938,0.31,210/A/NBP/2021
2021-10-27,3.9815,0.19,209/A/NBP/2021
2021-10-26,3.974,0.6,208/A/NBP/2021
2021-10-25,3.9502,-0.19,207/A/NBP/2021
2021-10-22,3.9576,0.32,206/A/NBP/2021
2021-10-21,3.9449,0.05,205/A/NBP/2021
2021-10-20,3.9428,0.55,204/A/NBP/2021
2021-10-19,3.9212,-0.66,203/A/NBP/2021
2021-10-18,3.9471,0.15,202/A/NBP/2021
2021-10-15,3.9413,0.03,201/A/NBP/2021
2021-10-14,3.9403,-0.59,200/A/NBP/2021
2021-10-13,3.9638,-0.07,199/A/NBP/2021
2021-10-12,3.9664,-0.5,198/A/NBP/2021
2021-10-11,3.9862,0.22,197/A/NBP/2021
2021-10-08,3.9775,1.12,196/A/NBP/2021
2021-10-07,3.9334,-1.65,195/A/NBP/2021
2021-10-06,3.9992,0.77,194/A/NBP/2021
2021-10-05,3.9688,0.81,193/A/NBP/2021
2021-10-04,3.9368,-0.78,192/A/NBP/2021
2021-10-01,3.9678,-0.62,191/A/NBP/2021
2021-09-30,3.9925,0.61,190/A/NBP/2021
2021-09-29,3.9684,0.35,189/A/NBP/2021
2021-09-28,3.9546,0.69,188/A/NBP/2021
2021-09-27,3.9276,0.02,187/A/NBP/2021
2021-09-24,3.9268,0.03,186/A/NBP/2021
2021-09-23,3.9256,-0.52,185/A/NBP/2021
2021-09-22,3.946,0.31,184/A/NBP/2021
2021-09-21,3.9337,0.14,183/A/NBP/2021
2021-09-20,3.9282,1.03,182/A/NBP/2021
2021-09-17,3.8882,0.09,181/A/NBP/2021
2021-09-16,3.8847,0.97,180/A/NBP/2021
2021-09-15,3.8475,-0.17,179/A/NBP/2021
2021-09-14,3.8542,0.12,178/A/NBP/2021
2021-09-13,3.8495,0.24,177/A/NBP/2021
2021-09-10,3.8402,0.29,176/A/NBP/2021
2021-09-09,3.8292,0.21,175/A/NBP/2021
2021-09-08,3.8213,0.45,174/A/NBP/2021
2021-09-07,3.8041,0,173/A/NBP/2021
2021-09-06,3.8041,0.11,172/A/NBP/2021
2021-09-03,3.7998,-0.12,171/A/NBP/2021
2021-09-02,3.8044,-0.51,170/A/NBP/2021
2021-09-01,3.8238,-0.39,169/A/NBP/2021
2021-08-31,3.8386,-0.87,168/A/NBP/2021
2021-08-30,3.8724,-0.65,167/A/NBP/2021
2021-08-27,3.8978,0.17,166/A/NBP/2021
2021-08-26,3.8912,0.11,165/A/NBP/2021
2021-08-25,3.8869,-0.56,164/A/NBP/2021
2021-08-24,3.9086,-0.05,163/A/NBP/2021
2021-08-23,3.9107,-0.49,162/A/NBP/2021
2021-08-20,3.9301,0.19,161/A/NBP/2021
2021-08-19,3.9226,0.94,160/A/NBP/2021
2021-08-18,3.8861,0.16,159/A/NBP/2021
2021-08-17,3.8797,0.17,158/A/NBP/2021
2021-08-16,3.873,-0.52,157/A/NBP/2021
2021-08-13,3.8934,-0.36,156/A/NBP/2021
2021-08-12,3.9074,-0.19,155/A/NBP/2021
2021-08-11,3.9148,0.54,154/A/NBP/2021
2021-08-10,3.8937,0.13,153/A/NBP/2021
2021-08-09,3.8885,0.95,152/A/NBP/2021
2021-08-06,3.8519,0.09,151/A/NBP/2021
2021-08-05,3.8485,0.31,150/A/NBP/2021
2021-08-04,3.8366,0.13,149/A/NBP/2021
2021-08-03,3.8315,-0.16,148/A/NBP/2021
2021-08-02,3.8377,-0.09,147/A/NBP/2021
2021-07-30,3.841,-0.54,146/A/NBP/2021
2021-07-29,3.8617,-0.6,145/A/NBP/2021
2021-07-28,3.8849,-0.43,144/A/NBP/2021
2021-07-27,3.9017,0.26,143/A/NBP/2021
2021-07-26,3.8915,0.16,142/A/NBP/2021
2021-07-23,3.8851,0.13,141/A/NBP/2021
2021-07-22,3.8801,-0.6,140/A/NBP/2021
2021-07-21,3.9035,0.06,139/A/NBP/2021
2021-07-20,3.9012,0.11,138/A/NBP/2021
2021-07-19,3.8968,0.41,137/A/NBP/2021
2021-07-16,3.8808,0.46,136/A/NBP/2021
2021-07-15,3.8629,-0.84,135/A/NBP/2021
2021-07-14,3.8955,1.1,134/A/NBP/2021
2021-07-13,3.8533,0.4,133/A/NBP/2021
2021-07-12,3.8378,-0.13,132/A/NBP/2021
2021-07-09,3.8427,0.05,131/A/NBP/2021
2021-07-08,3.8408,0.48,130/A/NBP/2021
2021-07-07,3.8225,0.54,129/A/NBP/2021
2021-07-06,3.8021,0.11,128/A/NBP/2021
2021-07-05,3.7979,-0.74,127/A/NBP/2021
2021-07-02,3.8263,0.3,126/A/NBP/2021
2021-07-01,3.8149,0.3,125/A/NBP/2021
2021-06-30,3.8035,0.32,124/A/NBP/2021
2021-06-29,3.7914,0.4,123/A/NBP/2021
2021-06-28,3.7762,0.03,122/A/NBP/2021
2021-06-25,3.7749,-0.62,121/A/NBP/2021
2021-06-24,3.7986,0.29,120/A/NBP/2021
2021-06-23,3.7878,-0.67,119/A/NBP/2021
2021-06-22,3.8132,-0.21,118/A/NBP/2021
2021-06-21,3.8214,0.04,117/A/NBP/2021
2021-06-18,3.8198,0.7,116/A/NBP/2021
2021-06-17,3.7931,1.59,115/A/NBP/2021
2021-06-16,3.7336,-0.03,114/A/NBP/2021
2021-06-15,3.7349,0.44,113/A/NBP/2021
2021-06-14,3.7185,1.16,112/A/NBP/2021
2021-06-11,3.6759,-0.17,111/A/NBP/2021
2021-06-10,3.6821,0.76,110/A/NBP/2021
2021-06-09,3.6545,-0.4,109/A/NBP/2021
2021-06-08,3.669,0.09,108/A/NBP/2021
2021-06-07,3.6656,-0.74,107/A/NBP/2021
2021-06-04,3.6931,0.74,106/A/NBP/2021
2021-06-02,3.6659,0.19,105/A/NBP/2021
2021-06-01,3.659,-0.36,104/A/NBP/2021
2021-05-31,3.6724,-0.11,103/A/NBP/2021
2021-05-28,3.6766,-0.44,102/A/NBP/2021
2021-05-27,3.6929,0.65,101/A/NBP/2021
2021-05-26,3.6691,0.39,100/A/NBP/2021
2021-05-25,3.6549,-0.67,099/A/NBP/2021
2021-05-24,3.6795,0.05,098/A/NBP/2021
2021-05-21,3.6778,-0.81,097/A/NBP/2021
2021-05-20,3.7077,-0.03,096/A/NBP/2021
2021-05-19,3.7087,0.1,095/A/NBP/2021
2021-05-18,3.705,-0.64,094/A/NBP/2021
2021-05-17,3.7288,-0.23,093/A/NBP/2021
2021-05-14,3.7374,-0.8,092/A/NBP/2021
2021-05-13,3.7675,0.58,091/A/NBP/2021
2021-05-12,3.7456,-0.15,090/A/NBP/2021
2021-05-11,3.7514,0.06,089/A/NBP/2021
2021-05-10,3.7493,-0.97,088/A/NBP/2021
2021-05-07,3.7861,-0.54,087/A/NBP/2021
2021-05-06,3.8066,-0.18,086/A/NBP/2021
2021-05-05,3.8136,0.52,085/A/NBP/2021
2021-05-04,3.794,0.51,084/A/NBP/2021
2021-04-30,3.7746,-0.11,083/A/NBP/2021
2021-04-29,3.7786,-0.4,082/A/NBP/2021
2021-04-28,3.7939,0.3,081/A/NBP/2021
2021-04-27,3.7826,0.45,080/A/NBP/2021
2021-04-26,3.7657,-0.52,079/A/NBP/2021
2021-04-23,3.7855,-0.08,078/A/NBP/2021
2021-04-22,3.7885,-0.17,077/A/NBP/2021
2021-04-21,3.795,0.56,076/A/NBP/2021
2021-04-20,3.7737,-0.21,075/A/NBP/2021
2021-04-19,3.7816,-0.43,074/A/NBP/2021
2021-04-16,3.7978,-0.09,073/A/NBP/2021
2021-04-15,3.8014,-0.13,072/A/NBP/2021
2021-04-14,3.8065,-0.72,071/A/NBP/2021
2021-04-13,3.8342,0.52,070/A/NBP/2021
2021-04-12,3.8144,-0.17,069/A/NBP/2021
2021-04-09,3.8208,-0.41,068/A/NBP/2021
2021-04-08,3.8365,-0.64,067/A/NBP/2021
2021-04-07,3.8611,-0.93,066/A/NBP/2021
2021-04-06,3.8973,-0.03,065/A/NBP/2021
2021-04-02,3.8986,-1.12,064/A/NBP/2021
2021-04-01,3.9428,-0.63,063/A/NBP/2021
2021-03-31,3.9676,0.18,062/A/NBP/2021
2021-03-30,3.9604,0.09,061/A/NBP/2021
2021-03-29,3.957,0.67,060/A/NBP/2021
2021-03-26,3.9307,0.14,059/A/NBP/2021
2021-03-25,3.9253,0.4,058/A/NBP/2021
2021-03-24,3.9098,0.91,057/A/NBP/2021
2021-03-23,3.8746,-0.06,056/A/NBP/2021
2021-03-22,3.8768,-0.25,055/A/NBP/2021
2021-03-19,3.8865,0.41,054/A/NBP/2021
2021-03-18,3.8705,0.08,053/A/NBP/2021
2021-03-17,3.8676,0.41,052/A/NBP/2021
2021-03-16,3.8519,0.23,051/A/NBP/2021
2021-03-15,3.8429,-0.24,050/A/NBP/2021
2021-03-12,3.8521,0.61,049/A/NBP/2021
2021-03-11,3.8287,-0.35,048/A/NBP/2021
2021-03-10,3.842,-0.23,047/A/NBP/2021
2021-03-09,3.8507,-0.41,046/A/NBP/2021
2021-03-08,3.8665,0.71,045/A/NBP/2021
2021-03-05,3.8393,1.43,044/A/NBP/2021
2021-03-04,3.7851,0.91,043/A/NBP/2021
2021-03-03,3.7509,-0.68,042/A/NBP/2021
2021-03-02,3.7765,0.51,041/A/NBP/2021
2021-03-01,3.7572,0.87,040/A/NBP/2021
2021-02-26,3.7247,0.82,039/A/NBP/2021
2021-02-25,3.6943,-0.54,038/A/NBP/2021
2021-02-24,3.7145,0.08,037/A/NBP/2021
2021-02-23,3.7117,-0.05,036/A/NBP/2021
2021-02-22,3.7135,0.37,035/A/NBP/2021
2021-02-19,3.6997,-0.42,034/A/NBP/2021
2021-02-18,3.7152,-0.36,033/A/NBP/2021
2021-02-17,3.7287,0.94,032/A/NBP/2021
2021-02-16,3.694,-0.02,031/A/NBP/2021
2021-02-15,3.6949,-0.64,030/A/NBP/2021
2021-02-12,3.7186,0.19,029/A/NBP/2021
2021-02-11,3.7117,0.39,028/A/NBP/2021
2021-02-10,3.6973,0,027/A/NBP/2021
2021-02-09,3.6972,-0.88,026/A/NBP/2021
2021-02-08,3.7301,-0.67,025/A/NBP/2021
2021-02-05,3.7554,0.12,024/A/NBP/2021
2021-02-04,3.7509,0.42,023/A/NBP/2021
2021-02-03,3.7352,0.11,022/A/NBP/2021
2021-02-02,3.7311,-0.03,021/A/NBP/2021
2021-02-01,3.7323,-0.37,020/A/NBP/2021
2021-01-29,3.746,-0.28,019/A/NBP/2021
2021-01-28,3.7566,0.16,018/A/NBP/2021
2021-01-27,3.7507,-0.01,017/A/NBP/2021
2021-01-26,3.7512,0.29,016/A/NBP/2021
2021-01-25,3.7402,0.39,015/A/NBP/2021
2021-01-22,3.7255,-0.15,014/A/NBP/2021
2021-01-21,3.7312,0.02,013/A/NBP/2021
2021-01-20,3.7303,-0.3,012/A/NBP/2021
2021-01-19,3.7416,-0.75,011/A/NBP/2021
2021-01-18,3.7699,0.62,010/A/NBP/2021
2021-01-15,3.7466,0.38,009/A/NBP/2021
2021-01-14,3.7323,0.49,008/A/NBP/2021
2021-01-13,3.7142,-0.12,007/A/NBP/2021
2021-01-12,3.7188,-0.22,006/A/NBP/2021
2021-01-11,3.7271,0.95,005/A/NBP/2021
2021-01-08,3.6919,0.72,004/A/NBP/2021
2021-01-07,3.6656,-1.01,003/A/NBP/2021
2021-01-05,3.7031,0.09,002/A/NBP/2021
2021-01-04,3.6998,-1.56,001/A/NBP/2021
2020-12-31,3.7584,1.85,255/A/NBP/2020
2020-12-30,3.6901,0.33,254/A/NBP/2020
2020-12-29,3.6778,0.38,253/A/NBP/2020
2020-12-28,3.6639,-0.92,252/A/NBP/2020
2020-12-24,3.6981,0.17,251/A/NBP/2020
2020-12-23,3.6919,-0.01,250/A/NBP/2020
2020-12-22,3.6921,-0.43,249/A/NBP/2020
2020-12-21,3.7082,2.09,248/A/NBP/2020
2020-12-18,3.6322,0.19,247/A/NBP/2020
2020-12-17,3.6254,-0.22,246/A/NBP/2020
2020-12-16,3.6334,-0.6,245/A/NBP/2020
2020-12-15,3.6554,0.02,244/A/NBP/2020
2020-12-14,3.6548,-0.22,243/A/NBP/2020
2020-12-11,3.663,0.15,242/A/NBP/2020
2020-12-10,3.6574,-0.23,241/A/NBP/2020
2020-12-09,3.6657,-0.7,240/A/NBP/2020
2020-12-08,3.6914,-0.24,239/A/NBP/2020
2020-12-07,3.7001,0.64,238/A/NBP/2020
2020-12-04,3.6765,-0.58,237/A/NBP/2020
2020-12-03,3.6981,-0.15,236/A/NBP/2020
2020-12-02,3.7038,-0.88,235/A/NBP/2020
2020-12-01,3.7367,0.01,234/A/NBP/2020
2020-11-30,3.7364,-0.66,233/A/NBP/2020
2020-11-27,3.7614,0.07,232/A/NBP/2020
2020-11-26,3.7586,0.08,231/A/NBP/2020
2020-11-25,3.7556,-0.18,230/A/NBP/2020
2020-11-24,3.7625,0.02,229/A/NBP/2020
2020-11-23,3.7616,-0.16,228/A/NBP/2020
2020-11-20,3.7677,-0.51,227/A/NBP/2020
2020-11-19,3.7872,0.67,226/A/NBP/2020
2020-11-18,3.7621,-0.68,225/A/NBP/2020
2020-11-17,3.7877,0.25,224/A/NBP/2020
2020-11-16,3.7782,-0.61,223/A/NBP/2020
2020-11-13,3.8015,0.05,222/A/NBP/2020
2020-11-12,3.7995,-0.45,221/A/NBP/2020
2020-11-10,3.8168,1.01,220/A/NBP/2020
2020-11-09,3.7787,-1.07,219/A/NBP/2020
2020-11-06,3.8194,-0.41,218/A/NBP/2020
2020-11-05,3.8353,-1.65,217/A/NBP/2020
2020-11-04,3.8996,-0.19,216/A/NBP/2020
2020-11-03,3.9069,-1.23,215/A/NBP/2020
2020-11-02,3.9557,-0.02,214/A/NBP/2020
2020-10-30,3.9563,0.15,213/A/NBP/2020
2020-10-29,3.9505,0.49,212/A/NBP/2020
2020-10-28,3.9313,1.17,211/A/NBP/2020
2020-10-27,3.886,0.26,210/A/NBP/2020
2020-10-26,3.8759,0.24,209/A/NBP/2020
2020-10-23,3.8665,-0.18,208/A/NBP/2020
2020-10-22,3.8734,0.07,207/A/NBP/2020
2020-10-21,3.8706,-0.57,206/A/NBP/2020
2020-10-20,3.8926,0.43,205/A/NBP/2020
2020-10-19,3.8761,-0.55,204/A/NBP/2020
2020-10-16,3.8976,0.19,203/A/NBP/2020
2020-10-15,3.8904,1.57,202/A/NBP/2020
2020-10-14,3.8301,0.97,201/A/NBP/2020
2020-10-13,3.7932,0.01,200/A/NBP/2020
2020-10-12,3.7927,0.04,199/A/NBP/2020
2020-10-09,3.7913,-0.69,198/A/NBP/2020
2020-10-08,3.8175,0.13,197/A/NBP/2020
2020-10-07,3.8126,-0.14,196/A/NBP/2020
2020-10-06,3.818,-0.19,195/A/NBP/2020
2020-10-05,3.8252,-0.3,194/A/NBP/2020
2020-10-02,3.8366,-0.38,193/A/NBP/2020
2020-10-01,3.8513,-0.38,192/A/NBP/2020
2020-09-30,3.8658,-1.45,191/A/NBP/2020
2020-09-29,3.9228,0.37,190/A/NBP/2020
2020-09-28,3.9083,0.17,189/A/NBP/2020
2020-09-25,3.9016,0.47,188/A/NBP/2020
2020-09-24,3.8833,1.13,187/A/NBP/2020
2020-09-23,3.8399,0.1,186/A/NBP/2020
2020-09-22,3.8359,1.04,185/A/NBP/2020
2020-09-21,3.7963,1.01,184/A/NBP/2020
2020-09-18,3.7585,-0.34,183/A/NBP/2020
2020-09-17,3.7713,0.5,182/A/NBP/2020
2020-09-16,3.7526,0.22,181/A/NBP/2020
2020-09-15,3.7445,-0.21,180/A/NBP/2020
2020-09-14,3.7522,-0.03,179/A/NBP/2020
2020-09-11,3.7534,-0.2,178/A/NBP/2020
2020-09-10,3.761,-0.69,177/A/NBP/2020
2020-09-09,3.7871,0.58,176/A/NBP/2020
2020-09-08,3.7652,-0.04,175/A/NBP/2020
2020-09-07,3.7666,0.35,174/A/NBP/2020
2020-09-04,3.7533,0.52,173/A/NBP/2020
2020-09-03,3.7337,0.39,172/A/NBP/2020
2020-09-02,3.7191,1.32,171/A/NBP/2020
2020-09-01,3.6707,-0.59,170/A/NBP/2020
2020-08-31,3.6924,-0.16,169/A/NBP/2020
2020-08-28,3.6983,-0.81,168/A/NBP/2020
2020-08-27,3.7286,0.05,167/A/NBP/2020
2020-08-26,3.7269,0.34,166/A/NBP/2020
2020-08-25,3.7144,-0.35,165/A/NBP/2020
2020-08-24,3.7273,0.29,164/A/NBP/2020
2020-08-21,3.7164,0,163/A/NBP/2020
2020-08-20,3.7164,1.18,162/A/NBP/2020
2020-08-19,3.6732,-0.44,161/A/NBP/2020
2020-08-18,3.6895,-0.49,160/A/NBP/2020
2020-08-17,3.7076,-0.41,159/A/NBP/2020
2020-08-14,3.7227,0.14,158/A/NBP/2020
2020-08-13,3.7176,-1.02,157/A/NBP/2020
2020-08-12,3.7558,0.45,156/A/NBP/2020
2020-08-11,3.739,-0.01,155/A/NBP/2020
2020-08-10,3.7393,0.24,154/A/NBP/2020
2020-08-07,3.7302,0.17,153/A/NBP/2020
2020-08-06,3.724,0.26,152/A/NBP/2020
2020-08-05,3.7143,-0.59,151/A/NBP/2020
2020-08-04,3.7364,-0.36,150/A/NBP/2020
2020-08-03,3.7499,0.9,149/A/NBP/2020
2020-07-31,3.7166,-1.02,148/A/NBP/2020
2020-07-30,3.7549,-0.16,147/A/NBP/2020
2020-07-29,3.761,0.21,146/A/NBP/2020
2020-07-28,3.7532,-0.29,145/A/NBP/2020
2020-07-27,3.7643,-1.01,144/A/NBP/2020
2020-07-24,3.8029,-0.08,143/A/NBP/2020
2020-07-23,3.806,-1.23,142/A/NBP/2020
2020-07-22,3.8534,-0.72,141/A/NBP/2020
2020-07-21,3.8812,-0.47,140/A/NBP/2020
2020-07-20,3.8997,-0.68,139/A/NBP/2020
2020-07-17,3.9263,-0.4,138/A/NBP/2020
2020-07-16,3.9422,0.78,137/A/NBP/2020
2020-07-15,3.9117,-1.14,136/A/NBP/2020
2020-07-14,3.957,0.02,135/A/NBP/2020
2020-07-13,3.9564,-0.21,134/A/NBP/2020
2020-07-10,3.9646,0.41,133/A/NBP/2020
2020-07-09,3.9486,-0.45,132/A/NBP/2020
2020-07-08,3.9666,-0.06,131/A/NBP/2020
2020-07-07,3.9689,0.26,130/A/NBP/2020
2020-07-06,3.9588,-0.44,129/A/NBP/2020
2020-07-03,3.9764,0.6,128/A/NBP/2020
2020-07-02,3.9528,-0.16,127/A/NBP/2020
2020-07-01,3.9591,-0.54,126/A/NBP/2020
2020-06-30,3.9806,0.38,125/A/NBP/2020
2020-06-29,3.9656,-0.1,124/A/NBP/2020
2020-06-26,3.9697,0.19,123/A/NBP/2020
2020-06-25,3.9623,0.58,122/A/NBP/2020
2020-06-24,3.9395,0.21,121/A/NBP/2020
2020-06-23,3.9311,-0.9,120/A/NBP/2020
2020-06-22,3.9667,-0.19,119/A/NBP/2020
2020-06-19,3.9741,0.38,118/A/NBP/2020
2020-06-18,3.9589,0.14,117/A/NBP/2020
2020-06-17,3.9532,1.21,116/A/NBP/2020
2020-06-16,3.9058,-0.9,115/A/NBP/2020
2020-06-15,3.9413,0.29,114/A/NBP/2020
2020-06-12,3.9299,0.3,113/A/NBP/2020
2020-06-10,3.918,-0.69,112/A/NBP/2020
2020-06-09,3.9453,0.65,111/A/NBP/2020
2020-06-08,3.9197,-0.05,110/A/NBP/2020
2020-06-05,3.9217,-0.9,109/A/NBP/2020
2020-06-04,3.9573,1.16,108/A/NBP/2020
2020-06-03,3.9121,-0.46,107/A/NBP/2020
2020-06-02,3.9303,-0.95,106/A/NBP/2020
2020-06-01,3.968,-0.88,105/A/NBP/2020
2020-05-29,4.0031,-0.53,104/A/NBP/2020
2020-05-28,4.0244,-0.64,103/A/NBP/2020
2020-05-27,4.0504,-0.93,102/A/NBP/2020
2020-05-26,4.0885,-1.31,101/A/NBP/2020
2020-05-25,4.1428,-0.18,100/A/NBP/2020
2020-05-22,4.1503,0.38,099/A/NBP/2020
2020-05-21,4.1346,-0.66,098/A/NBP/2020
2020-05-20,4.1619,-0.06,097/A/NBP/2020
2020-05-19,4.1645,-1.37,096/A/NBP/2020
2020-05-18,4.2224,0.21,095/A/NBP/2020
2020-05-15,4.2135,-0.32,094/A/NBP/2020
2020-05-14,4.2269,0.38,093/A/NBP/2020
2020-05-13,4.2111,0.04,092/A/NBP/2020
2020-05-12,4.2095,-0.07,091/A/NBP/2020
2020-05-11,4.2126,0.14,090/A/NBP/2020
2020-05-08,4.2065,-0.23,089/A/NBP/2020
2020-05-07,4.2162,0.33,088/A/NBP/2020
2020-05-06,4.2022,0.23,087/A/NBP/2020
2020-05-05,4.1927,0.67,086/A/NBP/2020
2020-05-04,4.1646,-0.2,085/A/NBP/2020
2020-04-30,4.1729,-0.19,084/A/NBP/2020
2020-04-29,4.1807,-0.08,083/A/NBP/2020
2020-04-28,4.184,0.35,082/A/NBP/2020
2020-04-27,4.1696,-1.06,081/A/NBP/2020
2020-04-24,4.2142,0.12,080/A/NBP/2020
2020-04-23,4.2093,0.86,079/A/NBP/2020
2020-04-22,4.1736,-0.1,078/A/NBP/2020
2020-04-21,4.1779,0.61,077/A/NBP/2020
2020-04-20,4.1525,-0.86,076/A/NBP/2020
2020-04-17,4.1886,0.61,075/A/NBP/2020
2020-04-16,4.1631,0.27,074/A/NBP/2020
2020-04-15,4.1519,-0.35,073/A/NBP/2020
2020-04-14,4.1666,0.24,072/A/NBP/2020
2020-04-10,4.1566,-0.43,071/A/NBP/2020
2020-04-09,4.1744,-0.14,070/A/NBP/2020
2020-04-08,4.1801,0.2,069/A/NBP/2020
2020-04-07,4.1717,-1.28,068/A/NBP/2020
2020-04-06,4.2257,-0.33,067/A/NBP/2020
2020-04-03,4.2396,1.14,066/A/NBP/2020
2020-04-02,4.1917,0.52,065/A/NBP/2020
2020-04-01,4.1701,0.57,064/A/NBP/2020
2020-03-31,4.1466,1.3,063/A/NBP/2020
2020-03-30,4.0933,-0.47,062/A/NBP/2020
2020-03-27,4.1127,-2.05,061/A/NBP/2020
2020-03-26,4.1988,-0.55,060/A/NBP/2020
2020-03-25,4.222,-0.47,059/A/NBP/2020
2020-03-24,4.2421,-0.55,058/A/NBP/2020
2020-03-23,4.2654,0.6,057/A/NBP/2020
2020-03-20,4.24,-0.05,056/A/NBP/2020
2020-03-19,4.2421,4.1,055/A/NBP/2020
2020-03-18,4.0749,0.71,054/A/NBP/2020
2020-03-17,4.046,3.13,053/A/NBP/2020
2020-03-16,3.9231,0.42,052/A/NBP/2020
2020-03-13,3.9067,1.1,051/A/NBP/2020
2020-03-12,3.8642,1.19,050/A/NBP/2020
2020-03-11,3.8186,0.34,049/A/NBP/2020
2020-03-10,3.8058,0.42,048/A/NBP/2020
2020-03-09,3.7899,-0.87,047/A/NBP/2020
2020-03-06,3.8231,-0.64,046/A/NBP/2020
2020-03-05,3.8479,-0.15,045/A/NBP/2020
2020-03-04,3.8536,-0.69,044/A/NBP/2020
2020-03-03,3.8804,-0.56,043/A/NBP/2020
2020-03-02,3.9023,-0.59,042/A/NBP/2020
2020-02-28,3.9255,-0.4,041/A/NBP/2020
2020-02-27,3.9413,-0.4,040/A/NBP/2020
2020-02-26,3.9573,-0.13,039/A/NBP/2020
2020-02-25,3.9624,-0.37,038/A/NBP/2020
2020-02-24,3.9772,0.38,037/A/NBP/2020
2020-02-21,3.9623,0,036/A/NBP/2020
2020-02-20,3.9621,0.16,035/A/NBP/2020
2020-02-19,3.9556,0.27,034/A/NBP/2020
2020-02-18,3.9448,0.66,033/A/NBP/2020
2020-02-17,3.9189,0.23,032/A/NBP/2020
2020-02-14,3.9098,-0.02,031/A/NBP/2020
2020-02-13,3.9104,0.24,030/A/NBP/2020
2020-02-12,3.901,-0.08,029/A/NBP/2020
2020-02-11,3.9041,0.12,028/A/NBP/2020
2020-02-10,3.8996,0.13,027/A/NBP/2020
2020-02-07,3.8947,0.71,026/A/NBP/2020
2020-02-06,3.8672,0.05,025/A/NBP/2020
2020-02-05,3.8654,-0.31,024/A/NBP/2020
2020-02-04,3.8773,-0.23,023/A/NBP/2020
2020-02-03,3.8864,-0.35,022/A/NBP/2020
2020-01-31,3.8999,0.37,021/A/NBP/2020
2020-01-30,3.8856,-0.04,020/A/NBP/2020
2020-01-29,3.8871,0.07,019/A/NBP/2020
2020-01-28,3.8844,0.31,018/A/NBP/2020
2020-01-27,3.8725,0.65,017/A/NBP/2020
2020-01-24,3.8475,0.44,016/A/NBP/2020
2020-01-23,3.8308,0.28,015/A/NBP/2020
2020-01-22,3.8202,-0.21,014/A/NBP/2020
2020-01-21,3.8284,0.02,013/A/NBP/2020
2020-01-20,3.8277,0.59,012/A/NBP/2020
2020-01-17,3.8053,0.22,011/A/NBP/2020
2020-01-16,3.7968,-0.06,010/A/NBP/2020
2020-01-15,3.7992,-0.07,009/A/NBP/2020
2020-01-14,3.8019,-0.22,008/A/NBP/2020
2020-01-13,3.8101,-0.45,007/A/NBP/2020
2020-01-10,3.8272,0.05,006/A/NBP/2020
2020-01-09,3.8251,0.34,005/A/NBP/2020
2020-01-08,3.8123,0.69,004/A/NBP/2020
2020-01-07,3.7861,-0.92,003/A/NBP/2020
2020-01-03,3.8213,0.56,002/A/NBP/2020
2020-01-02,3.8,0.06,001/A/NBP/2020
2019-12-31,3.7977,-0.13,251/A/NBP/2019
2019-12-30,3.8027,-0.62,250/A/NBP/2019
2019-12-27,3.8266,-0.57,249/A/NBP/2019
2019-12-24,3.8487,0.24,248/A/NBP/2019
2019-12-23,3.8394,0.22,247/A/NBP/2019
2019-12-20,3.8311,0.08,246/A/NBP/2019
2019-12-19,3.8281,-0.05,245/A/NBP/2019
2019-12-18,3.8302,0.24,244/A/NBP/2019
2019-12-17,3.8211,-0.26,243/A/NBP/2019
2019-12-16,3.8311,0.2,242/A/NBP/2019
2019-12-13,3.8234,-0.7,241/A/NBP/2019
2019-12-12,3.8505,-0.4,240/A/NBP/2019
2019-12-11,3.866,-0.13,239/A/NBP/2019
2019-12-10,3.8711,0.02,238/A/NBP/2019
2019-12-09,3.8704,0.53,237/A/NBP/2019
2019-12-06,3.85,-0.17,236/A/NBP/2019
2019-12-05,3.8566,-0.21,235/A/NBP/2019
2019-12-04,3.8647,-0.15,234/A/NBP/2019
2019-12-03,3.8706,-0.87,233/A/NBP/2019
2019-12-02,3.9047,-0.61,232/A/NBP/2019
2019-11-29,3.9288,0.09,231/A/NBP/2019
2019-11-28,3.9252,0.25,230/A/NBP/2019
2019-11-27,3.9154,0.29,229/A/NBP/2019
2019-11-26,3.9039,0.01,228/A/NBP/2019
2019-11-25,3.9036,0.47,227/A/NBP/2019
2019-11-22,3.8853,0.3,226/A/NBP/2019
2019-11-21,3.8737,-0.14,225/A/NBP/2019
2019-11-20,3.8792,0.02,224/A/NBP/2019
2019-11-19,3.8786,0.05,223/A/NBP/2019
2019-11-18,3.8767,-0.21,222/A/NBP/2019
2019-11-15,3.8848,-0.42,221/A/NBP/2019
2019-11-14,3.9011,0.28,220/A/NBP/2019
2019-11-13,3.8902,0.31,219/A/NBP/2019
2019-11-12,3.878,0.4,218/A/NBP/2019
2019-11-08,3.8625,0.32,217/A/NBP/2019
2019-11-07,3.8502,0.01,216/A/NBP/2019
2019-11-06,3.8497,0.49,215/A/NBP/2019
2019-11-05,3.8308,0.55,214/A/NBP/2019
2019-11-04,3.8099,-0.2,213/A/NBP/2019
2019-10-31,3.8174,-0.56,212/A/NBP/2019
2019-10-30,3.8388,-0.54,211/A/NBP/2019
2019-10-29,3.8598,0.18,210/A/NBP/2019
2019-10-28,3.8529,0.2,209/A/NBP/2019
2019-10-25,3.8452,0.01,208/A/NBP/2019
2019-10-24,3.8448,-0.06,207/A/NBP/2019
2019-10-23,3.8473,0.17,206/A/NBP/2019
2019-10-22,3.8408,0.26,205/A/NBP/2019
2019-10-21,3.8307,-0.51,204/A/NBP/2019
2019-10-18,3.8503,-0.35,203/A/NBP/2019
2019-10-17,3.8638,-0.76,202/A/NBP/2019
2019-10-16,3.8934,-0.05,201/A/NBP/2019
2019-10-15,3.8952,-0.02,200/A/NBP/2019
2019-10-14,3.8958,-0.48,199/A/NBP/2019
2019-10-11,3.9145,-0.21,198/A/NBP/2019
2019-10-10,3.9226,-0.4,197/A/NBP/2019
2019-10-09,3.9382,-0.06,196/A/NBP/2019
2019-10-08,3.9405,-0.24,195/A/NBP/2019
2019-10-07,3.9498,0.07,194/A/NBP/2019
2019-10-04,3.9469,-0.46,193/A/NBP/2019
2019-10-03,3.9652,-1.25,192/A/NBP/2019
2019-10-02,4.0152,0.01,191/A/NBP/2019
2019-10-01,4.0147,0.37,190/A/NBP/2019
2019-09-30,4,-0.38,189/A/NBP/2019
2019-09-27,4.0154,0.15,188/A/NBP/2019
2019-09-26,4.0092,0.59,187/A/NBP/2019
2019-09-25,3.9856,0.05,186/A/NBP/2019
2019-09-24,3.9838,-0.36,185/A/NBP/2019
2019-09-23,3.9983,1.69,184/A/NBP/2019
2019-09-20,3.9319,0.13,183/A/NBP/2019
2019-09-19,3.9267,-0.14,182/A/NBP/2019
2019-09-18,3.9322,-0.23,181/A/NBP/2019
2019-09-17,3.9412,0.76,180/A/NBP/2019
2019-09-16,3.9116,-0.01,179/A/NBP/2019
2019-09-13,3.912,-0.61,178/A/NBP/2019
2019-09-12,3.9362,0.1,177/A/NBP/2019
2019-09-11,3.9324,0.13,176/A/NBP/2019
2019-09-10,3.9273,-0.09,175/A/NBP/2019
2019-09-09,3.931,-0.01,174/A/NBP/2019
2019-09-06,3.9315,-0.04,173/A/NBP/2019
2019-09-05,3.933,-0.21,172/A/NBP/2019
2019-09-04,3.9414,-1.17,171/A/NBP/2019
2019-09-03,3.9882,0.16,170/A/NBP/2019
2019-09-02,3.9819,0.26,169/A/NBP/2019
2019-08-30,3.9717,0.33,168/A/NBP/2019
2019-08-29,3.9586,0.1,167/A/NBP/2019
2019-08-28,3.9548,0.61,166/A/NBP/2019
2019-08-27,3.9309,-0.07,165/A/NBP/2019
2019-08-26,3.9335,-0.09,164/A/NBP/2019
2019-08-23,3.9371,0.09,163/A/NBP/2019
2019-08-22,3.9337,0.32,162/A/NBP/2019
2019-08-21,3.921,-0.5,161/A/NBP/2019
2019-08-20,3.9408,0.53,160/A/NBP/2019
2019-08-19,3.9199,-0.21,159/A/NBP/2019
2019-08-16,3.9281,1.01,158/A/NBP/2019
2019-08-14,3.889,0.45,157/A/NBP/2019
2019-08-13,3.8714,0.01,156/A/NBP/2019
2019-08-12,3.8711,0.25,155/A/NBP/2019
2019-08-09,3.8613,0.19,154/A/NBP/2019
2019-08-08,3.8538,-0.15,153/A/NBP/2019
2019-08-07,3.8597,0.3,152/A/NBP/2019
2019-08-06,3.8482,-0.66,151/A/NBP/2019
2019-08-05,3.8739,-0.23,150/A/NBP/2019
2019-08-02,3.8829,-0.08,149/A/NBP/2019
2019-08-01,3.886,0.92,148/A/NBP/2019
2019-07-31,3.8504,0.03,147/A/NBP/2019
2019-07-30,3.8493,0.1,146/A/NBP/2019
2019-07-29,3.8453,0.41,145/A/NBP/2019
2019-07-26,3.8296,0.25,144/A/NBP/2019
2019-07-25,3.8199,-0.08,143/A/NBP/2019
2019-07-24,3.8229,0.61,142/A/NBP/2019
2019-07-23,3.7997,0.34,141/A/NBP/2019
2019-07-22,3.7869,0.04,140/A/NBP/2019
2019-07-19,3.7855,-0.21,139/A/NBP/2019
2019-07-18,3.7933,-0.28,138/A/NBP/2019
2019-07-17,3.8038,0.45,137/A/NBP/2019
2019-07-16,3.7867,0.03,136/A/NBP/2019
2019-07-15,3.7856,-0.09,135/A/NBP/2019
2019-07-12,3.7889,0.08,134/A/NBP/2019
2019-07-11,3.7859,-0.54,133/A/NBP/2019
2019-07-10,3.8066,-0.02,132/A/NBP/2019
2019-07-09,3.8074,0.57,131/A/NBP/2019
2019-07-08,3.7857,0.45,130/A/NBP/2019
2019-07-05,3.7689,0.19,129/A/NBP/2019
2019-07-04,3.7618,0.06,128/A/NBP/2019
2019-07-03,3.7596,0.01,127/A/NBP/2019
2019-07-02,3.7593,0.44,126/A/NBP/2019
2019-07-01,3.743,0.25,125/A/NBP/2019
2019-06-28,3.7336,-0.24,124/A/NBP/2019
